Workbook

Sheet FinalTable
A1: Top 10 H. paniculata
A2: Rank (1 is best) | B2: Trademark.Cultivar | C2: Color | D2: Bloom Range | E2: Height (ft) | F2: Spread (ft) | G2: Sun | H2: Source | I2: Note
A3: 1 | B3: Pinky Winky | C3: Pink-white | D3: Jul - Sept | E3: 6 to 8 | F3: 5 to 6 | G3: Full sun to part shade | H3: https://www.missouribotanicalgarden.org
A4: 2 | B4: Quick Fire | C4: Pink | D4: Jul - Oct | E4: 6 to 8 | F4: 6 to 8 | G4: Sun to part shade | H4: https://www.petittigardencenter.com/quick-fire-a-panicle-hydrangea-variety-spotlight/ | I4: End bloom time wasn't available online; used our data for that
A5: 3 | B5: Dharuma | C5: White | D5: Jul - Sept | E5: 3 to 4 | F5: 3 to 4 | G5: Full sun to part shade | H5: https://www.northshoreplantclub.com/plant?id=7267
A6: 4 | B6: Green Spire | C6: Green-white | D6: Aug - Oct | E6: 6 to 10 | F6: 6 to 10 | G6: Full sun to part sun | H6: https://www.gardenia.net/plant/hydrangea-paniculata-greenspire | I6: Could not find a bloom time so used our own data for it
A7: 5 | B7: Kyushu | C7: White | D7: May - Oct | E7: 6 to 8 | F7: 6 to 8 | G7: Full sun to part shade | H7: https://www.chicagobotanic.org/plantcollections/plantfinder/hydrangea_paniculata_kyushu--kyushu_panicle_hydrangea and https://hydrangeasplus.com/products/hydrangea-paniculata-kyushu?srsltid=AfmBOoppDF-Qk1uw-TcabnNQSop8sVqaT7Z2uEnE51IyVpV1DF6uhEKi
A8: 6 | B8: Honey Comb | C8: White | D8: Jul - Oct | E8: 15 | F8: 7 | G8: Full sun to full shade | H8: http://plants.beechwood-gardens.com/12130013/Plant/16553/Honeycomb_Hydrangea/ | I8: Could not find exact bloom time, used our data
A9: 7 | B9: Brussels Lace | C9: White | D9: Jul - Oct | E9: 5 | F9: 6 | G9: Full sun to part shade | H9: https://www.chicagobotanic.org/plantcollections/plantfinder/hydrangea_paniculata_brussels_lace--brussels_lace_panicle_hydrangea
A10: 8 | B10: Pink Diamond | C10: Pink | D10: Jul - Sept | E10: 8 to 15 | F10: 8 to 15 | G10: Full sun to part shade | H10: https://www.missouribotanicalgarden.org
A11: 9 | B11: Great Star | C11: White | D11: Jul - Sept | E11: 6 to 7 | F11: 7 to 8 | G11: Full sun to part shade | H11: https://www.missouribotanicalgarden.org
A12: 10 | B12: Mega Pearl | C12: Pink-white | D12: Jul - Oct | E12: 6 to 8 | F12: 6 to 8 | G12: Full sun | H12: https://naturehills.com/products/hydrangea-mega-pearl?srsltid=AfmBOoqtkNbCaP9iB6-2A1Kswx4540onK_3L41O7YiUTRkcuVu7YItxr | I12: Could not find exact date so used our data
A14: Top 3 H. arborescens
A15: Rank (1 is best) | B15: Trademark.Cultivar | C15: Color | D15: Bloom Range | E15: Height (ft) | F15: Spread (ft) | G15: Sun | H15: Source | I15: Note
A16: 1 | B16: Haas Halo | C16: White | D16: Jun - July | E16: 7 | F16: 7 | G16: Full sun to full shade | H16: https://mtcubacenter.org/trials/wild-hydrangea-for-the-mid-atlantic-region/hydrangea-arborescens-haas-halo/
A17: 2 | B17: White Dome | C17: White | D17: Jun - Aug | E17: 3 to 5 | F17: 3 to 4 | G17: Part shade | H17: https://www.missouribotanicalgarden.org/PlantFinder/PlantFinderDetails.aspx?taxonid=264083&isprofile=0&
A18: 3 | B18: Incrediball | C18: White | D18: Jul - Aug | E18: 4 to 5 | F18: 4 to 5 | G18: Full sun to part sun | H18: https://www.thespruce.com/description-of-incrediball-hydrangeas-2132707 | I18: Could not find exact bloom time, used our data

Sheet TopVarieties
A1: Rank | B1: AvgTotal(LowerIsBetter) | C1: 2019_to_2021_TotalDayswInsectsRank | D1: 2019_to_2021_AvgSppRichnessRank | E1: TotalSppRichness/SeasonRank | F1: AvgInsectSppAbundanceRank | G1: shannon_index | H1: Trademark.Cultivar | I1: Species | J1: shannon_index (larger is better) | K1: Avg Insect Spp Abundance / plant / season | L1: Total Spp. Insect richness / season | M1: 2019_to_2021_AvgSppRichness | N1: 2019_to_2021_TotalDays_w_Insects | O1: Flower type | P1: Color | Q1: BloomStart | R1: BloomEnd | S1: Height (ft) | T1: Spread (ft) | U1: Sun | V1: Water | W1: Maintenance | X1: Source | Y1: Note
A2: 1 | B2: =SUM(C2:G2)/5 -> 3.2 | C2: 2 | D2: 3 | E2: 3 | F2: 6 | G2: 2 | H2: Pinky Winky | I2: Hydrangea paniculata | J2: 1.112 | K2: 40 | L2: 9 | M2: 3.7 | N2: 25 | O2: Lacy panicle | P2: Pink-white | Q2: 44013 | R2: 44075 | S2: 6 to 8 | T2: 5 to 6 | U2: Full sun to part shade | V2: Medium | W2: Medium | X2: https://www.missouribotanicalgarden.org
A3: 2 | B3: =SUM(C3:G3)/5 -> 3.4 | C3: 3 | D3: 3 | E3: 8 | F3: 1 | G3: 2 | H3: Green Spire | I3: Hydrangea paniculata | J3: 1.15 | K3: 80 | L3: 4 | M3: 3.52 | N3: 23 | O3: Lacy panicle | P3: Green-white | Q3: 44044 | R3: 44105 | S3: 6 to 10 | T3: 6 to 10 | U3: Full sun to part sun | V3: Medium | W3: Low | X3: https://www.gardenia.net/plant/hydrangea-paniculata-greenspire | Y3: Could not find a bloom time so used our own data for it
A4: 3 | B4: =SUM(C4:G4)/5 -> 4 | C4: 1 | D4: 3 | E4: 3 | F4: 11 | G4: 2 | H4: Quick Fire | I4: Hydrangea paniculata | J4: 1.423 | K4: 26 | L4: 9 | M4: 3.75 | N4: 33 | O4: Lacy panicle | P4: Pink | Q4: 44013 | R4: 44105 | S4: 6 to 8 | T4: 6 to 8 | U4: Sun to part shade | W4: N/A | X4: https://www.petittigardencenter.com/quick-fire-a-panicle-hydrangea-variety-spotlight/ | Y4: End bloom time wasn't available online; used our data for that
A5: 4 | B5: =SUM(C5:G5)/5 -> 4.2 | C5: 6 | D5: 3 | E5: 7 | F5: 3 | G5: 2 | H5: Kyushu | I5: Hydrangea paniculata | J5: 1.441 | K5: 54 | L5: 5 | M5: 3.52 | N5: 19 | O5: Lacy panicle | P5: White | Q5: 43952 | R5: 44105 | S5: 6 to 8 | T5: 6 to 8 | U5: Full sun to part shade | V5: Medium | W5: N/A | X5: https://www.chicagobotanic.org/plantcollections/plantfinder/hydrangea_paniculata_kyushu--kyushu_panicle_hydrangea and https://hydrangeasplus.com/products/hydrangea-paniculata-kyushu?srsltid=AfmBOoppDF-Qk1uw-TcabnNQSop8sVqaT7Z2uEnE51IyVpV1DF6uhEKi
A6: 5 | B6: =SUM(C6:G6)/2 -> 4.5 | C6: 6 | D6: 3 | E6: NA | F6: NA | G6: NA | H6: Late / Tardiva | I6: Hydrangea paniculata | J6: NA | M6: 3.56 | N6: 19 | O6: Lacy panicle | P6: White | Q6: 44013 | R6: 44075 | S6: 8 to 12 | T6: 7 to 10 | U6: Full sun to part shade | V6: Medium | W6: Medium | X6: https://www.missouribotanicalgarden.org/PlantFinder/PlantFinderDetails.aspx?kempercode=d360
A7: 6 | B7: =SUM(C7:G7)/5 -> 4.6 | C7: 6 | D7: 4 | E7: 7 | F7: 5 | G7: 1 | H7: Brussels Lace | I7: Hydrangea paniculata | J7: 1.58 | K7: 43 | L7: 5 | M7: 3.46 | N7: 19 | O7: Lacy panicle | P7: White | Q7: 44013 | R7: 44105 | S7: 5 | T7: 6 | U7: Full sun to part shade | V7: Medium high | W7: N/A | X7: https://www.chicagobotanic.org/plantcollections/plantfinder/hydrangea_paniculata_brussels_lace--brussels_lace_panicle_hydrangea
A8: 6 | B8: =SUM(C8:G8)/5 -> 4.6 | C8: 7 | D8: 5 | E8: 8 | F8: 2 | G8: 1 | H8: Pink Diamond | I8: Hydrangea paniculata | J8: 1.561 | K8: 66 | L8: 4 | M8: 2.9 | N8: 17 | O8: Lacy panicle | P8: Pink | Q8: 44013 | R8: 44075 | S8: 8 to 15 | T8: 8 to 15 | U8: Full sun to part shade | V8: Medium | W8: Medium | X8: https://www.missouribotanicalgarden.org
A9: 6 | B9: =SUM(C9:G9)/3 -> 4.6666667 | C9: NA | D9: NA | E9: 8 | F9: 3 | G9: 3 | H9: White Dome | I9: Hydrangea arborescens | J9: 0.753 | K9: 54 | L9: 4 | O9: Lacy | P9: White | Q9: 43983 | R9: 44044 | S9: 3 to 5 | T9: 3 to 4 | U9: Part shade | V9: Medium | W9: Low | X9: https://www.missouribotanicalgarden.org/PlantFinder/PlantFinderDetails.aspx?taxonid=264083&isprofile=0&
A10: 7 | B10: =SUM(C10:G10)/5 -> 4.8 | C10: 11 | D10: 1 | E10: 4 | F10: 5 | G10: 3 | H10: Dharuma | I10: Hydrangea paniculata | J10: =0.807 -> 0.807 | K10: 43 | L10: 8 | M10: 7.17 | N10: 12 | O10: Lacy panicle | P10: White | Q10: 44013 | R10: 44075 | S10: 3 to 4 | T10: 3 to 4 | U10: Full sun to part shade | V10: Medium | W10: N/A | X10: https://www.northshoreplantclub.com/plant?id=7267
A11: 8 | B11: =SUM(C11:G11)/5 -> 5.2 | C11: 8 | D11: 3 | E11: 8 | F11: 4 | G11: 3 | H11: Honey Comb | I11: Hydrangea paniculata | J11: 0.979 | K11: 50 | L11: 4 | M11: 3.76 | N11: 16 | O11: Lacy panicle | P11: White | Q11: 44013 | R11: 44105 | S11: 15 | T11: 7 | U11: Full sun to full shade | V11: N/A | W11: Medium | X11: http://plants.beechwood-gardens.com/12130013/Plant/16553/Honeycomb_Hydrangea/ | Y11: Could not find exact bloom time, used our data
A12: 9 | B12: =SUM(C12:G12)/3 -> 5.3333333 | C12: NA | D12: NA | E12: 5 | F12: 8 | G12: 3 | H12: Haas Halo | I12: Hydrangea arborescens | J12: 0.596 | K12: 36 | L12: 7 | O12: Lacy | P12: White | Q12: 43983 | R12: 44013 | S12: 7 | T12: 7 | U12: Full sun to full shade | V12: N/A | W12: N/A | X12: https://mtcubacenter.org/trials/wild-hydrangea-for-the-mid-atlantic-region/hydrangea-arborescens-haas-halo/
A13: 10 | B13: =SUM(C13:G13)/5 -> 5.6 | C13: 5 | D13: 4 | E13: 5 | F13: 12 | G13: 2 | H13: Great Star | I13: Hydrangea paniculata | J13: 1.15 | K13: 25.5 | L13: 7 | M13: 3.08 | N13: 20 | O13: Lacy panicle | P13: White | Q13: 44013 | R13: 44075 | S13: 6 to 7 | T13: 7 to 8 | U13: Full sun to part shade | V13: Medium | W13: Medium | X13: https://www.missouribotanicalgarden.org
A14: 11 | B14: =SUM(C14:G14)/5 -> 5.8 | C14: 9 | D14: 5 | E14: 4 | F14: 9 | G14: 2 | H14: Mega Pearl | I14: Hydrangea paniculata | J14: 1.156 | K14: 35 | L14: 8 | M14: 2.05 | N14: 14 | O14: Mop-like panicle | P14: Pink-white | Q14: 44013 | R14: 44105 | S14: 6 to 8 | T14: 6 to 8 | U14: Full sun | V14: Medium | W14: N/A | X14: https://naturehills.com/products/hydrangea-mega-pearl?srsltid=AfmBOoqtkNbCaP9iB6-2A1Kswx4540onK_3L41O7YiUTRkcuVu7YItxr | Y14: Could not find exact date so used our data
A15: 12 | B15: =SUM(C15:G15)/5 -> 6.4 | C15: 15 | D15: 6 | E15: 2 | F15: 7 | G15: 2 | H15: Strawberry Sundae | I15: Hydrangea paniculata | J15: 1.17 | K15: 37 | L15: 11 | M15: 1 | N15: 2 | O15: Mop-like panicle | P15: Pink-white | Q15: 44013 | R15: 44075 | S15: 4 to 5 | T15: 3 to 4 | U15: Full sun to part sun | V15: Medium | W15: N/A | X15: https://www.southernliving.com/garden/flowers/strawberry-sundae-hydrangea
A16: 13 | B16: =SUM(C16:G16)/5 -> 6.6 | C16: 6 | D16: 3 | E16: 8 | F16: 14 | G16: 2 | H16: Floribunda | I16: Hydrangea paniculata | J16: 1.03 | K16: 19 | L16: 4 | M16: 4 | N16: 19 | O16: Lacy panicle | P16: White | Q16: 44044 | R16: 44105 | S16: 8 to 13 | T16: 5 to 8 | U16: Full sun to part shade | V16: Moist but well-drained | W16: N/A | X16: https://www.rhs.org.uk/plants/98580/hydrangea-paniculata-floribunda/details | Y16: Could not find a bloom time so used our own data for it
A17: 14 | B17: =SUM(C17:G17)/5 -> 6.8 | C17: 4 | D17: 2 | E17: 9 | F17: 16 | G17: 3 | H17: Big Ben | I17: Hydrangea paniculata | J17: 0.928 | K17: 15 | L17: 1 | M17: 5.34 | N17: 22 | O17: Lacy panicle | P17: White | Q17: 44044 | R17: 44136 | S17: 19 | T17: 10 | U17: Full sun to full shade | V17: Medium | W17: Medium | X17: http://plants.beechwood-gardens.com/12130013/Plant/11837/Big_Ben_Hydrangea/
A18: 15 | B18: =SUM(C18:G18)/5 -> 7 | C18: 14 | D18: 6 | E18: 1 | F18: 12 | G18: 2 | H18: Fire Light | I18: Hydrangea paniculata | J18: 1.113 | K18: 25 | L18: 15 | M18: 1.33 | N18: 4 | O18: Mop-like panicle | P18: Pink | Q18: 44014 | R18: 44075 | S18: 6 to 8 | T18: 6 to 8 | U18: Sun to part shade | V18: N/A | W18: N/A | X18: https://www.whiteflowerfarm.com/63163-product.html
A19: 15 | B19: =SUM(C19:G19)/5 -> 7 | C19: 12 | D19: 5 | E19: 6 | F19: 10 | G19: 2 | H19: Ruby / Angel's Blush | I19: Hydrangea paniculata | J19: 1.214 | K19: 31.5 | L19: 6 | M19: 2.27 | N19: 11 | O19: Mop-like panicle | P19: Pink | Q19: 44013 | R19: 44105 | S19: 8 to 12 | T19: 6 to 10 | U19: Full sun to part sun | V19: N/A | W19: N/A | X19: https://www.monrovia.com/angels-blush-hydrangea.html?srsltid=AfmBOorQcKnkdvItwFKmF1ruxmKdZTR2EsF7335iSOcWRE1LpMs9XAxD | Y19: Exact dates weren't available so used our data
A20: 16 | B20: =SUM(C20:G20)/5 -> 7.2 | C20: 11 | D20: 4 | E20: 6 | F20: 13 | G20: 2 | H20: Little Quick Fire | I20: Hydrangea paniculata | J20: 1.202 | K20: 20.5 | L20: 6 | M20: 3.39 | N20: 12 | O20: Lacy panicle | P20: Pink | Q20: 44013 | R20: 44105 | S20: 3 to 5 | T20: 3 to 5 | U20: Full sun to part sun | V20: Medium | W20: N/A | X20: https://hydrangea.com/products/little-quick-fire-panicle-hydrangea?srsltid=AfmBOooNVO-RW1s19arvwHK3wJkCyUnjN03YejaKTVPZG5GIOhFAuDJd
A21: 16 | B21: =SUM(C21:G21)/5 -> 7.2 | C21: 13 | D21: 5 | E21: 4 | F21: 11 | G21: 3 | H21: Phantom | I21: Hydrangea paniculata | J21: 0.9 | K21: 26.5 | L21: 8 | M21: 2 | N21: 8 | O21: Mop-like panicle | P21: White | Q21: 44013 | R21: 44105 | S21: 6 | T21: 6 | U21: Full sun to part shade | V21: Medium | W21: N/A | X21: https://www.chicagobotanic.org/plantcollections/plantfinder/hydrangea_paniculata_phantom--phantom_panicle_hydrangea
A22: 17 | B22: =SUM(C22:G22)/3 -> 7.3333333 | C22: NA | D22: NA | E22: 4 | F22: 15 | G22: 3 | H22: Candy Apple | I22: Hydrangea paniculata | J22: 0.98 | K22: 16 | L22: 8 | O22: Mop-like panicle | P22: White | Q22: 43983 | R22: 44136 | S22: 5 | T22: 5 | U22: Full sun to full shade | W22: N/A | X22: https://www.gertens.com/candy-apple-hydrangea
A23: 18 | B23: =SUM(C23:G23)/3 -> 8.6666667 | C23: NA | D23: NA | E23: 4 | F23: 18 | G23: 4 | H23: Incrediball | I23: Hydrangea arborescens | J23: 0.419 | K23: 4 | L23: 8 | O23: Mop | P23: White | Q23: 44013 | R23: 44044 | S23: 4 to 5 | T23: 4 to 5 | U23: Full sun to part sun | V23: N/A | W23: N/A | X23: https://www.thespruce.com/description-of-incrediball-hydrangeas-2132707 | Y23: Could not find exact bloom time, used our data
A24: 19 | B24: =SUM(C24:G24)/5 -> 8.8 | C24: 10 | D24: 5 | E24: 8 | F24: 17 | G24: 4 | H24: Baby Lace | I24: Hydrangea paniculata | J24: 0.333 | K24: 14 | L24: 4 | M24: 2.2 | N24: =13 -> 13 | O24: Lacy panicle | P24: White | Q24: 44013 | R24: 44075 | S24: 3 to 4 | T24: 3 to 4 | U24: Full sun to part shade | V24: Medium | W24: Medium | X24: https://www.missouribotanicalgarden.org
A25: 19 | B25: =SUM(C25:G25)/5 -> 8.8 | C25: 16 | D25: 6 | E25: 3 | F25: 16 | G25: 3 | H25: Strawberry Shake | I25: Hydrangea paniculata | J25: 0.632 | K25: 15 | L25: 9 | M25: 1 | N25: 1 | O25: Mop-like panicle | P25: Pink-white | Q25: 44013 | R25: 44044 | S25: 4 to 5 | T25: 4 | U25: Full sun to part shade | V25: N/A | W25: N/A | X25: https://www.monrovia.com/strawberry-shake-hydrangea.html?srsltid=AfmBOorS12CObULKHM2qOzTYRexOuJVz_6ejDoI829IMDzQKGfBb2NOQ | Y25: Exact dates weren't available so used our data
I26: AVERAGE | J26: =AVERAGE(J2:J25) -> 1.0273478 | K26: =AVERAGE(K2:K25) -> 33.73913 | L26: =AVERAGE(L2:L25) -> 6.6956522 | M26: =AVERAGE(M2:M25) -> 3.15 | N26: =AVERAGE(N2:N25) -> 15.45

Sheet TopVarietiesforPCA
A1: Trademark.Cultivar | B1: shannon_index (larger is better) | C1: Avg Insect Spp Abundance / plant / season | D1: Total Spp. Insect richness / season | E1: 2019_to_2021_AvgSppRichness | F1: 2019_to_2021_TotalDays_w_Insects | G1: Flower type | H1: Color | I1: BloomStart | J1: BloomEnd | K1: Height (ft) | L1: Spread (ft) | M1: Sun | N1: Water | O1: Maintenance | P1: Source | Q1: Note
A2: Baby Lace | B2: 0.333 | C2: 14 | D2: 4 | E2: 2.2 | F2: =13 -> 13 | G2: Lacy panicle | H2: White | I2: 44013 | J2: 44075 | K2: 3 to 4 | L2: 3 to 4 | M2: Full sun to part shade | N2: Medium | O2: Medium | P2: https://www.missouribotanicalgarden.org
A3: Big Ben | B3: 0.928 | C3: 15 | D3: 1 | E3: 5.34 | F3: 22 | G3: Lacy panicle | H3: White | I3: 44044 | J3: 44136 | K3: 19 | L3: 10 | M3: Full sun to full shade | N3: Medium | O3: Medium | P3: http://plants.beechwood-gardens.com/12130013/Plant/11837/Big_Ben_Hydrangea/
A4: Brussels Lace | B4: 1.58 | C4: 43 | D4: 5 | E4: 3.46 | F4: 19 | G4: Lacy panicle | H4: White | I4: 44013 | J4: 44105 | K4: 5 | L4: 6 | M4: Full sun to part shade | N4: Medium high | O4: N/A | P4: https://www.chicagobotanic.org/plantcollections/plantfinder/hydrangea_paniculata_brussels_lace--brussels_lace_panicle_hydrangea
A5: Candy Apple | B5: 0.98 | C5: 16 | D5: 8 | E5: 3.425 | F5: 16.5 | G5: Mop-like panicle | H5: White | I5: 43983 | J5: 44136 | K5: 5 | L5: 5 | M5: Full sun to full shade | O5: N/A | P5: https://www.gertens.com/candy-apple-hydrangea
A6: Dharuma | B6: =0.807 -> 0.807 | C6: 43 | D6: 8 | E6: 7.17 | F6: 12 | G6: Lacy panicle | H6: White | I6: 44013 | J6: 44075 | K6: 3 to 4 | L6: 3 to 4 | M6: Full sun to part shade | N6: Medium | O6: N/A | P6: https://www.northshoreplantclub.com/plant?id=7267
A7: Fire Light | B7: 1.113 | C7: 25 | D7: 15 | E7: 1.33 | F7: 4 | G7: Mop-like panicle | H7: Pink | I7: 44014 | J7: 44075 | K7: 6 to 8 | L7: 6 to 8 | M7: Sun to part shade | N7: N/A | O7: N/A | P7: https://www.whiteflowerfarm.com/63163-product.html
A8: Floribunda | B8: 1.03 | C8: 19 | D8: 4 | E8: 4 | F8: 19 | G8: Lacy panicle | H8: White | I8: 44044 | J8: 44105 | K8: 8 to 13 | L8: 5 to 8 | M8: Full sun to part shade | N8: Moist but well-drained | O8: N/A | P8: https://www.rhs.org.uk/plants/98580/hydrangea-paniculata-floribunda/details | Q8: Could not find a bloom time so used our own data for it
A9: Great Star | B9: 1.15 | C9: 25.5 | D9: 7 | E9: 3.08 | F9: 20 | G9: Lacy panicle | H9: White | I9: 44013 | J9: 44075 | K9: 6 to 7 | L9: 7 to 8 | M9: Full sun to part shade | N9: Medium | O9: Medium | P9: https://www.missouribotanicalgarden.org
A10: Green Spire | B10: 1.15 | C10: 80 | D10: 4 | E10: 3.52 | F10: 23 | G10: Lacy panicle | H10: Green-white | I10: 44044 | J10: 44105 | K10: 6 to 10 | L10: 6 to 10 | M10: Full sun to part sun | N10: Medium | O10: Low | P10: https://www.gardenia.net/plant/hydrangea-paniculata-greenspire | Q10: Could not find a bloom time so used our own data for it
A11: Haas Halo | B11: 0.596 | C11: 36 | D11: 7 | E11: 3.425 | F11: 16.5 | G11: Lacy | H11: White | I11: 43983 | J11: 44013 | K11: 7 | L11: 7 | M11: Full sun to full shade | N11: N/A | O11: N/A | P11: https://mtcubacenter.org/trials/wild-hydrangea-for-the-mid-atlantic-region/hydrangea-arborescens-haas-halo/
A12: Honey Comb | B12: 0.979 | C12: 50 | D12: 4 | E12: 3.76 | F12: 16 | G12: Lacy panicle | H12: White | I12: 44013 | J12: 44105 | K12: 15 | L12: 7 | M12: Full sun to full shade | N12: N/A | O12: Medium | P12: http://plants.beechwood-gardens.com/12130013/Plant/16553/Honeycomb_Hydrangea/ | Q12: Could not find exact bloom time, used our data
A13: Incrediball | B13: 0.419 | C13: 4 | D13: 8 | E13: 3.425 | F13: 16.5 | G13: Mop | H13: White | I13: 44013 | J13: 44044 | K13: 4 to 5 | L13: 4 to 5 | M13: Full sun to part sun | N13: N/A | O13: N/A | P13: https://www.thespruce.com/description-of-incrediball-hydrangeas-2132707 | Q13: Could not find exact bloom time, used our data
A14: Kyushu | B14: 1.441 | C14: 54 | D14: 5 | E14: 3.52 | F14: 19 | G14: Lacy panicle | H14: White | I14: 43952 | J14: 44105 | K14: 6 to 8 | L14: 6 to 8 | M14: Full sun to part shade | N14: Medium | O14: N/A | P14: https://www.chicagobotanic.org/plantcollections/plantfinder/hydrangea_paniculata_kyushu--kyushu_panicle_hydrangea and https://hydrangeasplus.com/products/hydrangea-paniculata-kyushu?srsltid=AfmBOoppDF-Qk1uw-TcabnNQSop8sVqaT7Z2uEnE51IyVpV1DF6uhEKi
A15: Late / Tardiva | B15: 1.112 | C15: 31.5 | D15: 7 | E15: 3.56 | F15: 19 | G15: Lacy panicle | H15: White | I15: 44013 | J15: 44075 | K15: 8 to 12 | L15: 7 to 10 | M15: Full sun to part shade | N15: Medium | O15: Medium | P15: https://www.missouribotanicalgarden.org/PlantFinder/PlantFinderDetails.aspx?kempercode=d360
A16: Little Quick Fire | B16: 1.202 | C16: 20.5 | D16: 6 | E16: 3.39 | F16: 12 | G16: Lacy panicle | H16: Pink | I16: 44013 | J16: 44105 | K16: 3 to 5 | L16: 3 to 5 | M16: Full sun to part sun | N16: Medium | O16: N/A | P16: https://hydrangea.com/products/little-quick-fire-panicle-hydrangea?srsltid=AfmBOooNVO-RW1s19arvwHK3wJkCyUnjN03YejaKTVPZG5GIOhFAuDJd
A17: Mega Pearl | B17: 1.156 | C17: 35 | D17: 8 | E17: 2.05 | F17: 14 | G17: Mop-like panicle | H17: Pink-white | I17: 44013 | J17: 44105 | K17: 6 to 8 | L17: 6 to 8 | M17: Full sun | N17: Medium | O17: N/A | P17: https://naturehills.com/products/hydrangea-mega-pearl?srsltid=AfmBOoqtkNbCaP9iB6-2A1Kswx4540onK_3L41O7YiUTRkcuVu7YItxr | Q17: Could not find exact date so used our data
A18: Phantom | B18: 0.9 | C18: 26.5 | D18: 8 | E18: 2 | F18: 8 | G18: Mop-like panicle | H18: White | I18: 44013 | J18: 44105 | K18: 6 | L18: 6 | M18: Full sun to part shade | N18: Medium | O18: N/A | P18: https://www.chicagobotanic.org/plantcollections/plantfinder/hydrangea_paniculata_phantom--phantom_panicle_hydrangea
A19: Pink Diamond | B19: 1.561 | C19: 66 | D19: 4 | E19: 2.9 | F19: 17 | G19: Lacy panicle | H19: Pink | I19: 44013 | J19: 44075 | K19: 8 to 15 | L19: 8 to 15 | M19: Full sun to part shade | N19: Medium | O19: Medium | P19: https://www.missouribotanicalgarden.org
A20: Pinky Winky | B20: 1.112 | C20: 40 | D20: 9 | E20: 3.7 | F20: 25 | G20: Lacy panicle | H20: Pink-white | I20: 44013 | J20: 44075 | K20: 6 to 8 | L20: 5 to 6 | M20: Full sun to part shade | N20: Medium | O20: Medium | P20: https://www.missouribotanicalgarden.org
A21: Quick Fire | B21: 1.423 | C21: 26 | D21: 9 | E21: 3.75 | F21: 33 | G21: Lacy panicle | H21: Pink | I21: 44013 | J21: 44105 | K21: 6 to 8 | L21: 6 to 8 | M21: Sun to part shade | O21: N/A | P21: https://www.petittigardencenter.com/quick-fire-a-panicle-hydrangea-variety-spotlight/ | Q21: End bloom time wasn't available online; used our data for that
A22: Ruby / Angel's Blush | B22: 1.214 | C22: 31.5 | D22: 6 | E22: 2.27 | F22: 11 | G22: Mop-like panicle | H22: Pink | I22: 44013 | J22: 44105 | K22: 8 to 12 | L22: 6 to 10 | M22: Full sun to part sun | N22: N/A | O22: N/A | P22: https://www.monrovia.com/angels-blush-hydrangea.html?srsltid=AfmBOorQcKnkdvItwFKmF1ruxmKdZTR2EsF7335iSOcWRE1LpMs9XAxD | Q22: Exact dates weren't available so used our data
A23: Strawberry Shake | B23: 0.632 | C23: 15 | D23: 9 | E23: 1 | F23: 1 | G23: Mop-like panicle | H23: Pink-white | I23: 44013 | J23: 44044 | K23: 4 to 5 | L23: 4 | M23: Full sun to part shade | N23: N/A | O23: N/A | P23: https://www.monrovia.com/strawberry-shake-hydrangea.html?srsltid=AfmBOorS12CObULKHM2qOzTYRexOuJVz_6ejDoI829IMDzQKGfBb2NOQ | Q23: Exact dates weren't available so used our data
A24: Strawberry Sundae | B24: 1.17 | C24: 37 | D24: 11 | E24: 1 | F24: 2 | G24: Mop-like panicle | H24: Pink-white | I24: 44013 | J24: 44075 | K24: 4 to 5 | L24: 3 to 4 | M24: Full sun to part sun | N24: Medium | O24: N/A | P24: https://www.southernliving.com/garden/flowers/strawberry-sundae-hydrangea
A25: White Dome | B25: 0.753 | C25: 54 | D25: 4 | E25: 3.425 | F25: 16.5 | G25: Lacy | H25: White | I25: 43983 | J25: 44044 | K25: 3 to 5 | L25: 3 to 4 | M25: Part shade | N25: Medium | O25: Low | P25: https://www.missouribotanicalgarden.org/PlantFinder/PlantFinderDetails.aspx?taxonid=264083&isprofile=0&

Sheet AllVarieties
A1: Trademark.Cultivar | B1: shannon_index (larger is better) | C1: Avg Insect Spp Abundance / plant / season | D1: Total Spp. Insect richness / season | E1: 2019_TotalDays_w_Insects | F1: Flower type | G1: Color | H1: BloomStart | I1: BloomEnd | J1: BloomTime | K1: Height (ft) | L1: Spread (ft) | M1: Sun | N1: Water | O1: Maintenance | P1: Species | Q1: Note | R1: Source
A2: Annabelle | B2: 0.6931472 | C2: 4 | D2: 2 | E2: 3 | F2: Mop | G2: White | H2: 43983 | I2: 44075 | J2: June - Sept | K2: 3 to 5 | L2: 4 to 6 | M2: Part shade | O2: Low | P2: Hydrangea arborescens | Q2: Days blooming 2019 data not available; used median | R2: https://www.missouribotanicalgarden.org
A3: Baby Lace | B3: 0.3330448 | C3: 14 | D3: 4 | E3: 2 | F3: Lacy panicle | G3: White | H3: 44013 | I3: 44075 | J3: July - Sept | K3: 3 to 4 | L3: 3 to 4 | M3: Full sun to part shade | N3: Medium | O3: Medium | P3: Hydrangea paniculata | R3: https://www.missouribotanicalgarden.org
A4: Bella Anna | B4: 0 | C4: 2 | D4: 3 | E4: 3 | F4: Mop | G4: Pink | J4: July - Sept | K4: 2 to 3 | L4: 2 to 3 | M4: Part sun | N4: Medium | P4: Hydrangea arborescens | Q4: Days blooming 2019 data not available; used median | R4: https://www.missouribotanicalgarden.org/PlantFinder/PlantFinderDetails.aspx?taxonid=274487&isprofile=0&gen=Hydrangea%25&z=6
A5: Berry White | B5: 0.8958797 | C5: 5 | D5: 2 | E5: 3 | F5: Mop | G5: Pink | J5: July - Sept | K5: 4 to 5 | L5: 4 to 5 | M5: Sun to part shade | P5: Hydrangea paniculata | Q5: Days blooming 2019 data not available; used median
A6: Big Ben | B6: 0.9276173 | C6: 15 | D6: 1 | E6: 7 | F6: Lacy panicle | G6: White | H6: 44044 | I6: 44136 | J6: Aug - Oct | K6: 19 | L6: 10 | M6: Full sun to full shade | N6: Medium | O6: Medium | P6: Hydrangea paniculata | R6: http://plants.beechwood-gardens.com/12130013/Plant/11837/Big_Ben_Hydrangea/
A7: Bobo | B7: 1.0126113 | C7: 14 | D7: 5 | E7: 3 | F7: Mop-like panicle | G7: White | J7: Aug - Oct | K7: 2.5 - 3 | L7: 3 to 4 | M7: Sun to part sun | O7: Easy | P7: Hydrangea paniculata | Q7: Bloom time a guess; they just said midsummer to fall/ Days blooming 2019 data not available; used median | R7: https://www.provenwinners.com/plants/hydrangea/bobo-panicle-hydrangea-hydrangea-paniculata
A8: Bounty | B8: 0.6931472 | C8: 8 | D8: 3 | E8: 3 | F8: Mop | G8: Green-white | J8: June - July | K8: 5 | L8: 8 | M8: Sun to shade | O8: N/A | P8: Hydrangea arborescens | Q8: Days blooming 2019 data not available; used median | R8: https://mtcubacenter.org/trials/wild-hydrangea-for-the-mid-atlantic-region/hydrangea-arborescens-bounty/
A9: Brussels Lace | B9: 1.579459 | C9: 43 | D9: 5 | E9: 4 | F9: Lacy panicle | G9: White | H9: 44013 | I9: 44105 | J9: July - Oct | K9: 5 | L9: 6 | M9: Full sun to part shade | N9: Medium high | O9: N/A | P9: Hydrangea paniculata | R9: https://www.chicagobotanic.org/plantcollections/plantfinder/hydrangea_paniculata_brussels_lace--brussels_lace_panicle_hydrangea
A10: Candy Apple | B10: 0.9802899 | C10: 16 | D10: 8 | E10: 3 | F10: Mop-like panicle | G10: White | H10: 43983 | I10: 44136 | J10: June - Oct | K10: 5 | L10: 5 | M10: Full sun to full shade | O10: N/A | P10: Hydrangea paniculata | Q10: Days blooming 2019 data not available; used median | R10: https://www.gertens.com/candy-apple-hydrangea
A11: Daimond Rogue | B11: 0.6516739 | C11: 13 | D11: 4 | E11: 3 | F11: Mop-like panicle | G11: Pink-white | J11: Aug - Oct | K11: 4 to 5 | L11: 3 to 4 | M11: Full sun to part shade | O11: Easy | P11: Hydrangea paniculata | R11: https://firsteditionsplants.com/product/diamond-rouge-panicle-hydrangea/; https://www.gardenia.net/plant/hydrangea-paniculata-diamond-rouge
A12: Dharuma | B12: 0.8397249 | C12: 43 | D12: 8 | E12: 3 | F12: Lacy panicle | G12: White | H12: 44013 | I12: 44075 | J12: July - Sept | K12: 3 to 4 | L12: 3 to 4 | M12: Full sun to part shade | N12: Medium | O12: N/A | P12: Hydrangea paniculata | R12: https://www.northshoreplantclub.com/plant?id=7267
A13: Dolly | B13: 1.2569249 | C13: 25 | D13: 3 | E13: 1 | F13: Lacy panicle | G13: White | J13: Aug - Oct | K13: 5 to 8 | L13: 5 to 8 | M13: Full sun to partial shade | P13: Hydrangea paniculata | R13: https://www.rhs.org.uk/plants/177811/hydrangea-paniculata-dolly/details
A14: Early Evolution | B14: 0.1732868 | C14: 1.5 | D14: 4 | E14: 3 | F14: Lacy panicle | G14: Pink-white | J14: June - Nov | K14: 2 | L14: 2 | M14: Full sun to partial sun | N14: Moist but well-drained | O14: Easy | P14: Hydrangea paniculata | Q14: Days blooming 2019 data not available; used median | R14: https://www.waysidegardens.com/hydrangea-early-evolution-panicle-hydrangea-29895.html?srsltid=AfmBOoplMCVMM8O1mXoJVVWgNctuiqsXnHFi1Uw9h6XKAItY9-yi0uix
A15: Fire & Ice | B15: 1.8356357 | C15: 36 | D15: 3 | E15: 1 | F15: Lacy panicle | G15: Pink-white | J15: June - July | K15: 3 to 5 | L15: 3 to 4 | M15: Partial sun | O15: Easy | P15: Hydrangea paniculata | R15: https://www.ballseed.com/PlantInfo/?phid=034001085020985
A16: Fire Light | B16: 1.1404776 | C16: 25 | D16: 15 | E16: 1 | F16: Mop-like panicle | G16: Pink | H16: 44014 | I16: 44075 | J16: July - Sept | K16: 6 to 8 | L16: 6 to 8 | M16: Sun to part shade | N16: N/A | O16: N/A | P16: Hydrangea paniculata | R16: https://www.whiteflowerfarm.com/63163-product.html
A17: Floribunda | B17: 1.1065032 | C17: 19 | D17: 4 | E17: 5 | F17: Lacy panicle | G17: White | H17: 44044 | I17: 44105 | J17: Aug - Oct | K17: 8 to 13 | L17: 5 to 8 | M17: Full sun to part shade | N17: Moist but well-drained | O17: N/A | P17: Hydrangea paniculata | R17: https://www.rhs.org.uk/plants/98580/hydrangea-paniculata-floribunda/details
A18: Great Star | B18: 1.1731406 | C18: 25.5 | D18: 7 | E18: 7 | F18: Lacy panicle | G18: White | H18: 44013 | I18: 44075 | J18: July - Sept | K18: 6 to 7 | L18: 7 to 8 | M18: Full sun to part shade | N18: Medium | O18: Medium | P18: Hydrangea paniculata | R18: https://www.missouribotanicalgarden.org
A19: Green Spire | B19: 1.2637924 | C19: 80 | D19: 4 | E19: 3 | F19: Lacy panicle | G19: Green-white | H19: 44044 | I19: 44105 | J19: Aug - Oct | K19: 6 to 10 | L19: 6 to 10 | M19: Full sun to part sun | N19: Medium | O19: Low | P19: Hydrangea paniculata | Q19: Could not find a bloom time so used our own data for it | R19: https://www.gardenia.net/plant/hydrangea-paniculata-greenspire
A20: Haas Halo | B20: 0.5959298 | C20: 36 | D20: 7 | E20: 3 | F20: Lacy | G20: White | H20: 43983 | I20: 44013 | J20: June - July | K20: 7 | L20: 7 | M20: Full sun to full shade | N20: N/A | O20: N/A | P20: Hydrangea arborescens | Q20: Days blooming 2019 data not available; used median | R20: https://mtcubacenter.org/trials/wild-hydrangea-for-the-mid-atlantic-region/hydrangea-arborescens-haas-halo/
A21: Hayes Starburst | B21: 0 | C21: 2 | D21: 1 | E21: 3 | F21: Mop | G21: White | J21: June - Sept | K21: 2 to 4 | L21: 2 to 4 | M21: Part shade | N21: Medium | O21: Low | P21: Hydrangea arborescens | Q21: Days blooming 2019 data not available; used median | R21: https://www.missouribotanicalgarden.org/PlantFinder/PlantFinderDetails.aspx?taxonid=299175&isprofile=0&
A22: Honey Comb | B22: 0.9788602 | C22: 50 | D22: 4 | E22: 4 | F22: Lacy panicle | G22: White | H22: 44013 | I22: 44105 | J22: July - Oct | K22: 15 | L22: 7 | M22: Full sun to full shade | N22: N/A | O22: Medium | P22: Hydrangea paniculata | Q22: Could not find exact bloom time, used our data | R22: http://plants.beechwood-gardens.com/12130013/Plant/16553/Honeycomb_Hydrangea/
A23: Incrediball | B23: 0.4193734 | C23: 4 | D23: 8 | E23: 3 | F23: Mop | G23: White | H23: 44013 | I23: 44044 | J23: July - Aug | K23: 4 to 5 | L23: 4 to 5 | M23: Full sun to part sun | N23: N/A | O23: N/A | P23: Hydrangea arborescens | Q23: Could not find exact bloom time, used our data/ Days blooming 2019 data not available; used median | R23: https://www.thespruce.com/description-of-incrediball-hydrangeas-2132707
A24: Incredibelle Ruby | B24: 0.6648307 | C24: 6 | D24: 2 | E24: 3 | F24: Mop | G24: White | J24: June - Aug | K24: 4 to 5 | L24: 4 to 5 | M24: Full sun to part sun | N24: Medium | O24: Easy | P24: Hydrangea arborescens | Q24: Days blooming 2019 data not available; used median | R24: https://www.provenwinners.com/plants/hydrangea/incrediball-smooth-hydrangea-hydrangea-arborescens
A25: Invincibelle Mini Mauvette | B25: 0 | C25: 0 | D25: 1 | E25: 3 | F25: Mop | G25: Pink | J25: July - Sept | K25: 2.5 - 3 | L25: 2.5 - 3 | M25: Part sun to sun | N25: Medium | O25: Easy | P25: Hydrangea arborescens | Q25: Estimated days blooming based on 'summer to fall' | R25: https://www.provenwinners.com/plants/hydrangea/invincibelle-mini-mauvette-smooth-hydrangea-hydrangea-arborescens
A26: Invincibelle Spirit | B26: 0.2772589 | C26: 2.5 | D26: 5 | E26: 3 | F26: Mop | G26: Pink | J26: July - Sept | K26: 3.5 - 4 | L26: 3.5 - 4 | M26: Part sun to sun | N26: Medium | O26: Easy | P26: Hydrangea arborescens | Q26: Days blooming 2019 data not available; used median | R26: https://www.provenwinners.com/plants/hydrangea/invincibelle-spirit-ii-smooth-hydrangea-hydrangea-arborescens
A27: Invincibelle Wee White | B27: 0 | C27: 0 | D27: 1 | E27: 3 | F27: Mop | G27: White | J27: July - Sept | K27: 1 - 2.5 | L27: 1-2.5 | M27: Part sun to sun | N27: Average | O27: Easy | P27: Hydrangea arborescens | Q27: Estimated days blooming based on 'summer to fall' | R27: https://www.provenwinners.com/plants/hydrangea/invincibelle-wee-white-smooth-hydrangea-hydrangea-arborescens
A28: Kyushu | B28: 1.4416311 | C28: 54 | D28: 5 | E28: 5 | F28: Lacy panicle | G28: White | H28: 43952 | I28: 44105 | J28: May - Oct | K28: 6 to 8 | L28: 6 to 8 | M28: Full sun to part shade | N28: Medium | O28: N/A | P28: Hydrangea paniculata | R28: https://www.chicagobotanic.org/plantcollections/plantfinder/hydrangea_paniculata_kyushu--kyushu_panicle_hydrangea and https://hydrangeasplus.com/products/hydrangea-paniculata-kyushu?srsltid=AfmBOoppDF-Qk1uw-TcabnNQSop8sVqaT7Z2uEnE51IyVpV1DF6uhEKi
A29: Lime Rickey | B29: 0 | C29: 0 | D29: 3 | E29: 3 | F29: Mop | G29: Green | J29: July - Oct | K29: 4 to 5 | L29: 4 to 5 | M29: Full sun to part sun | N29: Medium | O29: Easy | P29: Hydrangea arborescens | R29: https://www.provenwinners.com/plants/hydrangea/lime-rickey-smooth-hydrangea-hydrangea-arborescens
A30: Limelight | B30: 1.0741606 | C30: 22.5 | D30: 6 | E30: 1 | F30: Mop-like panicle | G30: Green-white | J30: Aug - Oct | K30: 6 to 8 | L30: 6 to 8 | M30: Full sun to part sun | N30: Medium | O30: Easy | P30: Hydrangea paniculata | Q30: Days estimated by season | R30: https://www.provenwinners.com/plants/hydrangea/limelight-panicle-hydrangea-hydrangea-paniculata
A31: Limelight Prime | B31: 0.4925454 | C31: 11 | D31: 4 | E31: 3 | F31: Mop-like panicle | G31: Green | J31: June - Aug | K31: 4 to 6 | L31: 4 to 5 | M31: Full sun to part sun | N31: Medium | O31: Easy | P31: Hydrangea paniculata | Q31: Days blooming 2019 data not available; used median | R31: https://www.provenwinners.com/plants/hydrangea/limelight-prime-panicle-hydrangea-hydrangea-paniculata
A32: Little Lamb | B32: 1.4686503 | C32: 23 | D32: 4 | E32: 2 | F32: Mop-like panicle | G32: White | J32: July - Sept | K32: 4 to 6 | L32: 4 to 6 | M32: Full sun to part sun | N32: Medium | O32: Easy | P32: Hydrangea paniculata | Q32: Days estimated by season | R32: https://www.provenwinners.com/plants/hydrangea/little-lamb-panicle-hydrangea-hydrangea-paniculata
A33: Little Lime | B33: 0.8440066 | C33: 6 | D33: 5 | E33: 3 | F33: Mop-like panicle | G33: Green-white | J33: June - Aug | K33: 3 to 5 | L33: 3 to 5 | M33: Full sun to part sun | N33: Medium | O33: Easy | P33: Hydrangea paniculata | Q33: Days blooming 2019 data not available; used median
A34: Little Lime Punch | B34: 0.2502012 | C34: 6 | D34: 2 | E34: 3 | F34: Mop-like panicle | G34: Pink-white | J34: June - Aug | K34: 3 to 5 | L34: 3 to 5 | M34: Full sun to part sun | N34: Medium | O34: Moderate | P34: Hydrangea paniculata | Q34: Days blooming 2019 data not available; used median
A35: Little Quick Fire | B35: 1.2018749 | C35: 20.5 | D35: 6 | E35: 3 | F35: Lacy panicle | G35: Pink | H35: 44013 | I35: 44105 | J35: July - Oct | K35: 3 to 5 | L35: 3 to 5 | M35: Full sun to part sun | N35: Medium | O35: N/A | P35: Hydrangea paniculata | Q35: Based on actual days blooming data | R35: https://hydrangea.com/products/little-quick-fire-panicle-hydrangea?srsltid=AfmBOooNVO-RW1s19arvwHK3wJkCyUnjN03YejaKTVPZG5GIOhFAuDJd
A36: Mega Pearl | B36: 1.1663076 | C36: 35 | D36: 8 | E36: 4 | F36: Mop-like panicle | G36: Pink-white | H36: 44013 | I36: 44105 | J36: July - Oct | K36: 6 to 8 | L36: 6 to 8 | M36: Full sun | N36: Medium | O36: N/A | P36: Hydrangea paniculata | Q36: Could not find exact date so used our data | R36: https://naturehills.com/products/hydrangea-mega-pearl?srsltid=AfmBOoqtkNbCaP9iB6-2A1Kswx4540onK_3L41O7YiUTRkcuVu7YItxr
A37: Phantom | B37: 0.8995531 | C37: 26.5 | D37: 8 | E37: 2 | F37: Mop-like panicle | G37: White | H37: 44013 | I37: 44105 | J37: July - Sept | K37: 6 | L37: 6 | M37: Full sun to part shade | N37: Medium | O37: N/A | P37: Hydrangea paniculata | R37: https://www.chicagobotanic.org/plantcollections/plantfinder/hydrangea_paniculata_phantom--phantom_panicle_hydrangea; https://www.whiteflowerfarm.com/hydrangea-paniculata-phantom?srsltid=AfmBOoqN-6A_rH-qscaxYDmDo3F1gWv86VJUmwzuu6xPmHCuVASD09b9
A38: Pillow Talk | B38: 0.5493061 | C38: 4 | D38: 2 | E38: 3 | F38: Mop-like panicle | G38: Pink-white | J38: July - Sept | K38: 6 to 8 | L38: 6 to 8 | M38: Full sun to part sun | N38: Medium | O38: N/A | P38: Hydrangea paniculata | Q38: Days blooming 2019 data not available; used median | R38: https://www.bluestoneperennials.com/HYPT.html?srsltid=AfmBOopYXn8coQlzKXiXbK0TBf2_gvYPUJKAD4PVaOm2cjzKmRdmForX
A39: Pink Diamond | B39: 1.561319 | C39: 66 | D39: 4 | E39: 2 | F39: Lacy panicle | G39: Pink | H39: 44013 | I39: 44075 | J39: July - Sept | K39: 8 to 15 | L39: 8 to 15 | M39: Full sun to part shade | N39: Medium | O39: Medium | P39: Hydrangea paniculata | R39: https://www.missouribotanicalgarden.org
A40: Pink Lady | B40: 1.0919433 | C40: 18.5 | D40: 6 | E40: 3 | F40: Mop-like panicle | G40: Pink-white | J40: June - Aug | K40: 5 to 8 | L40: 5 to 8 | M40: Full sun to part shade | N40: Moist but well-drained | P40: Hydrangea paniculata | Q40: Days blooming 2019 data not available; used median | R40: https://www.rhs.org.uk/plants/177821/hydrangea-paniculata-pink-lady/details
A41: Pink Pincushion | B41: 0 | C41: 2 | D41: 2 | E41: 3 | F41: Lacy | G41: Pink | J41: June - July | K41: 5 - 7.5 | L41: 5 - 7.5 | M41: Full sun | P41: Hydrangea arborescens | Q41: Days blooming 2019 data not available; used median | R41: https://mtcubacenter.org/trials/wild-hydrangea-for-the-mid-atlantic-region/hydrangea-arborescens-pink-pincushion/
A42: Pinky Winky | B42: 1.1124984 | C42: 24 | D42: 9 | E42: 8 | F42: Lacy panicle | G42: Pink-white | H42: 44013 | I42: 44075 | J42: July - Sept | K42: 6 to 8 | L42: 5 to 6 | M42: Full sun to part shade | N42: Medium | O42: Medium | P42: Hydrangea paniculata | R42: https://www.missouribotanicalgarden.org
A43: Polar Ball | B43: 0.6770126 | C43: 8 | D43: 4 | E43: 3 | F43: Mop-like panicle | G43: White | J43: July - Aug | K43: 6 to 8 | L43: 6 to 8 | M43: Full sun to part sun | N43: N/A | O43: N/A | P43: Hydrangea paniculata | Q43: Days blooming 2019 data not available; used median | R43: https://springmeadownursery.com/plantfinder/polar-ball-39350
A44: Puffer Fish | B44: 0.8479627 | C44: 28 | D44: 5 | E44: 3 | F44: Mop-like panicle | G44: White | J44: July - Sept | K44: 3 to 5 | L44: 3 to 5 | M44: Full sun to part sun | N44: Average | O44: Easy | P44: Hydrangea paniculata | Q44: Days blooming 2019 data not available; used median. Estimated bloom time from season. | R44: https://www.provenwinners.com/plants/hydrangea/puffer-fish-panicle-hydrangea-hydrangea-paniculata
A45: Quick Fire | B45: 1.4234023 | C45: 26 | D45: 9 | E45: 11 | F45: Lacy panicle | G45: Pink | H45: 44013 | I45: 44105 | J45: July - Oct | K45: 6 to 8 | L45: 6 to 8 | M45: Full sun to part sun | N45: N/A | O45: N/A | P45: Hydrangea paniculata | Q45: End bloom time wasn't available online; used our data for that | R45: https://www.petittigardencenter.com/quick-fire-a-panicle-hydrangea-variety-spotlight/
A46: Quick Fire Fabulous | B46: 0.7227412 | C46: 10 | D46: 3 | E46: 3 | F46: Mop-like panicle | G46: Pink-white | J46: July - Aug | K46: 6 to 8 | L46: 5 to 8 | M46: Full sun to part sun | N46: Average | O46: Easy | P46: Hydrangea paniculata | Q46: Days blooming 2019 data not available; used median | R46: https://www.provenwinners.com/plants/hydrangea/quick-fire-fab-panicle-hydrangea-hydrangea-paniculata
A47: Riven Lace | B47: 1.0691665 | C47: 7 | D47: 2 | E47: 3 | F47: Lacy | G47: White | J47: June - July | K47: 4 to 5 | L47: 4 to 5 | M47: Shade | N47: N/A | O47: N/A | P47: Hydrangea arborescens | Q47: Days blooming 2019 data not available; used median | R47: https://mtcubacenter.org/trials/wild-hydrangea-for-the-mid-atlantic-region/hydrangea-arborescens-riven-lace/
A48: Ruby / Angel's Blush | B48: 1.2143702 | C48: 31.5 | D48: 6 | E48: 3 | F48: Mop-like panicle | G48: Pink | H48: 44013 | I48: 44105 | J48: July - Oct | K48: 8 to 12 | L48: 6 to 10 | M48: Full sun to part sun | N48: N/A | O48: N/A | P48: Hydrangea paniculata | Q48: Exact dates weren't available so used our data | R48: https://www.monrovia.com/angels-blush-hydrangea.html?srsltid=AfmBOorQcKnkdvItwFKmF1ruxmKdZTR2EsF7335iSOcWRE1LpMs9XAxD
A49: Ryan Gainey | B49: 0 | C49: 1 | D49: 1 | E49: 3 | F49: Mop | G49: White | J49: June - Sept | K49: 3 to 4 | L49: 3 to 4 | M49: Part sun | N49: Medium | O49: Low | P49: Hydrangea arborescens | Q49: Days blooming 2019 data not available; used median | R49: https://www.missouribotanicalgarden.org/PlantFinder/PlantFinderDetails.aspx?taxonid=268004
A50: Seaside Serenade Bar Harbor | B50: 0.1500415 | C50: 11 | D50: 4 | E50: 3 | F50: Mop | G50: White | J50: July - Aug | K50: 4 | L50: 4 | M50: Full sun to part sun | N50: Moist but well-drained | O50: Easy | P50: Hydrangea arborescens | Q50: Days blooming 2019 data not available; used median | R50: https://www.monrovia.com/seaside-serenade-bar-harbor-hydrangea.html?srsltid=AfmBOorjBX-ngGMpj2IOO3P2LnuwKPaRge1cPpSIp-Hx4VDT74lDMd2k
A51: Silver Dollar | B51: 1.4059249 | C51: 14 | D51: 3 | E51: 3 | F51: Mop-like panicle | G51: White | J51: July - Sept | K51: 4 to 5 | L51: 4 to 5 | M51: Full sun | N51: Moderate | O51: Easy | P51: Hydrangea paniculata | Q51: Days blooming 2019 data not available; used median | R51: https://naturehills.com/products/hydrangea-silver-dollar?srsltid=AfmBOopLf5psua3fxLU4EFq0-ltAXmMKxxJq4vxrsaQsQz3hhXkFV_Pz
A52: Silver Leaf | B52: 0.8733112 | C52: 22 | D52: 6 | E52: 3 | F52: Lacy | G52: White | J52: June | K52: 4 to 7 | L52: 4 to 7 | M52: Part shade | N52: Average to moiste | O52: N/A | P52: Hydrangea arborescens | Q52: Days blooming 2019 data not available; used median | R52: https://mtcubacenter.org/plants/silver-leaf-hydrangea/
A53: Strawberry Shake | B53: 0.631928 | C53: 15 | D53: 9 | E53: 3 | F53: Mop-like panicle | G53: Pink-white | H53: 44013 | I53: 44044 | J53: July - Aug | K53: 4 to 5 | L53: 4 | M53: Full sun to part shade | N53: N/A | O53: N/A | P53: Hydrangea paniculata | Q53: Exact dates weren't available so used our data | R53: https://www.monrovia.com/strawberry-shake-hydrangea.html?srsltid=AfmBOorS12CObULKHM2qOzTYRexOuJVz_6ejDoI829IMDzQKGfBb2NOQ
A54: Strawberry Sundae | B54: 1.1696059 | C54: 37 | D54: 11 | E54: 2 | F54: Mop-like panicle | G54: Pink-white | H54: 44013 | I54: 44075 | J54: July - Sept | K54: 4 to 5 | L54: 3 to 4 | M54: Full sun to part sun | N54: Medium | O54: N/A | P54: Hydrangea paniculata | R54: https://www.southernliving.com/garden/flowers/strawberry-sundae-hydrangea
A55: Sweet Summer | B55: 1.4549944 | C55: 31 | D55: 4 | E55: 2 | F55: Mop-like panicle | G55: White | J55: July - Sept | K55: 4 to 5 | L55: 4 to 5 | M55: Full sun to part sun | N55: Moist but well-drained | O55: Medium | P55: Hydrangea paniculata | R55: https://shop.arborday.org/sweet-summer-panicle-hydrangea?srsltid=AfmBOoprQWA9nywKj_aCmrC0nY_dBzRMZ_nbRs_UhYo5UPnkLO5vObQU; https://www.missouribotanicalgarden.org/PlantFinder/PlantFinderDetails.aspx?taxonid=274640&isprofile=0&pt=4
A56: Tickled Pink | B56: 0.9163971 | C56: 22.5 | D56: 8 | E56: 1 | F56: Lacy panicle | G56: Pink-white | J56: July - Sept | K56: 4 to 5 | L56: 1 to 4 | M56: Full sun | N56: Medium | O56: N/A | P56: Hydrangea paniculata | Q56: Estimated bloom time based on season | R56: https://naturehills.com/products/tickled-pink-hydrangea?srsltid=AfmBOooyK4vUvBE_2EEg8atN8iMZ6X7qVCQwk_aP7t0Axlrhzbc_97SE
A57: Vanilla Strawberry | B57: 0.9056212 | C57: 25 | D57: 8 | E57: 3 | F57: Mop-like panicle | G57: Pink-white | J57: July - Sept | K57: 6 to 7 | L57: 5 to 6 | M57: Full sun to part sun | O57: N/A | P57: Hydrangea paniculata | Q57: Days blooming 2019 data not available; used median | R57: https://www.whiteflowerfarm.com/63149-product.html?srsltid=AfmBOorZw8M_zv92mAumxoOuQzlA9bX9M5jvDs7JhNiUl_TZYJXjr4_j
A58: White Diamonds | B58: 1.0286422 | C58: 50 | D58: 7 | E58: 3 | F58: Mop-like panicle | G58: White | J58: July - Sept | K58: 4 to 6 | L58: 5 | M58: Full sun to part shade | O58: Medium | P58: Hydrangea paniculata | Q58: Bloom time estimated from season | R58: https://firsteditionsplants.com/product/white-diamonds-panicle-hydrangea/
A59: White Dome | B59: 0.7926512 | C59: 54 | D59: 4 | E59: 3 | F59: Lacy | G59: White | H59: 43983 | I59: 44044 | J59: June - Aug | K59: 3 to 5 | L59: 3 to 4 | M59: Part shade | N59: Medium | O59: Easy | P59: Hydrangea arborescens | Q59: Days blooming 2019 data not available; used median | R59: https://www.missouribotanicalgarden.org/PlantFinder/PlantFinderDetails.aspx?taxonid=264083&isprofile=0&
A60: Zinfin Doll | B60: 0.5364793 | C60: 5 | D60: 3 | E60: 3 | F60: Mop-like panicle | J60: July | K60: 4 to 6 | L60: 4 to 6 | M60: Full sun to part sun | N60: Medium | O60: Easy | P60: Hydrangea paniculata | Q60: Days blooming 2019 data not available; used median | R60: https://www.provenwinners.com/plants/hydrangea/zinfin-doll-panicle-hydrangea-hydrangea-paniculata
A61: Median or Avg | B61: 0.82631432 | C61: =MEDIAN(C2:C60) -> 16 | E61: =MEDIAN(E2:E60) -> 3
A63: Removed due to insufficient data
A64: Trademark.Cultivar | B64: shannon_index (larger is better) | C64: Avg Insect Spp Abundance / plant / season | D64: Total Spp. Insect richness / season | E64: 2019_TotalDays_w_Insects | F64: Flower type | G64: Color | H64: BloomStart | I64: BloomEnd | J64: BloomTime | K64: Height (ft) | L64: Spread (ft) | M64: Sun | N64: Water | O64: Maintenance | P64: Species | Q64: Note | R64: Source
A65: Late / Tardiva | B65: 1.112 | C65: 16 | D65: NA | E65: 3 | F65: Lacy panicle | G65: White | H65: 44013 | I65: 44075 | J65: July - Sept | K65: 8 to 12 | L65: 7 to 10 | M65: Full sun to part shade | N65: Medium | O65: Medium | P65: Hydrangea paniculata | R65: https://www.missouribotanicalgarden.org/PlantFinder/PlantFinderDetails.aspx?kempercode=d360
A66: Mega Mindy | B66: 0.82631432 | C66: 16 | D66: NA | E66: 1 | F66: Lacy panicle | G66: Pink | J66: July - Sept | K66: 4 to 5 | L66: 4 to 6 | M66: Full sun to part shade | N66: Medium | O66: Medium | P66: Hydrangea paniculata | R66: https://www.missouribotanicalgarden.org/PlantFinder/PlantFinderDetails.aspx?taxonid=359120&isprofile=0&
A67: Unique | B67: 0.82631432 | C67: 16 | D67: NA | E67: 3 | F67: Lacy panicle | G67: White | J67: July - Oct | K67: 6 to 8 | L67: 6 to 8 | M67: Full sun to part sun | N67: Medium | O67: Easy | P67: Hydrangea paniculata | Q67: Days blooming 2019 data not available; used median | R67: https://www.finegardening.com/plant/panicle-hydrangea-hydrangea-paniculata-unique?srsltid=AfmBOoqoYqgvONqbBq_B7RXYxw4DMlQIpM6_VO2zNRrTH4f6a451Mdt8
A68: White Moth | B68: 0.82631432 | C68: NA | D68: NA | E68: 1 | F68: Lacy panicle | G68: White | J68: July - Sept | K68: 6 to 7 | L68: 7 to 8 | M68: Full sun to part shade | N68: Medium | O68: Medium | P68: Hydrangea paniculata | R68: https://www.missouribotanicalgarden.org/PlantFinder/PlantFinderDetails.aspx?taxonid=299176&isprofile=0&pt=4

Sheet StandardizedScores
A1: Trademark.Cultivar | B1: 2019-2021 photo insect count | C1: Quantile photo data | D1: Adjustment weight (+/- 12.5% of insect abundance weight per rank difference) | E1: shannon_index (larger is better) | F1: Quartile Shannon score | G1: Weighted Quantile | H1: Avg Insect Spp Abundance / plant / season | I1: Quantile Abundance 2024 data | J1: Weighted Quantile | K1: Total Spp. Insect richness / season | L1: Quantile Richness | M1: Weighted richness | N1: 2019_TotalDays_w_Insects | O1: Quantile Days | P1: Weighted Richness | Q1: Total | R1: Star Score | S1: Flower type | T1: Color | U1: BloomStart | V1: BloomEnd | W1: BloomTime | X1: Height (ft) | Y1: Spread (ft) | Z1: Sun | AA1: Water | AB1: Maintenance | AC1: Species | AD1: Note | AE1: Source
A2: Annabelle | B2: NA | E2: 0.6931472 | F2: =IF(AND($E2 >= Quartiles1!$A$1, $E2 <= Quartiles1!$A$2), 1, IF(AND($E2 > Quartiles1!$A$2, $E2 <= Quartiles1!$A$3), 2, IF(AND($E2 > Quartiles1!$A$3, $E2 <= Quartiles1!$A$4), 3, 4))) -> 2 | G2: =F2*PCAWeights!$E$21 -> 0.38472903 | H2: 4 | I2: =IF(AND($H2 >= Quartiles1!B$1, $H2 <= Quartiles1!$B$2), 1, IF(AND($H2 > Quartiles1!$B$2, $H2 <= Quartiles1!$B$3), 2, IF(AND($H2 > Quartiles1!$B$3, $H2 <= Quartiles1!$B$4), 3, 4))) -> 1 | J2: =I2*PCAWeights!$E$22 -> 0.20821322 | K2: 2 | L2: =IF(AND($K2 >= Quartiles1!$C$1, $K2 <= Quartiles1!$C$2), 1, IF(AND($K2 > Quartiles1!$C$2, $K2 <= Quartiles1!$C$3), 2, IF(AND($K2 > Quartiles1!$C$3, $K2 <= Quartiles1!$C$4), 3, 4))) -> 1 | M2: =L2*PCAWeights!$E$23 -> 0.24775757 | N2: 3 | O2: 2 | P2: =O2*PCAWeights!$E$24 -> 0.49985061 | Q2: =$D2+$G2+$J2+$M2+$P2 -> 1.3405504 | R2: =VLOOKUP($A2,'Star Score'!$A$2:$C$60,2,FALSE) -> 1 | S2: Mop | T2: White | U2: 43983 | V2: 44075 | W2: June - Sept | X2: 3 to 5 | Y2: 4 to 6 | Z2: Part shade | AB2: Low | AC2: Hydrangea arborescens | AD2: Days blooming 2019 data not available; used median | AE2: https://www.missouribotanicalgarden.org
A3: Baby Lace | B3: 82 | C3: =IF(AND($B3 >= Quartiles1!$E$1, $B3 <= Quartiles1!$E$2), 1, IF(AND($B3 > Quartiles1!$E$2, $B3 <= Quartiles1!$E$3), 2, IF(AND($B3 > Quartiles1!$E$3, $B3 <= Quartiles1!$E$4), 3, 4))) -> 3 | D3: =$J$61*0.125 -> 0.063963806 | E3: 0.3330448 | F3: =IF(AND($E3 >= Quartiles1!$A$1, $E3 <= Quartiles1!$A$2), 1, IF(AND($E3 > Quartiles1!$A$2, $E3 <= Quartiles1!$A$3), 2, IF(AND($E3 > Quartiles1!$A$3, $E3 <= Quartiles1!$A$4), 3, 4))) -> 1 | G3: =F3*PCAWeights!$E$21 -> 0.19236451 | H3: 14 | I3: =IF(AND($H3 >= Quartiles1!B$1, $H3 <= Quartiles1!$B$2), 1, IF(AND($H3 > Quartiles1!$B$2, $H3 <= Quartiles1!$B$3), 2, IF(AND($H3 > Quartiles1!$B$3, $H3 <= Quartiles1!$B$4), 3, 4))) -> 2 | J3: =I3*PCAWeights!$E$22 -> 0.41642643 | K3: 4 | L3: =IF(AND($K3 >= Quartiles1!$C$1, $K3 <= Quartiles1!$C$2), 1, IF(AND($K3 > Quartiles1!$C$2, $K3 <= Quartiles1!$C$3), 2, IF(AND($K3 > Quartiles1!$C$3, $K3 <= Quartiles1!$C$4), 3, 4))) -> 2 | M3: =L3*PCAWeights!$E$23 -> 0.49551513 | N3: 2 | O3: 1 | P3: =O3*PCAWeights!$E$24 -> 0.2499253 | Q3: =$D3+$G3+$J3+$M3+$P3 -> 1.4181952 | R3: =VLOOKUP($A3,'Star Score'!$A$2:$C$60,2,FALSE) -> 2 | S3: Lacy panicle | T3: White | U3: 44013 | V3: 44075 | W3: July - Sept | X3: 3 to 4 | Y3: 3 to 4 | Z3: Full sun to part shade | AA3: Medium | AB3: Medium | AC3: Hydrangea paniculata | AE3: https://www.missouribotanicalgarden.org
A4: Bella Anna | B4: NA | E4: 0 | F4: =IF(AND($E4 >= Quartiles1!$A$1, $E4 <= Quartiles1!$A$2), 1, IF(AND($E4 > Quartiles1!$A$2, $E4 <= Quartiles1!$A$3), 2, IF(AND($E4 > Quartiles1!$A$3, $E4 <= Quartiles1!$A$4), 3, 4))) -> 1 | G4: =F4*PCAWeights!$E$21 -> 0.19236451 | H4: 2 | I4: =IF(AND($H4 >= Quartiles1!B$1, $H4 <= Quartiles1!$B$2), 1, IF(AND($H4 > Quartiles1!$B$2, $H4 <= Quartiles1!$B$3), 2, IF(AND($H4 > Quartiles1!$B$3, $H4 <= Quartiles1!$B$4), 3, 4))) -> 1 | J4: =I4*PCAWeights!$E$22 -> 0.20821322 | K4: 3 | L4: =IF(AND($K4 >= Quartiles1!$C$1, $K4 <= Quartiles1!$C$2), 1, IF(AND($K4 > Quartiles1!$C$2, $K4 <= Quartiles1!$C$3), 2, IF(AND($K4 > Quartiles1!$C$3, $K4 <= Quartiles1!$C$4), 3, 4))) -> 1 | M4: =L4*PCAWeights!$E$23 -> 0.24775757 | N4: 3 | O4: 2 | P4: =O4*PCAWeights!$E$24 -> 0.49985061 | Q4: =$D4+$G4+$J4+$M4+$P4 -> 1.1481859 | R4: =VLOOKUP($A4,'Star Score'!$A$2:$C$60,2,FALSE) -> 1 | S4: Mop | T4: Pink | W4: July - Sept | X4: 2 to 3 | Y4: 2 to 3 | Z4: Part sun | AA4: Medium | AC4: Hydrangea arborescens | AD4: Days blooming 2019 data not available; used median | AE4: https://www.missouribotanicalgarden.org/PlantFinder/PlantFinderDetails.aspx?taxonid=274487&isprofile=0&gen=Hydrangea%25&z=6
A5: Berry White | B5: NA | E5: 0.8958797 | F5: =IF(AND($E5 >= Quartiles1!$A$1, $E5 <= Quartiles1!$A$2), 1, IF(AND($E5 > Quartiles1!$A$2, $E5 <= Quartiles1!$A$3), 2, IF(AND($E5 > Quartiles1!$A$3, $E5 <= Quartiles1!$A$4), 3, 4))) -> 2 | G5: =F5*PCAWeights!$E$21 -> 0.38472903 | H5: 5 | I5: =IF(AND($H5 >= Quartiles1!B$1, $H5 <= Quartiles1!$B$2), 1, IF(AND($H5 > Quartiles1!$B$2, $H5 <= Quartiles1!$B$3), 2, IF(AND($H5 > Quartiles1!$B$3, $H5 <= Quartiles1!$B$4), 3, 4))) -> 1 | J5: =I5*PCAWeights!$E$22 -> 0.20821322 | K5: 2 | L5: =IF(AND($K5 >= Quartiles1!$C$1, $K5 <= Quartiles1!$C$2), 1, IF(AND($K5 > Quartiles1!$C$2, $K5 <= Quartiles1!$C$3), 2, IF(AND($K5 > Quartiles1!$C$3, $K5 <= Quartiles1!$C$4), 3, 4))) -> 1 | M5: =L5*PCAWeights!$E$23 -> 0.24775757 | N5: 3 | O5: 2 | P5: =O5*PCAWeights!$E$24 -> 0.49985061 | Q5: =$D5+$G5+$J5+$M5+$P5 -> 1.3405504 | R5: =VLOOKUP($A5,'Star Score'!$A$2:$C$60,2,FALSE) -> 1 | S5: Mop | T5: Pink | W5: July - Sept | X5: 4 to 5 | Y5: 4 to 5 | Z5: Sun to part shade | AC5: Hydrangea paniculata | AD5: Days blooming 2019 data not available; used median
A6: Big Ben | B6: 521 | C6: =IF(AND($B6 >= Quartiles1!$E$1, $B6 <= Quartiles1!$E$2), 1, IF(AND($B6 > Quartiles1!$E$2, $B6 <= Quartiles1!$E$3), 2, IF(AND($B6 > Quartiles1!$E$3, $B6 <= Quartiles1!$E$4), 3, 4))) -> 4 | D6: =-$J$61*0.125*2 -> -0.12792761 | E6: 0.9276173 | F6: =IF(AND($E6 >= Quartiles1!$A$1, $E6 <= Quartiles1!$A$2), 1, IF(AND($E6 > Quartiles1!$A$2, $E6 <= Quartiles1!$A$3), 2, IF(AND($E6 > Quartiles1!$A$3, $E6 <= Quartiles1!$A$4), 3, 4))) -> 3 | G6: =F6*PCAWeights!$E$21 -> 0.57709354 | H6: 15 | I6: =IF(AND($H6 >= Quartiles1!B$1, $H6 <= Quartiles1!$B$2), 1, IF(AND($H6 > Quartiles1!$B$2, $H6 <= Quartiles1!$B$3), 2, IF(AND($H6 > Quartiles1!$B$3, $H6 <= Quartiles1!$B$4), 3, 4))) -> 2 | J6: =I6*PCAWeights!$E$22 -> 0.41642643 | K6: 1 | L6: =IF(AND($K6 >= Quartiles1!$C$1, $K6 <= Quartiles1!$C$2), 1, IF(AND($K6 > Quartiles1!$C$2, $K6 <= Quartiles1!$C$3), 2, IF(AND($K6 > Quartiles1!$C$3, $K6 <= Quartiles1!$C$4), 3, 4))) -> 1 | M6: =L6*PCAWeights!$E$23 -> 0.24775757 | N6: 7 | O6: 4 | P6: =O6*PCAWeights!$E$24 -> 0.99970122 | Q6: =$D6+$G6+$J6+$M6+$P6 -> 2.1130511 | R6: =VLOOKUP($A6,'Star Score'!$A$2:$C$60,2,FALSE) -> 3 | S6: Lacy panicle | T6: White | U6: 44044 | V6: 44136 | W6: Aug - Oct | X6: 19 | Y6: 10 | Z6: Full sun to full shade | AA6: Medium | AB6: Medium | AC6: Hydrangea paniculata | AE6: http://plants.beechwood-gardens.com/12130013/Plant/11837/Big_Ben_Hydrangea/
A7: Bobo | B7: NA | E7: 1.0126113 | F7: =IF(AND($E7 >= Quartiles1!$A$1, $E7 <= Quartiles1!$A$2), 1, IF(AND($E7 > Quartiles1!$A$2, $E7 <= Quartiles1!$A$3), 2, IF(AND($E7 > Quartiles1!$A$3, $E7 <= Quartiles1!$A$4), 3, 4))) -> 3 | G7: =F7*PCAWeights!$E$21 -> 0.57709354 | H7: 14 | I7: =IF(AND($H7 >= Quartiles1!B$1, $H7 <= Quartiles1!$B$2), 1, IF(AND($H7 > Quartiles1!$B$2, $H7 <= Quartiles1!$B$3), 2, IF(AND($H7 > Quartiles1!$B$3, $H7 <= Quartiles1!$B$4), 3, 4))) -> 2 | J7: =I7*PCAWeights!$E$22 -> 0.41642643 | K7: 5 | L7: =IF(AND($K7 >= Quartiles1!$C$1, $K7 <= Quartiles1!$C$2), 1, IF(AND($K7 > Quartiles1!$C$2, $K7 <= Quartiles1!$C$3), 2, IF(AND($K7 > Quartiles1!$C$3, $K7 <= Quartiles1!$C$4), 3, 4))) -> 3 | M7: =L7*PCAWeights!$E$23 -> 0.7432727 | N7: 3 | O7: 2 | P7: =O7*PCAWeights!$E$24 -> 0.49985061 | Q7: =$D7+$G7+$J7+$M7+$P7 -> 2.2366433 | R7: =VLOOKUP($A7,'Star Score'!$A$2:$C$60,2,FALSE) -> 3 | S7: Mop-like panicle | T7: White | W7: Aug - Oct | X7: 2.5 - 3 | Y7: 3 to 4 | Z7: Sun to part sun | AB7: Easy | AC7: Hydrangea paniculata | AD7: Bloom time a guess; they just said midsummer to fall/ Days blooming 2019 data not available; used median | AE7: https://www.provenwinners.com/plants/hydrangea/bobo-panicle-hydrangea-hydrangea-paniculata
A8: Bounty | B8: NA | E8: 0.6931472 | F8: =IF(AND($E8 >= Quartiles1!$A$1, $E8 <= Quartiles1!$A$2), 1, IF(AND($E8 > Quartiles1!$A$2, $E8 <= Quartiles1!$A$3), 2, IF(AND($E8 > Quartiles1!$A$3, $E8 <= Quartiles1!$A$4), 3, 4))) -> 2 | G8: =F8*PCAWeights!$E$21 -> 0.38472903 | H8: 8 | I8: =IF(AND($H8 >= Quartiles1!B$1, $H8 <= Quartiles1!$B$2), 1, IF(AND($H8 > Quartiles1!$B$2, $H8 <= Quartiles1!$B$3), 2, IF(AND($H8 > Quartiles1!$B$3, $H8 <= Quartiles1!$B$4), 3, 4))) -> 2 | J8: =I8*PCAWeights!$E$22 -> 0.41642643 | K8: 3 | L8: =IF(AND($K8 >= Quartiles1!$C$1, $K8 <= Quartiles1!$C$2), 1, IF(AND($K8 > Quartiles1!$C$2, $K8 <= Quartiles1!$C$3), 2, IF(AND($K8 > Quartiles1!$C$3, $K8 <= Quartiles1!$C$4), 3, 4))) -> 1 | M8: =L8*PCAWeights!$E$23 -> 0.24775757 | N8: 3 | O8: 2 | P8: =O8*PCAWeights!$E$24 -> 0.49985061 | Q8: =$D8+$G8+$J8+$M8+$P8 -> 1.5487636 | R8: =VLOOKUP($A8,'Star Score'!$A$2:$C$60,2,FALSE) -> 2 | S8: Mop | T8: Green-white | W8: June - July | X8: 5 | Y8: 8 | Z8: Sun to shade | AB8: N/A | AC8: Hydrangea arborescens | AD8: Days blooming 2019 data not available; used median | AE8: https://mtcubacenter.org/trials/wild-hydrangea-for-the-mid-atlantic-region/hydrangea-arborescens-bounty/
A9: Brussels Lace | B9: 287 | C9: =IF(AND($B9 >= Quartiles1!$E$1, $B9 <= Quartiles1!$E$2), 1, IF(AND($B9 > Quartiles1!$E$2, $B9 <= Quartiles1!$E$3), 2, IF(AND($B9 > Quartiles1!$E$3, $B9 <= Quartiles1!$E$4), 3, 4))) -> 4 | D9: 0 | E9: 1.579459 | F9: =IF(AND($E9 >= Quartiles1!$A$1, $E9 <= Quartiles1!$A$2), 1, IF(AND($E9 > Quartiles1!$A$2, $E9 <= Quartiles1!$A$3), 2, IF(AND($E9 > Quartiles1!$A$3, $E9 <= Quartiles1!$A$4), 3, 4))) -> 4 | G9: =F9*PCAWeights!$E$21 -> 0.76945805 | H9: 43 | I9: =IF(AND($H9 >= Quartiles1!B$1, $H9 <= Quartiles1!$B$2), 1, IF(AND($H9 > Quartiles1!$B$2, $H9 <= Quartiles1!$B$3), 2, IF(AND($H9 > Quartiles1!$B$3, $H9 <= Quartiles1!$B$4), 3, 4))) -> 4 | J9: =I9*PCAWeights!$E$22 -> 0.83285286 | K9: 5 | L9: =IF(AND($K9 >= Quartiles1!$C$1, $K9 <= Quartiles1!$C$2), 1, IF(AND($K9 > Quartiles1!$C$2, $K9 <= Quartiles1!$C$3), 2, IF(AND($K9 > Quartiles1!$C$3, $K9 <= Quartiles1!$C$4), 3, 4))) -> 3 | M9: =L9*PCAWeights!$E$23 -> 0.7432727 | N9: 4 | O9: 4 | P9: =O9*PCAWeights!$E$24 -> 0.99970122 | Q9: =$D9+$G9+$J9+$M9+$P9 -> 3.3452848 | R9: =VLOOKUP($A9,'Star Score'!$A$2:$C$60,2,FALSE) -> 5 | S9: Lacy panicle | T9: White | U9: 44013 | V9: 44105 | W9: July - Oct | X9: 5 | Y9: 6 | Z9: Full sun to part shade | AA9: Medium high | AB9: N/A | AC9: Hydrangea paniculata | AE9: https://www.chicagobotanic.org/plantcollections/plantfinder/hydrangea_paniculata_brussels_lace--brussels_lace_panicle_hydrangea
A10: Candy Apple | B10: NA | E10: 0.9802899 | F10: =IF(AND($E10 >= Quartiles1!$A$1, $E10 <= Quartiles1!$A$2), 1, IF(AND($E10 > Quartiles1!$A$2, $E10 <= Quartiles1!$A$3), 2, IF(AND($E10 > Quartiles1!$A$3, $E10 <= Quartiles1!$A$4), 3, 4))) -> 3 | G10: =F10*PCAWeights!$E$21 -> 0.57709354 | H10: 16 | I10: =IF(AND($H10 >= Quartiles1!B$1, $H10 <= Quartiles1!$B$2), 1, IF(AND($H10 > Quartiles1!$B$2, $H10 <= Quartiles1!$B$3), 2, IF(AND($H10 > Quartiles1!$B$3, $H10 <= Quartiles1!$B$4), 3, 4))) -> 2 | J10: =I10*PCAWeights!$E$22 -> 0.41642643 | K10: 8 | L10: =IF(AND($K10 >= Quartiles1!$C$1, $K10 <= Quartiles1!$C$2), 1, IF(AND($K10 > Quartiles1!$C$2, $K10 <= Quartiles1!$C$3), 2, IF(AND($K10 > Quartiles1!$C$3, $K10 <= Quartiles1!$C$4), 3, 4))) -> 4 | M10: =L10*PCAWeights!$E$23 -> 0.99103027 | N10: 3 | O10: 2 | P10: =O10*PCAWeights!$E$24 -> 0.49985061 | Q10: =$D10+$G10+$J10+$M10+$P10 -> 2.4844009 | R10: =VLOOKUP($A10,'Star Score'!$A$2:$C$60,2,FALSE) -> 4 | S10: Mop-like panicle | T10: White | U10: 43983 | V10: 44136 | W10: June - Oct | X10: 5 | Y10: 5 | Z10: Full sun to full shade | AB10: N/A | AC10: Hydrangea paniculata | AD10: Days blooming 2019 data not available; used median | AE10: https://www.gertens.com/candy-apple-hydrangea
A11: Daimond Rogue | B11: 58 | C11: =IF(AND($B11 >= Quartiles1!$E$1, $B11 <= Quartiles1!$E$2), 1, IF(AND($B11 > Quartiles1!$E$2, $B11 <= Quartiles1!$E$3), 2, IF(AND($B11 > Quartiles1!$E$3, $B11 <= Quartiles1!$E$4), 3, 4))) -> 2 | D11: 0 | E11: 0.6516739 | F11: =IF(AND($E11 >= Quartiles1!$A$1, $E11 <= Quartiles1!$A$2), 1, IF(AND($E11 > Quartiles1!$A$2, $E11 <= Quartiles1!$A$3), 2, IF(AND($E11 > Quartiles1!$A$3, $E11 <= Quartiles1!$A$4), 3, 4))) -> 2 | G11: =F11*PCAWeights!$E$21 -> 0.38472903 | H11: 13 | I11: =IF(AND($H11 >= Quartiles1!B$1, $H11 <= Quartiles1!$B$2), 1, IF(AND($H11 > Quartiles1!$B$2, $H11 <= Quartiles1!$B$3), 2, IF(AND($H11 > Quartiles1!$B$3, $H11 <= Quartiles1!$B$4), 3, 4))) -> 2 | J11: =I11*PCAWeights!$E$22 -> 0.41642643 | K11: 4 | L11: =IF(AND($K11 >= Quartiles1!$C$1, $K11 <= Quartiles1!$C$2), 1, IF(AND($K11 > Quartiles1!$C$2, $K11 <= Quartiles1!$C$3), 2, IF(AND($K11 > Quartiles1!$C$3, $K11 <= Quartiles1!$C$4), 3, 4))) -> 2 | M11: =L11*PCAWeights!$E$23 -> 0.49551513 | N11: 3 | O11: 2 | P11: =O11*PCAWeights!$E$24 -> 0.49985061 | Q11: =$D11+$G11+$J11+$M11+$P11 -> 1.7965212 | R11: =VLOOKUP($A11,'Star Score'!$A$2:$C$60,2,FALSE) -> 2 | S11: Mop-like panicle | T11: Pink-white | W11: Aug - Oct | X11: 4 to 5 | Y11: 3 to 4 | Z11: Full sun to part shade | AB11: Easy | AC11: Hydrangea paniculata | AE11: https://firsteditionsplants.com/product/diamond-rouge-panicle-hydrangea/; https://www.gardenia.net/plant/hydrangea-paniculata-diamond-rouge
A12: Dharuma | B12: 458 | C12: =IF(AND($B12 >= Quartiles1!$E$1, $B12 <= Quartiles1!$E$2), 1, IF(AND($B12 > Quartiles1!$E$2, $B12 <= Quartiles1!$E$3), 2, IF(AND($B12 > Quartiles1!$E$3, $B12 <= Quartiles1!$E$4), 3, 4))) -> 4 | D12: 0 | E12: 0.8397249 | F12: =IF(AND($E12 >= Quartiles1!$A$1, $E12 <= Quartiles1!$A$2), 1, IF(AND($E12 > Quartiles1!$A$2, $E12 <= Quartiles1!$A$3), 2, IF(AND($E12 > Quartiles1!$A$3, $E12 <= Quartiles1!$A$4), 3, 4))) -> 2 | G12: =F12*PCAWeights!$E$21 -> 0.38472903 | H12: 43 | I12: =IF(AND($H12 >= Quartiles1!B$1, $H12 <= Quartiles1!$B$2), 1, IF(AND($H12 > Quartiles1!$B$2, $H12 <= Quartiles1!$B$3), 2, IF(AND($H12 > Quartiles1!$B$3, $H12 <= Quartiles1!$B$4), 3, 4))) -> 4 | J12: =I12*PCAWeights!$E$22 -> 0.83285286 | K12: 8 | L12: =IF(AND($K12 >= Quartiles1!$C$1, $K12 <= Quartiles1!$C$2), 1, IF(AND($K12 > Quartiles1!$C$2, $K12 <= Quartiles1!$C$3), 2, IF(AND($K12 > Quartiles1!$C$3, $K12 <= Quartiles1!$C$4), 3, 4))) -> 4 | M12: =L12*PCAWeights!$E$23 -> 0.99103027 | N12: 3 | O12: 2 | P12: =O12*PCAWeights!$E$24 -> 0.49985061 | Q12: =$D12+$G12+$J12+$M12+$P12 -> 2.7084628 | R12: =VLOOKUP($A12,'Star Score'!$A$2:$C$60,2,FALSE) -> 5 | S12: Lacy panicle | T12: White | U12: 44013 | V12: 44075 | W12: July - Sept | X12: 3 to 4 | Y12: 3 to 4 | Z12: Full sun to part shade | AA12: Medium | AB12: N/A | AC12: Hydrangea paniculata | AE12: https://www.northshoreplantclub.com/plant?id=7267
A13: Dolly | B13: 23 | C13: =IF(AND($B13 >= Quartiles1!$E$1, $B13 <= Quartiles1!$E$2), 1, IF(AND($B13 > Quartiles1!$E$2, $B13 <= Quartiles1!$E$3), 2, IF(AND($B13 > Quartiles1!$E$3, $B13 <= Quartiles1!$E$4), 3, 4))) -> 1 | D13: =-$J$61*0.125*2 -> -0.12792761 | E13: 1.2569249 | F13: =IF(AND($E13 >= Quartiles1!$A$1, $E13 <= Quartiles1!$A$2), 1, IF(AND($E13 > Quartiles1!$A$2, $E13 <= Quartiles1!$A$3), 2, IF(AND($E13 > Quartiles1!$A$3, $E13 <= Quartiles1!$A$4), 3, 4))) -> 4 | G13: =F13*PCAWeights!$E$21 -> 0.76945805 | H13: 25 | I13: =IF(AND($H13 >= Quartiles1!B$1, $H13 <= Quartiles1!$B$2), 1, IF(AND($H13 > Quartiles1!$B$2, $H13 <= Quartiles1!$B$3), 2, IF(AND($H13 > Quartiles1!$B$3, $H13 <= Quartiles1!$B$4), 3, 4))) -> 3 | J13: =I13*PCAWeights!$E$22 -> 0.62463965 | K13: 3 | L13: =IF(AND($K13 >= Quartiles1!$C$1, $K13 <= Quartiles1!$C$2), 1, IF(AND($K13 > Quartiles1!$C$2, $K13 <= Quartiles1!$C$3), 2, IF(AND($K13 > Quartiles1!$C$3, $K13 <= Quartiles1!$C$4), 3, 4))) -> 1 | M13: =L13*PCAWeights!$E$23 -> 0.24775757 | N13: 1 | O13: 1 | P13: =O13*PCAWeights!$E$24 -> 0.2499253 | Q13: =$D13+$G13+$J13+$M13+$P13 -> 1.763853 | R13: =VLOOKUP($A13,'Star Score'!$A$2:$C$60,2,FALSE) -> 2 | S13: Lacy panicle | T13: White | W13: Aug - Oct | X13: 5 to 8 | Y13: 5 to 8 | Z13: Full sun to partial shade | AC13: Hydrangea paniculata | AE13: https://www.rhs.org.uk/plants/177811/hydrangea-paniculata-dolly/details
A14: Early Evolution | B14: NA | E14: 0.1732868 | F14: =IF(AND($E14 >= Quartiles1!$A$1, $E14 <= Quartiles1!$A$2), 1, IF(AND($E14 > Quartiles1!$A$2, $E14 <= Quartiles1!$A$3), 2, IF(AND($E14 > Quartiles1!$A$3, $E14 <= Quartiles1!$A$4), 3, 4))) -> 1 | G14: =F14*PCAWeights!$E$21 -> 0.19236451 | H14: 1.5 | I14: =IF(AND($H14 >= Quartiles1!B$1, $H14 <= Quartiles1!$B$2), 1, IF(AND($H14 > Quartiles1!$B$2, $H14 <= Quartiles1!$B$3), 2, IF(AND($H14 > Quartiles1!$B$3, $H14 <= Quartiles1!$B$4), 3, 4))) -> 1 | J14: =I14*PCAWeights!$E$22 -> 0.20821322 | K14: 4 | L14: =IF(AND($K14 >= Quartiles1!$C$1, $K14 <= Quartiles1!$C$2), 1, IF(AND($K14 > Quartiles1!$C$2, $K14 <= Quartiles1!$C$3), 2, IF(AND($K14 > Quartiles1!$C$3, $K14 <= Quartiles1!$C$4), 3, 4))) -> 2 | M14: =L14*PCAWeights!$E$23 -> 0.49551513 | N14: 3 | O14: 2 | P14: =O14*PCAWeights!$E$24 -> 0.49985061 | Q14: =$D14+$G14+$J14+$M14+$P14 -> 1.3959435 | R14: =VLOOKUP($A14,'Star Score'!$A$2:$C$60,2,FALSE) -> 2 | S14: Lacy panicle | T14: Pink-white | W14: June - Nov | X14: 2 | Y14: 2 | Z14: Full sun to partial sun | AA14: Moist but well-drained | AB14: Easy | AC14: Hydrangea paniculata | AD14: Days blooming 2019 data not available; used median | AE14: https://www.waysidegardens.com/hydrangea-early-evolution-panicle-hydrangea-29895.html?srsltid=AfmBOoplMCVMM8O1mXoJVVWgNctuiqsXnHFi1Uw9h6XKAItY9-yi0uix
A15: Fire & Ice | B15: 129 | C15: =IF(AND($B15 >= Quartiles1!$E$1, $B15 <= Quartiles1!$E$2), 1, IF(AND($B15 > Quartiles1!$E$2, $B15 <= Quartiles1!$E$3), 2, IF(AND($B15 > Quartiles1!$E$3, $B15 <= Quartiles1!$E$4), 3, 4))) -> 3 | D15: =-$J$61*0.125*1 -> -0.063963806 | E15: 1.8356357 | F15: =IF(AND($E15 >= Quartiles1!$A$1, $E15 <= Quartiles1!$A$2), 1, IF(AND($E15 > Quartiles1!$A$2, $E15 <= Quartiles1!$A$3), 2, IF(AND($E15 > Quartiles1!$A$3, $E15 <= Quartiles1!$A$4), 3, 4))) -> 4 | G15: =F15*PCAWeights!$E$21 -> 0.76945805 | H15: 36 | I15: =IF(AND($H15 >= Quartiles1!B$1, $H15 <= Quartiles1!$B$2), 1, IF(AND($H15 > Quartiles1!$B$2, $H15 <= Quartiles1!$B$3), 2, IF(AND($H15 > Quartiles1!$B$3, $H15 <= Quartiles1!$B$4), 3, 4))) -> 4 | J15: =I15*PCAWeights!$E$22 -> 0.83285286 | K15: 3 | L15: =IF(AND($K15 >= Quartiles1!$C$1, $K15 <= Quartiles1!$C$2), 1, IF(AND($K15 > Quartiles1!$C$2, $K15 <= Quartiles1!$C$3), 2, IF(AND($K15 > Quartiles1!$C$3, $K15 <= Quartiles1!$C$4), 3, 4))) -> 1 | M15: =L15*PCAWeights!$E$23 -> 0.24775757 | N15: 1 | O15: 1 | P15: =O15*PCAWeights!$E$24 -> 0.2499253 | Q15: =$D15+$G15+$J15+$M15+$P15 -> 2.03603 | R15: =VLOOKUP($A15,'Star Score'!$A$2:$C$60,2,FALSE) -> 3 | S15: Lacy panicle | T15: Pink-white | W15: June - July | X15: 3 to 5 | Y15: 3 to 4 | Z15: Partial sun | AB15: Easy | AC15: Hydrangea paniculata | AE15: https://www.ballseed.com/PlantInfo/?phid=034001085020985
A16: Fire Light | B16: 19 | C16: =IF(AND($B16 >= Quartiles1!$E$1, $B16 <= Quartiles1!$E$2), 1, IF(AND($B16 > Quartiles1!$E$2, $B16 <= Quartiles1!$E$3), 2, IF(AND($B16 > Quartiles1!$E$3, $B16 <= Quartiles1!$E$4), 3, 4))) -> 1 | D16: =-$J$61*0.125*2 -> -0.12792761 | E16: 1.1404776 | F16: =IF(AND($E16 >= Quartiles1!$A$1, $E16 <= Quartiles1!$A$2), 1, IF(AND($E16 > Quartiles1!$A$2, $E16 <= Quartiles1!$A$3), 2, IF(AND($E16 > Quartiles1!$A$3, $E16 <= Quartiles1!$A$4), 3, 4))) -> 3 | G16: =F16*PCAWeights!$E$21 -> 0.57709354 | H16: 25 | I16: =IF(AND($H16 >= Quartiles1!B$1, $H16 <= Quartiles1!$B$2), 1, IF(AND($H16 > Quartiles1!$B$2, $H16 <= Quartiles1!$B$3), 2, IF(AND($H16 > Quartiles1!$B$3, $H16 <= Quartiles1!$B$4), 3, 4))) -> 3 | J16: =I16*PCAWeights!$E$22 -> 0.62463965 | K16: 15 | L16: =IF(AND($K16 >= Quartiles1!$C$1, $K16 <= Quartiles1!$C$2), 1, IF(AND($K16 > Quartiles1!$C$2, $K16 <= Quartiles1!$C$3), 2, IF(AND($K16 > Quartiles1!$C$3, $K16 <= Quartiles1!$C$4), 3, 4))) -> 4 | M16: =L16*PCAWeights!$E$23 -> 0.99103027 | N16: 1 | O16: 1 | P16: =O16*PCAWeights!$E$24 -> 0.2499253 | Q16: =$D16+$G16+$J16+$M16+$P16 -> 2.3147611 | R16: =VLOOKUP($A16,'Star Score'!$A$2:$C$60,2,FALSE) -> 4 | S16: Mop-like panicle | T16: Pink | U16: 44014 | V16: 44075 | W16: July - Sept | X16: 6 to 8 | Y16: 6 to 8 | Z16: Sun to part shade | AA16: N/A | AB16: N/A | AC16: Hydrangea paniculata | AE16: https://www.whiteflowerfarm.com/63163-product.html
A17: Floribunda | B17: 286 | C17: =IF(AND($B17 >= Quartiles1!$E$1, $B17 <= Quartiles1!$E$2), 1, IF(AND($B17 > Quartiles1!$E$2, $B17 <= Quartiles1!$E$3), 2, IF(AND($B17 > Quartiles1!$E$3, $B17 <= Quartiles1!$E$4), 3, 4))) -> 4 | D17: =-$J$61*0.125*1 -> -0.063963806 | E17: 1.1065032 | F17: =IF(AND($E17 >= Quartiles1!$A$1, $E17 <= Quartiles1!$A$2), 1, IF(AND($E17 > Quartiles1!$A$2, $E17 <= Quartiles1!$A$3), 2, IF(AND($E17 > Quartiles1!$A$3, $E17 <= Quartiles1!$A$4), 3, 4))) -> 3 | G17: =F17*PCAWeights!$E$21 -> 0.57709354 | H17: 19 | I17: =IF(AND($H17 >= Quartiles1!B$1, $H17 <= Quartiles1!$B$2), 1, IF(AND($H17 > Quartiles1!$B$2, $H17 <= Quartiles1!$B$3), 2, IF(AND($H17 > Quartiles1!$B$3, $H17 <= Quartiles1!$B$4), 3, 4))) -> 3 | J17: =I17*PCAWeights!$E$22 -> 0.62463965 | K17: 4 | L17: =IF(AND($K17 >= Quartiles1!$C$1, $K17 <= Quartiles1!$C$2), 1, IF(AND($K17 > Quartiles1!$C$2, $K17 <= Quartiles1!$C$3), 2, IF(AND($K17 > Quartiles1!$C$3, $K17 <= Quartiles1!$C$4), 3, 4))) -> 2 | M17: =L17*PCAWeights!$E$23 -> 0.49551513 | N17: 5 | O17: 4 | P17: =O17*PCAWeights!$E$24 -> 0.99970122 | Q17: =$D17+$G17+$J17+$M17+$P17 -> 2.6329857 | R17: =VLOOKUP($A17,'Star Score'!$A$2:$C$60,2,FALSE) -> 4 | S17: Lacy panicle | T17: White | U17: 44044 | V17: 44105 | W17: Aug - Oct | X17: 8 to 13 | Y17: 5 to 8 | Z17: Full sun to part shade | AA17: Moist but well-drained | AB17: N/A | AC17: Hydrangea paniculata | AE17: https://www.rhs.org.uk/plants/98580/hydrangea-paniculata-floribunda/details
A18: Great Star | B18: 216 | C18: =IF(AND($B18 >= Quartiles1!$E$1, $B18 <= Quartiles1!$E$2), 1, IF(AND($B18 > Quartiles1!$E$2, $B18 <= Quartiles1!$E$3), 2, IF(AND($B18 > Quartiles1!$E$3, $B18 <= Quartiles1!$E$4), 3, 4))) -> 3 | D18: 0 | E18: 1.1731406 | F18: =IF(AND($E18 >= Quartiles1!$A$1, $E18 <= Quartiles1!$A$2), 1, IF(AND($E18 > Quartiles1!$A$2, $E18 <= Quartiles1!$A$3), 2, IF(AND($E18 > Quartiles1!$A$3, $E18 <= Quartiles1!$A$4), 3, 4))) -> 4 | G18: =F18*PCAWeights!$E$21 -> 0.76945805 | H18: 25.5 | I18: =IF(AND($H18 >= Quartiles1!B$1, $H18 <= Quartiles1!$B$2), 1, IF(AND($H18 > Quartiles1!$B$2, $H18 <= Quartiles1!$B$3), 2, IF(AND($H18 > Quartiles1!$B$3, $H18 <= Quartiles1!$B$4), 3, 4))) -> 3 | J18: =I18*PCAWeights!$E$22 -> 0.62463965 | K18: 7 | L18: =IF(AND($K18 >= Quartiles1!$C$1, $K18 <= Quartiles1!$C$2), 1, IF(AND($K18 > Quartiles1!$C$2, $K18 <= Quartiles1!$C$3), 2, IF(AND($K18 > Quartiles1!$C$3, $K18 <= Quartiles1!$C$4), 3, 4))) -> 4 | M18: =L18*PCAWeights!$E$23 -> 0.99103027 | N18: 7 | O18: 4 | P18: =O18*PCAWeights!$E$24 -> 0.99970122 | Q18: =$D18+$G18+$J18+$M18+$P18 -> 3.3848292 | R18: =VLOOKUP($A18,'Star Score'!$A$2:$C$60,2,FALSE) -> 5 | S18: Lacy panicle | T18: White | U18: 44013 | V18: 44075 | W18: July - Sept | X18: 6 to 7 | Y18: 7 to 8 | Z18: Full sun to part shade | AA18: Medium | AB18: Medium | AC18: Hydrangea paniculata | AE18: https://www.missouribotanicalgarden.org
A19: Green Spire | B19: 251 | C19: =IF(AND($B19 >= Quartiles1!$E$1, $B19 <= Quartiles1!$E$2), 1, IF(AND($B19 > Quartiles1!$E$2, $B19 <= Quartiles1!$E$3), 2, IF(AND($B19 > Quartiles1!$E$3, $B19 <= Quartiles1!$E$4), 3, 4))) -> 4 | D19: 0 | E19: 1.2637924 | F19: =IF(AND($E19 >= Quartiles1!$A$1, $E19 <= Quartiles1!$A$2), 1, IF(AND($E19 > Quartiles1!$A$2, $E19 <= Quartiles1!$A$3), 2, IF(AND($E19 > Quartiles1!$A$3, $E19 <= Quartiles1!$A$4), 3, 4))) -> 4 | G19: =F19*PCAWeights!$E$21 -> 0.76945805 | H19: 80 | I19: =IF(AND($H19 >= Quartiles1!B$1, $H19 <= Quartiles1!$B$2), 1, IF(AND($H19 > Quartiles1!$B$2, $H19 <= Quartiles1!$B$3), 2, IF(AND($H19 > Quartiles1!$B$3, $H19 <= Quartiles1!$B$4), 3, 4))) -> 4 | J19: =I19*PCAWeights!$E$22 -> 0.83285286 | K19: 4 | L19: =IF(AND($K19 >= Quartiles1!$C$1, $K19 <= Quartiles1!$C$2), 1, IF(AND($K19 > Quartiles1!$C$2, $K19 <= Quartiles1!$C$3), 2, IF(AND($K19 > Quartiles1!$C$3, $K19 <= Quartiles1!$C$4), 3, 4))) -> 2 | M19: =L19*PCAWeights!$E$23 -> 0.49551513 | N19: 3 | O19: 2 | P19: =O19*PCAWeights!$E$24 -> 0.49985061 | Q19: =$D19+$G19+$J19+$M19+$P19 -> 2.5976767 | R19: =VLOOKUP($A19,'Star Score'!$A$2:$C$60,2,FALSE) -> 4 | S19: Lacy panicle | T19: Green-white | U19: 44044 | V19: 44105 | W19: Aug - Oct | X19: 6 to 10 | Y19: 6 to 10 | Z19: Full sun to part sun | AA19: Medium | AB19: Low | AC19: Hydrangea paniculata | AD19: Could not find a bloom time so used our own data for it | AE19: https://www.gardenia.net/plant/hydrangea-paniculata-greenspire
A20: Haas Halo | B20: NA | E20: 0.5959298 | F20: =IF(AND($E20 >= Quartiles1!$A$1, $E20 <= Quartiles1!$A$2), 1, IF(AND($E20 > Quartiles1!$A$2, $E20 <= Quartiles1!$A$3), 2, IF(AND($E20 > Quartiles1!$A$3, $E20 <= Quartiles1!$A$4), 3, 4))) -> 2 | G20: =F20*PCAWeights!$E$21 -> 0.38472903 | H20: 36 | I20: =IF(AND($H20 >= Quartiles1!B$1, $H20 <= Quartiles1!$B$2), 1, IF(AND($H20 > Quartiles1!$B$2, $H20 <= Quartiles1!$B$3), 2, IF(AND($H20 > Quartiles1!$B$3, $H20 <= Quartiles1!$B$4), 3, 4))) -> 4 | J20: =I20*PCAWeights!$E$22 -> 0.83285286 | K20: 7 | L20: =IF(AND($K20 >= Quartiles1!$C$1, $K20 <= Quartiles1!$C$2), 1, IF(AND($K20 > Quartiles1!$C$2, $K20 <= Quartiles1!$C$3), 2, IF(AND($K20 > Quartiles1!$C$3, $K20 <= Quartiles1!$C$4), 3, 4))) -> 4 | M20: =L20*PCAWeights!$E$23 -> 0.99103027 | N20: 3 | O20: 2 | P20: =O20*PCAWeights!$E$24 -> 0.49985061 | Q20: =$D20+$G20+$J20+$M20+$P20 -> 2.7084628 | R20: =VLOOKUP($A20,'Star Score'!$A$2:$C$60,2,FALSE) -> 5 | S20: Lacy | T20: White | U20: 43983 | V20: 44013 | W20: June - July | X20: 7 | Y20: 7 | Z20: Full sun to full shade | AA20: N/A | AB20: N/A | AC20: Hydrangea arborescens | AD20: Days blooming 2019 data not available; used median | AE20: https://mtcubacenter.org/trials/wild-hydrangea-for-the-mid-atlantic-region/hydrangea-arborescens-haas-halo/
A21: Hayes Starburst | B21: NA | E21: 0 | F21: =IF(AND($E21 >= Quartiles1!$A$1, $E21 <= Quartiles1!$A$2), 1, IF(AND($E21 > Quartiles1!$A$2, $E21 <= Quartiles1!$A$3), 2, IF(AND($E21 > Quartiles1!$A$3, $E21 <= Quartiles1!$A$4), 3, 4))) -> 1 | G21: =F21*PCAWeights!$E$21 -> 0.19236451 | H21: 2 | I21: =IF(AND($H21 >= Quartiles1!B$1, $H21 <= Quartiles1!$B$2), 1, IF(AND($H21 > Quartiles1!$B$2, $H21 <= Quartiles1!$B$3), 2, IF(AND($H21 > Quartiles1!$B$3, $H21 <= Quartiles1!$B$4), 3, 4))) -> 1 | J21: =I21*PCAWeights!$E$22 -> 0.20821322 | K21: 1 | L21: =IF(AND($K21 >= Quartiles1!$C$1, $K21 <= Quartiles1!$C$2), 1, IF(AND($K21 > Quartiles1!$C$2, $K21 <= Quartiles1!$C$3), 2, IF(AND($K21 > Quartiles1!$C$3, $K21 <= Quartiles1!$C$4), 3, 4))) -> 1 | M21: =L21*PCAWeights!$E$23 -> 0.24775757 | N21: 3 | O21: 2 | P21: =O21*PCAWeights!$E$24 -> 0.49985061 | Q21: =$D21+$G21+$J21+$M21+$P21 -> 1.1481859 | R21: =VLOOKUP($A21,'Star Score'!$A$2:$C$60,2,FALSE) -> 1 | S21: Mop | T21: White | W21: June - Sept | X21: 2 to 4 | Y21: 2 to 4 | Z21: Part shade | AA21: Medium | AB21: Low | AC21: Hydrangea arborescens | AD21: Days blooming 2019 data not available; used median | AE21: https://www.missouribotanicalgarden.org/PlantFinder/PlantFinderDetails.aspx?taxonid=299175&isprofile=0&
A22: Honey Comb | B22: 322 | C22: =IF(AND($B22 >= Quartiles1!$E$1, $B22 <= Quartiles1!$E$2), 1, IF(AND($B22 > Quartiles1!$E$2, $B22 <= Quartiles1!$E$3), 2, IF(AND($B22 > Quartiles1!$E$3, $B22 <= Quartiles1!$E$4), 3, 4))) -> 4 | D22: 0 | E22: 0.9788602 | F22: =IF(AND($E22 >= Quartiles1!$A$1, $E22 <= Quartiles1!$A$2), 1, IF(AND($E22 > Quartiles1!$A$2, $E22 <= Quartiles1!$A$3), 2, IF(AND($E22 > Quartiles1!$A$3, $E22 <= Quartiles1!$A$4), 3, 4))) -> 3 | G22: =F22*PCAWeights!$E$21 -> 0.57709354 | H22: 50 | I22: =IF(AND($H22 >= Quartiles1!B$1, $H22 <= Quartiles1!$B$2), 1, IF(AND($H22 > Quartiles1!$B$2, $H22 <= Quartiles1!$B$3), 2, IF(AND($H22 > Quartiles1!$B$3, $H22 <= Quartiles1!$B$4), 3, 4))) -> 4 | J22: =I22*PCAWeights!$E$22 -> 0.83285286 | K22: 4 | L22: =IF(AND($K22 >= Quartiles1!$C$1, $K22 <= Quartiles1!$C$2), 1, IF(AND($K22 > Quartiles1!$C$2, $K22 <= Quartiles1!$C$3), 2, IF(AND($K22 > Quartiles1!$C$3, $K22 <= Quartiles1!$C$4), 3, 4))) -> 2 | M22: =L22*PCAWeights!$E$23 -> 0.49551513 | N22: 4 | O22: 4 | P22: =O22*PCAWeights!$E$24 -> 0.99970122 | Q22: =$D22+$G22+$J22+$M22+$P22 -> 2.9051628 | R22: =VLOOKUP($A22,'Star Score'!$A$2:$C$60,2,FALSE) -> 5 | S22: Lacy panicle | T22: White | U22: 44013 | V22: 44105 | W22: July - Oct | X22: 15 | Y22: 7 | Z22: Full sun to full shade | AA22: N/A | AB22: Medium | AC22: Hydrangea paniculata | AD22: Could not find exact bloom time, used our data | AE22: http://plants.beechwood-gardens.com/12130013/Plant/16553/Honeycomb_Hydrangea/
A23: Incrediball | B23: NA | E23: 0.4193734 | F23: =IF(AND($E23 >= Quartiles1!$A$1, $E23 <= Quartiles1!$A$2), 1, IF(AND($E23 > Quartiles1!$A$2, $E23 <= Quartiles1!$A$3), 2, IF(AND($E23 > Quartiles1!$A$3, $E23 <= Quartiles1!$A$4), 3, 4))) -> 1 | G23: =F23*PCAWeights!$E$21 -> 0.19236451 | H23: 4 | I23: =IF(AND($H23 >= Quartiles1!B$1, $H23 <= Quartiles1!$B$2), 1, IF(AND($H23 > Quartiles1!$B$2, $H23 <= Quartiles1!$B$3), 2, IF(AND($H23 > Quartiles1!$B$3, $H23 <= Quartiles1!$B$4), 3, 4))) -> 1 | J23: =I23*PCAWeights!$E$22 -> 0.20821322 | K23: 8 | L23: =IF(AND($K23 >= Quartiles1!$C$1, $K23 <= Quartiles1!$C$2), 1, IF(AND($K23 > Quartiles1!$C$2, $K23 <= Quartiles1!$C$3), 2, IF(AND($K23 > Quartiles1!$C$3, $K23 <= Quartiles1!$C$4), 3, 4))) -> 4 | M23: =L23*PCAWeights!$E$23 -> 0.99103027 | N23: 3 | O23: 2 | P23: =O23*PCAWeights!$E$24 -> 0.49985061 | Q23: =$D23+$G23+$J23+$M23+$P23 -> 1.8914586 | R23: =VLOOKUP($A23,'Star Score'!$A$2:$C$60,2,FALSE) -> 3 | S23: Mop | T23: White | U23: 44013 | V23: 44044 | W23: July - Aug | X23: 4 to 5 | Y23: 4 to 5 | Z23: Full sun to part sun | AA23: N/A | AB23: N/A | AC23: Hydrangea arborescens | AD23: Could not find exact bloom time, used our data/ Days blooming 2019 data not available; used median | AE23: https://www.thespruce.com/description-of-incrediball-hydrangeas-2132707
A24: Incredibelle Ruby | B24: NA | E24: 0.6648307 | F24: =IF(AND($E24 >= Quartiles1!$A$1, $E24 <= Quartiles1!$A$2), 1, IF(AND($E24 > Quartiles1!$A$2, $E24 <= Quartiles1!$A$3), 2, IF(AND($E24 > Quartiles1!$A$3, $E24 <= Quartiles1!$A$4), 3, 4))) -> 2 | G24: =F24*PCAWeights!$E$21 -> 0.38472903 | H24: 6 | I24: =IF(AND($H24 >= Quartiles1!B$1, $H24 <= Quartiles1!$B$2), 1, IF(AND($H24 > Quartiles1!$B$2, $H24 <= Quartiles1!$B$3), 2, IF(AND($H24 > Quartiles1!$B$3, $H24 <= Quartiles1!$B$4), 3, 4))) -> 1 | J24: =I24*PCAWeights!$E$22 -> 0.20821322 | K24: 2 | L24: =IF(AND($K24 >= Quartiles1!$C$1, $K24 <= Quartiles1!$C$2), 1, IF(AND($K24 > Quartiles1!$C$2, $K24 <= Quartiles1!$C$3), 2, IF(AND($K24 > Quartiles1!$C$3, $K24 <= Quartiles1!$C$4), 3, 4))) -> 1 | M24: =L24*PCAWeights!$E$23 -> 0.24775757 | N24: 3 | O24: 2 | P24: =O24*PCAWeights!$E$24 -> 0.49985061 | Q24: =$D24+$G24+$J24+$M24+$P24 -> 1.3405504 | R24: =VLOOKUP($A24,'Star Score'!$A$2:$C$60,2,FALSE) -> 1 | S24: Mop | T24: White | W24: June - Aug | X24: 4 to 5 | Y24: 4 to 5 | Z24: Full sun to part sun | AA24: Medium | AB24: Easy | AC24: Hydrangea arborescens | AD24: Days blooming 2019 data not available; used median | AE24: https://www.provenwinners.com/plants/hydrangea/incrediball-smooth-hydrangea-hydrangea-arborescens
A25: Invincibelle Spirit | B25: NA | E25: 0.2772589 | F25: =IF(AND($E25 >= Quartiles1!$A$1, $E25 <= Quartiles1!$A$2), 1, IF(AND($E25 > Quartiles1!$A$2, $E25 <= Quartiles1!$A$3), 2, IF(AND($E25 > Quartiles1!$A$3, $E25 <= Quartiles1!$A$4), 3, 4))) -> 1 | G25: =F25*PCAWeights!$E$21 -> 0.19236451 | H25: 2.5 | I25: =IF(AND($H25 >= Quartiles1!B$1, $H25 <= Quartiles1!$B$2), 1, IF(AND($H25 > Quartiles1!$B$2, $H25 <= Quartiles1!$B$3), 2, IF(AND($H25 > Quartiles1!$B$3, $H25 <= Quartiles1!$B$4), 3, 4))) -> 1 | J25: =I25*PCAWeights!$E$22 -> 0.20821322 | K25: 5 | L25: =IF(AND($K25 >= Quartiles1!$C$1, $K25 <= Quartiles1!$C$2), 1, IF(AND($K25 > Quartiles1!$C$2, $K25 <= Quartiles1!$C$3), 2, IF(AND($K25 > Quartiles1!$C$3, $K25 <= Quartiles1!$C$4), 3, 4))) -> 3 | M25: =L25*PCAWeights!$E$23 -> 0.7432727 | N25: 3 | O25: 2 | P25: =O25*PCAWeights!$E$24 -> 0.49985061 | Q25: =$D25+$G25+$J25+$M25+$P25 -> 1.643701 | R25: =VLOOKUP($A25,'Star Score'!$A$2:$C$60,2,FALSE) -> 2 | S25: Mop | T25: Pink | W25: July - Sept | X25: 3.5 - 4 | Y25: 3.5 - 4 | Z25: Part sun to sun | AA25: Medium | AB25: Easy | AC25: Hydrangea arborescens | AD25: Days blooming 2019 data not available; used median | AE25: https://www.provenwinners.com/plants/hydrangea/invincibelle-spirit-ii-smooth-hydrangea-hydrangea-arborescens
A26: Invincibelle Mini Mauvette | B26: NA | E26: 0 | F26: =IF(AND($E26 >= Quartiles1!$A$1, $E26 <= Quartiles1!$A$2), 1, IF(AND($E26 > Quartiles1!$A$2, $E26 <= Quartiles1!$A$3), 2, IF(AND($E26 > Quartiles1!$A$3, $E26 <= Quartiles1!$A$4), 3, 4))) -> 1 | G26: =F26*PCAWeights!$E$21 -> 0.19236451 | H26: 0 | I26: =IF(AND($H26 >= Quartiles1!B$1, $H26 <= Quartiles1!$B$2), 1, IF(AND($H26 > Quartiles1!$B$2, $H26 <= Quartiles1!$B$3), 2, IF(AND($H26 > Quartiles1!$B$3, $H26 <= Quartiles1!$B$4), 3, 4))) -> 1 | J26: =I26*PCAWeights!$E$22 -> 0.20821322 | K26: 1 | L26: =IF(AND($K26 >= Quartiles1!$C$1, $K26 <= Quartiles1!$C$2), 1, IF(AND($K26 > Quartiles1!$C$2, $K26 <= Quartiles1!$C$3), 2, IF(AND($K26 > Quartiles1!$C$3, $K26 <= Quartiles1!$C$4), 3, 4))) -> 1 | M26: =L26*PCAWeights!$E$23 -> 0.24775757 | N26: 3 | O26: 2 | P26: =O26*PCAWeights!$E$24 -> 0.49985061 | Q26: =$D26+$G26+$J26+$M26+$P26 -> 1.1481859 | R26: =VLOOKUP($A26,'Star Score'!$A$2:$C$60,2,FALSE) -> 1 | S26: Mop | T26: Pink | W26: July - Sept | X26: 2.5 - 3 | Y26: 2.5 - 3 | Z26: Part sun to sun | AA26: Medium | AB26: Easy | AC26: Hydrangea arborescens | AD26: Estimated days blooming based on 'summer to fall' | AE26: https://www.provenwinners.com/plants/hydrangea/invincibelle-mini-mauvette-smooth-hydrangea-hydrangea-arborescens
A27: Invincibelle Wee White | B27: NA | E27: 0 | F27: =IF(AND($E27 >= Quartiles1!$A$1, $E27 <= Quartiles1!$A$2), 1, IF(AND($E27 > Quartiles1!$A$2, $E27 <= Quartiles1!$A$3), 2, IF(AND($E27 > Quartiles1!$A$3, $E27 <= Quartiles1!$A$4), 3, 4))) -> 1 | G27: =F27*PCAWeights!$E$21 -> 0.19236451 | H27: 0 | I27: =IF(AND($H27 >= Quartiles1!B$1, $H27 <= Quartiles1!$B$2), 1, IF(AND($H27 > Quartiles1!$B$2, $H27 <= Quartiles1!$B$3), 2, IF(AND($H27 > Quartiles1!$B$3, $H27 <= Quartiles1!$B$4), 3, 4))) -> 1 | J27: =I27*PCAWeights!$E$22 -> 0.20821322 | K27: 1 | L27: =IF(AND($K27 >= Quartiles1!$C$1, $K27 <= Quartiles1!$C$2), 1, IF(AND($K27 > Quartiles1!$C$2, $K27 <= Quartiles1!$C$3), 2, IF(AND($K27 > Quartiles1!$C$3, $K27 <= Quartiles1!$C$4), 3, 4))) -> 1 | M27: =L27*PCAWeights!$E$23 -> 0.24775757 | N27: 3 | O27: 2 | P27: =O27*PCAWeights!$E$24 -> 0.49985061 | Q27: =$D27+$G27+$J27+$M27+$P27 -> 1.1481859 | R27: =VLOOKUP($A27,'Star Score'!$A$2:$C$60,2,FALSE) -> 1 | S27: Mop | T27: White | W27: July - Sept | X27: 1 - 2.5 | Y27: 1-2.5 | Z27: Part sun to sun | AA27: Average | AB27: Easy | AC27: Hydrangea arborescens | AD27: Estimated days blooming based on 'summer to fall' | AE27: https://www.provenwinners.com/plants/hydrangea/invincibelle-wee-white-smooth-hydrangea-hydrangea-arborescens
A28: Kyushu | B28: 261 | C28: =IF(AND($B28 >= Quartiles1!$E$1, $B28 <= Quartiles1!$E$2), 1, IF(AND($B28 > Quartiles1!$E$2, $B28 <= Quartiles1!$E$3), 2, IF(AND($B28 > Quartiles1!$E$3, $B28 <= Quartiles1!$E$4), 3, 4))) -> 4 | D28: 0 | E28: 1.4416311 | F28: =IF(AND($E28 >= Quartiles1!$A$1, $E28 <= Quartiles1!$A$2), 1, IF(AND($E28 > Quartiles1!$A$2, $E28 <= Quartiles1!$A$3), 2, IF(AND($E28 > Quartiles1!$A$3, $E28 <= Quartiles1!$A$4), 3, 4))) -> 4 | G28: =F28*PCAWeights!$E$21 -> 0.76945805 | H28: 54 | I28: =IF(AND($H28 >= Quartiles1!B$1, $H28 <= Quartiles1!$B$2), 1, IF(AND($H28 > Quartiles1!$B$2, $H28 <= Quartiles1!$B$3), 2, IF(AND($H28 > Quartiles1!$B$3, $H28 <= Quartiles1!$B$4), 3, 4))) -> 4 | J28: =I28*PCAWeights!$E$22 -> 0.83285286 | K28: 5 | L28: =IF(AND($K28 >= Quartiles1!$C$1, $K28 <= Quartiles1!$C$2), 1, IF(AND($K28 > Quartiles1!$C$2, $K28 <= Quartiles1!$C$3), 2, IF(AND($K28 > Quartiles1!$C$3, $K28 <= Quartiles1!$C$4), 3, 4))) -> 3 | M28: =L28*PCAWeights!$E$23 -> 0.7432727 | N28: 5 | O28: 4 | P28: =O28*PCAWeights!$E$24 -> 0.99970122 | Q28: =$D28+$G28+$J28+$M28+$P28 -> 3.3452848 | R28: =VLOOKUP($A28,'Star Score'!$A$2:$C$60,2,FALSE) -> 5 | S28: Lacy panicle | T28: White | U28: 43952 | V28: 44105 | W28: May - Oct | X28: 6 to 8 | Y28: 6 to 8 | Z28: Full sun to part shade | AA28: Medium | AB28: N/A | AC28: Hydrangea paniculata | AE28: https://www.chicagobotanic.org/plantcollections/plantfinder/hydrangea_paniculata_kyushu--kyushu_panicle_hydrangea and https://hydrangeasplus.com/products/hydrangea-paniculata-kyushu?srsltid=AfmBOoppDF-Qk1uw-TcabnNQSop8sVqaT7Z2uEnE51IyVpV1DF6uhEKi
A29: Lime Rickey | B29: NA | E29: 0 | F29: =IF(AND($E29 >= Quartiles1!$A$1, $E29 <= Quartiles1!$A$2), 1, IF(AND($E29 > Quartiles1!$A$2, $E29 <= Quartiles1!$A$3), 2, IF(AND($E29 > Quartiles1!$A$3, $E29 <= Quartiles1!$A$4), 3, 4))) -> 1 | G29: =F29*PCAWeights!$E$21 -> 0.19236451 | H29: 0 | I29: =IF(AND($H29 >= Quartiles1!B$1, $H29 <= Quartiles1!$B$2), 1, IF(AND($H29 > Quartiles1!$B$2, $H29 <= Quartiles1!$B$3), 2, IF(AND($H29 > Quartiles1!$B$3, $H29 <= Quartiles1!$B$4), 3, 4))) -> 1 | J29: =I29*PCAWeights!$E$22 -> 0.20821322 | K29: 3 | L29: =IF(AND($K29 >= Quartiles1!$C$1, $K29 <= Quartiles1!$C$2), 1, IF(AND($K29 > Quartiles1!$C$2, $K29 <= Quartiles1!$C$3), 2, IF(AND($K29 > Quartiles1!$C$3, $K29 <= Quartiles1!$C$4), 3, 4))) -> 1 | M29: =L29*PCAWeights!$E$23 -> 0.24775757 | N29: 3 | O29: 2 | P29: =O29*PCAWeights!$E$24 -> 0.49985061 | Q29: =$D29+$G29+$J29+$M29+$P29 -> 1.1481859 | R29: =VLOOKUP($A29,'Star Score'!$A$2:$C$60,2,FALSE) -> 1 | S29: Mop | T29: Green | W29: July - Oct | X29: 4 to 5 | Y29: 4 to 5 | Z29: Full sun to part sun | AA29: Medium | AB29: Easy | AC29: Hydrangea arborescens | AE29: https://www.provenwinners.com/plants/hydrangea/lime-rickey-smooth-hydrangea-hydrangea-arborescens
A30: Limelight | B30: NA | E30: 1.0741606 | F30: =IF(AND($E30 >= Quartiles1!$A$1, $E30 <= Quartiles1!$A$2), 1, IF(AND($E30 > Quartiles1!$A$2, $E30 <= Quartiles1!$A$3), 2, IF(AND($E30 > Quartiles1!$A$3, $E30 <= Quartiles1!$A$4), 3, 4))) -> 3 | G30: =F30*PCAWeights!$E$21 -> 0.57709354 | H30: 22.5 | I30: =IF(AND($H30 >= Quartiles1!B$1, $H30 <= Quartiles1!$B$2), 1, IF(AND($H30 > Quartiles1!$B$2, $H30 <= Quartiles1!$B$3), 2, IF(AND($H30 > Quartiles1!$B$3, $H30 <= Quartiles1!$B$4), 3, 4))) -> 3 | J30: =I30*PCAWeights!$E$22 -> 0.62463965 | K30: 6 | L30: =IF(AND($K30 >= Quartiles1!$C$1, $K30 <= Quartiles1!$C$2), 1, IF(AND($K30 > Quartiles1!$C$2, $K30 <= Quartiles1!$C$3), 2, IF(AND($K30 > Quartiles1!$C$3, $K30 <= Quartiles1!$C$4), 3, 4))) -> 3 | M30: =L30*PCAWeights!$E$23 -> 0.7432727 | N30: 1 | O30: 1 | P30: =O30*PCAWeights!$E$24 -> 0.2499253 | Q30: =$D30+$G30+$J30+$M30+$P30 -> 2.1949312 | R30: =VLOOKUP($A30,'Star Score'!$A$2:$C$60,2,FALSE) -> 3 | S30: Mop-like panicle | T30: Green-white | W30: Aug - Oct | X30: 6 to 8 | Y30: 6 to 8 | Z30: Full sun to part sun | AA30: Medium | AB30: Easy | AC30: Hydrangea paniculata | AD30: Days estimated by season | AE30: https://www.provenwinners.com/plants/hydrangea/limelight-panicle-hydrangea-hydrangea-paniculata
A31: Limelight Prime | B31: NA | E31: 0.4925454 | F31: =IF(AND($E31 >= Quartiles1!$A$1, $E31 <= Quartiles1!$A$2), 1, IF(AND($E31 > Quartiles1!$A$2, $E31 <= Quartiles1!$A$3), 2, IF(AND($E31 > Quartiles1!$A$3, $E31 <= Quartiles1!$A$4), 3, 4))) -> 1 | G31: =F31*PCAWeights!$E$21 -> 0.19236451 | H31: 11 | I31: =IF(AND($H31 >= Quartiles1!B$1, $H31 <= Quartiles1!$B$2), 1, IF(AND($H31 > Quartiles1!$B$2, $H31 <= Quartiles1!$B$3), 2, IF(AND($H31 > Quartiles1!$B$3, $H31 <= Quartiles1!$B$4), 3, 4))) -> 2 | J31: =I31*PCAWeights!$E$22 -> 0.41642643 | K31: 4 | L31: =IF(AND($K31 >= Quartiles1!$C$1, $K31 <= Quartiles1!$C$2), 1, IF(AND($K31 > Quartiles1!$C$2, $K31 <= Quartiles1!$C$3), 2, IF(AND($K31 > Quartiles1!$C$3, $K31 <= Quartiles1!$C$4), 3, 4))) -> 2 | M31: =L31*PCAWeights!$E$23 -> 0.49551513 | N31: 3 | O31: 2 | P31: =O31*PCAWeights!$E$24 -> 0.49985061 | Q31: =$D31+$G31+$J31+$M31+$P31 -> 1.6041567 | R31: =VLOOKUP($A31,'Star Score'!$A$2:$C$60,2,FALSE) -> 2 | S31: Mop-like panicle | T31: Green | W31: June - Aug | X31: 4 to 6 | Y31: 4 to 5 | Z31: Full sun to part sun | AA31: Medium | AB31: Easy | AC31: Hydrangea paniculata | AD31: Days blooming 2019 data not available; used median | AE31: https://www.provenwinners.com/plants/hydrangea/limelight-prime-panicle-hydrangea-hydrangea-paniculata
A32: Little Lamb | B32: 57 | C32: =IF(AND($B32 >= Quartiles1!$E$1, $B32 <= Quartiles1!$E$2), 1, IF(AND($B32 > Quartiles1!$E$2, $B32 <= Quartiles1!$E$3), 2, IF(AND($B32 > Quartiles1!$E$3, $B32 <= Quartiles1!$E$4), 3, 4))) -> 2 | D32: =-$J$61*0.125*1 -> -0.063963806 | E32: 1.4686503 | F32: =IF(AND($E32 >= Quartiles1!$A$1, $E32 <= Quartiles1!$A$2), 1, IF(AND($E32 > Quartiles1!$A$2, $E32 <= Quartiles1!$A$3), 2, IF(AND($E32 > Quartiles1!$A$3, $E32 <= Quartiles1!$A$4), 3, 4))) -> 4 | G32: =F32*PCAWeights!$E$21 -> 0.76945805 | H32: 23 | I32: =IF(AND($H32 >= Quartiles1!B$1, $H32 <= Quartiles1!$B$2), 1, IF(AND($H32 > Quartiles1!$B$2, $H32 <= Quartiles1!$B$3), 2, IF(AND($H32 > Quartiles1!$B$3, $H32 <= Quartiles1!$B$4), 3, 4))) -> 3 | J32: =I32*PCAWeights!$E$22 -> 0.62463965 | K32: 4 | L32: =IF(AND($K32 >= Quartiles1!$C$1, $K32 <= Quartiles1!$C$2), 1, IF(AND($K32 > Quartiles1!$C$2, $K32 <= Quartiles1!$C$3), 2, IF(AND($K32 > Quartiles1!$C$3, $K32 <= Quartiles1!$C$4), 3, 4))) -> 2 | M32: =L32*PCAWeights!$E$23 -> 0.49551513 | N32: 2 | O32: 1 | P32: =O32*PCAWeights!$E$24 -> 0.2499253 | Q32: =$D32+$G32+$J32+$M32+$P32 -> 2.0755743 | R32: =VLOOKUP($A32,'Star Score'!$A$2:$C$60,2,FALSE) -> 3 | S32: Mop-like panicle | T32: White | W32: July - Sept | X32: 4 to 6 | Y32: 4 to 6 | Z32: Full sun to part sun | AA32: Medium | AB32: Easy | AC32: Hydrangea paniculata | AD32: Days estimated by season | AE32: https://www.provenwinners.com/plants/hydrangea/little-lamb-panicle-hydrangea-hydrangea-paniculata
A33: Little Lime | B33: 1 | C33: =IF(AND($B33 >= Quartiles1!$E$1, $B33 <= Quartiles1!$E$2), 1, IF(AND($B33 > Quartiles1!$E$2, $B33 <= Quartiles1!$E$3), 2, IF(AND($B33 > Quartiles1!$E$3, $B33 <= Quartiles1!$E$4), 3, 4))) -> 1 | D33: 0 | E33: 0.8440066 | F33: =IF(AND($E33 >= Quartiles1!$A$1, $E33 <= Quartiles1!$A$2), 1, IF(AND($E33 > Quartiles1!$A$2, $E33 <= Quartiles1!$A$3), 2, IF(AND($E33 > Quartiles1!$A$3, $E33 <= Quartiles1!$A$4), 3, 4))) -> 2 | G33: =F33*PCAWeights!$E$21 -> 0.38472903 | H33: 6 | I33: =IF(AND($H33 >= Quartiles1!B$1, $H33 <= Quartiles1!$B$2), 1, IF(AND($H33 > Quartiles1!$B$2, $H33 <= Quartiles1!$B$3), 2, IF(AND($H33 > Quartiles1!$B$3, $H33 <= Quartiles1!$B$4), 3, 4))) -> 1 | J33: =I33*PCAWeights!$E$22 -> 0.20821322 | K33: 5 | L33: =IF(AND($K33 >= Quartiles1!$C$1, $K33 <= Quartiles1!$C$2), 1, IF(AND($K33 > Quartiles1!$C$2, $K33 <= Quartiles1!$C$3), 2, IF(AND($K33 > Quartiles1!$C$3, $K33 <= Quartiles1!$C$4), 3, 4))) -> 3 | M33: =L33*PCAWeights!$E$23 -> 0.7432727 | N33: 3 | O33: 2 | P33: =O33*PCAWeights!$E$24 -> 0.49985061 | Q33: =$D33+$G33+$J33+$M33+$P33 -> 1.8360656 | R33: =VLOOKUP($A33,'Star Score'!$A$2:$C$60,2,FALSE) -> 3 | S33: Mop-like panicle | T33: Green-white | W33: June - Aug | X33: 3 to 5 | Y33: 3 to 5 | Z33: Full sun to part sun | AA33: Medium | AB33: Easy | AC33: Hydrangea paniculata | AD33: Days blooming 2019 data not available; used median
A34: Little Lime Punch | B34: NA | E34: 0.2502012 | F34: =IF(AND($E34 >= Quartiles1!$A$1, $E34 <= Quartiles1!$A$2), 1, IF(AND($E34 > Quartiles1!$A$2, $E34 <= Quartiles1!$A$3), 2, IF(AND($E34 > Quartiles1!$A$3, $E34 <= Quartiles1!$A$4), 3, 4))) -> 1 | G34: =F34*PCAWeights!$E$21 -> 0.19236451 | H34: 6 | I34: =IF(AND($H34 >= Quartiles1!B$1, $H34 <= Quartiles1!$B$2), 1, IF(AND($H34 > Quartiles1!$B$2, $H34 <= Quartiles1!$B$3), 2, IF(AND($H34 > Quartiles1!$B$3, $H34 <= Quartiles1!$B$4), 3, 4))) -> 1 | J34: =I34*PCAWeights!$E$22 -> 0.20821322 | K34: 2 | L34: =IF(AND($K34 >= Quartiles1!$C$1, $K34 <= Quartiles1!$C$2), 1, IF(AND($K34 > Quartiles1!$C$2, $K34 <= Quartiles1!$C$3), 2, IF(AND($K34 > Quartiles1!$C$3, $K34 <= Quartiles1!$C$4), 3, 4))) -> 1 | M34: =L34*PCAWeights!$E$23 -> 0.24775757 | N34: 3 | O34: 2 | P34: =O34*PCAWeights!$E$24 -> 0.49985061 | Q34: =$D34+$G34+$J34+$M34+$P34 -> 1.1481859 | R34: =VLOOKUP($A34,'Star Score'!$A$2:$C$60,2,FALSE) -> 1 | S34: Mop-like panicle | T34: Pink-white | W34: June - Aug | X34: 3 to 5 | Y34: 3 to 5 | Z34: Full sun to part sun | AA34: Medium | AB34: Moderate | AC34: Hydrangea paniculata | AD34: Days blooming 2019 data not available; used median
A35: Little Quick Fire | B35: NA | E35: 1.2018749 | F35: =IF(AND($E35 >= Quartiles1!$A$1, $E35 <= Quartiles1!$A$2), 1, IF(AND($E35 > Quartiles1!$A$2, $E35 <= Quartiles1!$A$3), 2, IF(AND($E35 > Quartiles1!$A$3, $E35 <= Quartiles1!$A$4), 3, 4))) -> 4 | G35: =F35*PCAWeights!$E$21 -> 0.76945805 | H35: 20.5 | I35: =IF(AND($H35 >= Quartiles1!B$1, $H35 <= Quartiles1!$B$2), 1, IF(AND($H35 > Quartiles1!$B$2, $H35 <= Quartiles1!$B$3), 2, IF(AND($H35 > Quartiles1!$B$3, $H35 <= Quartiles1!$B$4), 3, 4))) -> 3 | J35: =I35*PCAWeights!$E$22 -> 0.62463965 | K35: 6 | L35: =IF(AND($K35 >= Quartiles1!$C$1, $K35 <= Quartiles1!$C$2), 1, IF(AND($K35 > Quartiles1!$C$2, $K35 <= Quartiles1!$C$3), 2, IF(AND($K35 > Quartiles1!$C$3, $K35 <= Quartiles1!$C$4), 3, 4))) -> 3 | M35: =L35*PCAWeights!$E$23 -> 0.7432727 | N35: 3 | O35: 2 | P35: =O35*PCAWeights!$E$24 -> 0.49985061 | Q35: =$D35+$G35+$J35+$M35+$P35 -> 2.637221 | R35: =VLOOKUP($A35,'Star Score'!$A$2:$C$60,2,FALSE) -> 4 | S35: Lacy panicle | T35: Pink | U35: 44013 | V35: 44105 | W35: July - Oct | X35: 3 to 5 | Y35: 3 to 5 | Z35: Full sun to part sun | AA35: Medium | AB35: N/A | AC35: Hydrangea paniculata | AD35: Based on actual days blooming data | AE35: https://hydrangea.com/products/little-quick-fire-panicle-hydrangea?srsltid=AfmBOooNVO-RW1s19arvwHK3wJkCyUnjN03YejaKTVPZG5GIOhFAuDJd
A36: Mega Pearl | B36: 164 | C36: =IF(AND($B36 >= Quartiles1!$E$1, $B36 <= Quartiles1!$E$2), 1, IF(AND($B36 > Quartiles1!$E$2, $B36 <= Quartiles1!$E$3), 2, IF(AND($B36 > Quartiles1!$E$3, $B36 <= Quartiles1!$E$4), 3, 4))) -> 3 | D36: =-$J$61*0.125*1 -> -0.063963806 | E36: 1.1663076 | F36: =IF(AND($E36 >= Quartiles1!$A$1, $E36 <= Quartiles1!$A$2), 1, IF(AND($E36 > Quartiles1!$A$2, $E36 <= Quartiles1!$A$3), 2, IF(AND($E36 > Quartiles1!$A$3, $E36 <= Quartiles1!$A$4), 3, 4))) -> 4 | G36: =F36*PCAWeights!$E$21 -> 0.76945805 | H36: 35 | I36: =IF(AND($H36 >= Quartiles1!B$1, $H36 <= Quartiles1!$B$2), 1, IF(AND($H36 > Quartiles1!$B$2, $H36 <= Quartiles1!$B$3), 2, IF(AND($H36 > Quartiles1!$B$3, $H36 <= Quartiles1!$B$4), 3, 4))) -> 4 | J36: =I36*PCAWeights!$E$22 -> 0.83285286 | K36: 8 | L36: =IF(AND($K36 >= Quartiles1!$C$1, $K36 <= Quartiles1!$C$2), 1, IF(AND($K36 > Quartiles1!$C$2, $K36 <= Quartiles1!$C$3), 2, IF(AND($K36 > Quartiles1!$C$3, $K36 <= Quartiles1!$C$4), 3, 4))) -> 4 | M36: =L36*PCAWeights!$E$23 -> 0.99103027 | N36: 4 | O36: =IF(AND($N36 >= Quartiles1!$D$1, $N36 < Quartiles1!$D$2), 1, IF(AND($N36 > Quartiles1!$D$2, $N36 <= Quartiles1!$D$3), 2, IF(AND($N36 > Quartiles1!$D$3, $N36 <= Quartiles1!$D$4), 3, 4))) -> 4 | P36: =O36*PCAWeights!$E$24 -> 0.99970122 | Q36: =$D36+$G36+$J36+$M36+$P36 -> 3.5290786 | R36: =VLOOKUP($A36,'Star Score'!$A$2:$C$60,2,FALSE) -> 5 | S36: Mop-like panicle | T36: Pink-white | U36: 44013 | V36: 44105 | W36: July - Oct | X36: 6 to 8 | Y36: 6 to 8 | Z36: Full sun | AA36: Medium | AB36: N/A | AC36: Hydrangea paniculata | AD36: Could not find exact date so used our data | AE36: https://naturehills.com/products/hydrangea-mega-pearl?srsltid=AfmBOoqtkNbCaP9iB6-2A1Kswx4540onK_3L41O7YiUTRkcuVu7YItxr
A37: Phantom | B37: 55 | C37: =IF(AND($B37 >= Quartiles1!$E$1, $B37 <= Quartiles1!$E$2), 1, IF(AND($B37 > Quartiles1!$E$2, $B37 <= Quartiles1!$E$3), 2, IF(AND($B37 > Quartiles1!$E$3, $B37 <= Quartiles1!$E$4), 3, 4))) -> 2 | D37: =-$J$61*0.125*1 -> -0.063963806 | E37: 0.8995531 | F37: =IF(AND($E37 >= Quartiles1!$A$1, $E37 <= Quartiles1!$A$2), 1, IF(AND($E37 > Quartiles1!$A$2, $E37 <= Quartiles1!$A$3), 2, IF(AND($E37 > Quartiles1!$A$3, $E37 <= Quartiles1!$A$4), 3, 4))) -> 3 | G37: =F37*PCAWeights!$E$21 -> 0.57709354 | H37: 26.5 | I37: =IF(AND($H37 >= Quartiles1!B$1, $H37 <= Quartiles1!$B$2), 1, IF(AND($H37 > Quartiles1!$B$2, $H37 <= Quartiles1!$B$3), 2, IF(AND($H37 > Quartiles1!$B$3, $H37 <= Quartiles1!$B$4), 3, 4))) -> 3 | J37: =I37*PCAWeights!$E$22 -> 0.62463965 | K37: 8 | L37: =IF(AND($K37 >= Quartiles1!$C$1, $K37 <= Quartiles1!$C$2), 1, IF(AND($K37 > Quartiles1!$C$2, $K37 <= Quartiles1!$C$3), 2, IF(AND($K37 > Quartiles1!$C$3, $K37 <= Quartiles1!$C$4), 3, 4))) -> 4 | M37: =L37*PCAWeights!$E$23 -> 0.99103027 | N37: 2 | O37: 1 | P37: =O37*PCAWeights!$E$24 -> 0.2499253 | Q37: =$D37+$G37+$J37+$M37+$P37 -> 2.378725 | R37: =VLOOKUP($A37,'Star Score'!$A$2:$C$60,2,FALSE) -> 4 | S37: Mop-like panicle | T37: White | U37: 44013 | V37: 44105 | W37: July - Sept | X37: 6 | Y37: 6 | Z37: Full sun to part shade | AA37: Medium | AB37: N/A | AC37: Hydrangea paniculata | AE37: https://www.chicagobotanic.org/plantcollections/plantfinder/hydrangea_paniculata_phantom--phantom_panicle_hydrangea; https://www.whiteflowerfarm.com/hydrangea-paniculata-phantom?srsltid=AfmBOoqN-6A_rH-qscaxYDmDo3F1gWv86VJUmwzuu6xPmHCuVASD09b9
A38: Pillow Talk | B38: 7 | C38: =IF(AND($B38 >= Quartiles1!$E$1, $B38 <= Quartiles1!$E$2), 1, IF(AND($B38 > Quartiles1!$E$2, $B38 <= Quartiles1!$E$3), 2, IF(AND($B38 > Quartiles1!$E$3, $B38 <= Quartiles1!$E$4), 3, 4))) -> 1 | D38: 0 | E38: 0.5493061 | F38: =IF(AND($E38 >= Quartiles1!$A$1, $E38 <= Quartiles1!$A$2), 1, IF(AND($E38 > Quartiles1!$A$2, $E38 <= Quartiles1!$A$3), 2, IF(AND($E38 > Quartiles1!$A$3, $E38 <= Quartiles1!$A$4), 3, 4))) -> 2 | G38: =F38*PCAWeights!$E$21 -> 0.38472903 | H38: 4 | I38: =IF(AND($H38 >= Quartiles1!B$1, $H38 <= Quartiles1!$B$2), 1, IF(AND($H38 > Quartiles1!$B$2, $H38 <= Quartiles1!$B$3), 2, IF(AND($H38 > Quartiles1!$B$3, $H38 <= Quartiles1!$B$4), 3, 4))) -> 1 | J38: =I38*PCAWeights!$E$22 -> 0.20821322 | K38: 2 | L38: =IF(AND($K38 >= Quartiles1!$C$1, $K38 <= Quartiles1!$C$2), 1, IF(AND($K38 > Quartiles1!$C$2, $K38 <= Quartiles1!$C$3), 2, IF(AND($K38 > Quartiles1!$C$3, $K38 <= Quartiles1!$C$4), 3, 4))) -> 1 | M38: =L38*PCAWeights!$E$23 -> 0.24775757 | N38: 3 | O38: 2 | P38: =O38*PCAWeights!$E$24 -> 0.49985061 | Q38: =$D38+$G38+$J38+$M38+$P38 -> 1.3405504 | R38: =VLOOKUP($A38,'Star Score'!$A$2:$C$60,2,FALSE) -> 1 | S38: Mop-like panicle | T38: Pink-white | W38: July - Sept | X38: 6 to 8 | Y38: 6 to 8 | Z38: Full sun to part sun | AA38: Medium | AB38: N/A | AC38: Hydrangea paniculata | AD38: Days blooming 2019 data not available; used median | AE38: https://www.bluestoneperennials.com/HYPT.html?srsltid=AfmBOopYXn8coQlzKXiXbK0TBf2_gvYPUJKAD4PVaOm2cjzKmRdmForX
A39: Pink Diamond | B39: 155 | C39: =IF(AND($B39 >= Quartiles1!$E$1, $B39 <= Quartiles1!$E$2), 1, IF(AND($B39 > Quartiles1!$E$2, $B39 <= Quartiles1!$E$3), 2, IF(AND($B39 > Quartiles1!$E$3, $B39 <= Quartiles1!$E$4), 3, 4))) -> 3 | D39: =$J$61*0.125*1 -> 0.063963806 | E39: 1.561319 | F39: =IF(AND($E39 >= Quartiles1!$A$1, $E39 <= Quartiles1!$A$2), 1, IF(AND($E39 > Quartiles1!$A$2, $E39 <= Quartiles1!$A$3), 2, IF(AND($E39 > Quartiles1!$A$3, $E39 <= Quartiles1!$A$4), 3, 4))) -> 4 | G39: =F39*PCAWeights!$E$21 -> 0.76945805 | H39: 66 | I39: =IF(AND($H39 >= Quartiles1!B$1, $H39 <= Quartiles1!$B$2), 1, IF(AND($H39 > Quartiles1!$B$2, $H39 <= Quartiles1!$B$3), 2, IF(AND($H39 > Quartiles1!$B$3, $H39 <= Quartiles1!$B$4), 3, 4))) -> 4 | J39: =I39*PCAWeights!$E$22 -> 0.83285286 | K39: 4 | L39: =IF(AND($K39 >= Quartiles1!$C$1, $K39 <= Quartiles1!$C$2), 1, IF(AND($K39 > Quartiles1!$C$2, $K39 <= Quartiles1!$C$3), 2, IF(AND($K39 > Quartiles1!$C$3, $K39 <= Quartiles1!$C$4), 3, 4))) -> 2 | M39: =L39*PCAWeights!$E$23 -> 0.49551513 | N39: 2 | O39: 1 | P39: =O39*PCAWeights!$E$24 -> 0.2499253 | Q39: =$D39+$G39+$J39+$M39+$P39 -> 2.4117152 | R39: =VLOOKUP($A39,'Star Score'!$A$2:$C$60,2,FALSE) -> 4 | S39: Lacy panicle | T39: Pink | U39: 44013 | V39: 44075 | W39: July - Sept | X39: 8 to 15 | Y39: 8 to 15 | Z39: Full sun to part shade | AA39: Medium | AB39: Medium | AC39: Hydrangea paniculata | AE39: https://www.missouribotanicalgarden.org
A40: Pink Lady | B40: 2 | C40: =IF(AND($B40 >= Quartiles1!$E$1, $B40 <= Quartiles1!$E$2), 1, IF(AND($B40 > Quartiles1!$E$2, $B40 <= Quartiles1!$E$3), 2, IF(AND($B40 > Quartiles1!$E$3, $B40 <= Quartiles1!$E$4), 3, 4))) -> 1 | D40: =-$J$61*0.125*2 -> -0.12792761 | E40: 1.0919433 | F40: =IF(AND($E40 >= Quartiles1!$A$1, $E40 <= Quartiles1!$A$2), 1, IF(AND($E40 > Quartiles1!$A$2, $E40 <= Quartiles1!$A$3), 2, IF(AND($E40 > Quartiles1!$A$3, $E40 <= Quartiles1!$A$4), 3, 4))) -> 3 | G40: =F40*PCAWeights!$E$21 -> 0.57709354 | H40: 18.5 | I40: =IF(AND($H40 >= Quartiles1!B$1, $H40 <= Quartiles1!$B$2), 1, IF(AND($H40 > Quartiles1!$B$2, $H40 <= Quartiles1!$B$3), 2, IF(AND($H40 > Quartiles1!$B$3, $H40 <= Quartiles1!$B$4), 3, 4))) -> 3 | J40: =I40*PCAWeights!$E$22 -> 0.62463965 | K40: 6 | L40: =IF(AND($K40 >= Quartiles1!$C$1, $K40 <= Quartiles1!$C$2), 1, IF(AND($K40 > Quartiles1!$C$2, $K40 <= Quartiles1!$C$3), 2, IF(AND($K40 > Quartiles1!$C$3, $K40 <= Quartiles1!$C$4), 3, 4))) -> 3 | M40: =L40*PCAWeights!$E$23 -> 0.7432727 | N40: 3 | O40: 2 | P40: =O40*PCAWeights!$E$24 -> 0.49985061 | Q40: =$D40+$G40+$J40+$M40+$P40 -> 2.3169289 | R40: =VLOOKUP($A40,'Star Score'!$A$2:$C$60,2,FALSE) -> 4 | S40: Mop-like panicle | T40: Pink-white | W40: June - Aug | X40: 5 to 8 | Y40: 5 to 8 | Z40: Full sun to part shade | AA40: Moist but well-drained | AC40: Hydrangea paniculata | AD40: Days blooming 2019 data not available; used median | AE40: https://www.rhs.org.uk/plants/177821/hydrangea-paniculata-pink-lady/details
A41: Pink Pincushion | B41: NA | E41: 0 | F41: =IF(AND($E41 >= Quartiles1!$A$1, $E41 <= Quartiles1!$A$2), 1, IF(AND($E41 > Quartiles1!$A$2, $E41 <= Quartiles1!$A$3), 2, IF(AND($E41 > Quartiles1!$A$3, $E41 <= Quartiles1!$A$4), 3, 4))) -> 1 | G41: =F41*PCAWeights!$E$21 -> 0.19236451 | H41: 2 | I41: =IF(AND($H41 >= Quartiles1!B$1, $H41 <= Quartiles1!$B$2), 1, IF(AND($H41 > Quartiles1!$B$2, $H41 <= Quartiles1!$B$3), 2, IF(AND($H41 > Quartiles1!$B$3, $H41 <= Quartiles1!$B$4), 3, 4))) -> 1 | J41: =I41*PCAWeights!$E$22 -> 0.20821322 | K41: 2 | L41: =IF(AND($K41 >= Quartiles1!$C$1, $K41 <= Quartiles1!$C$2), 1, IF(AND($K41 > Quartiles1!$C$2, $K41 <= Quartiles1!$C$3), 2, IF(AND($K41 > Quartiles1!$C$3, $K41 <= Quartiles1!$C$4), 3, 4))) -> 1 | M41: =L41*PCAWeights!$E$23 -> 0.24775757 | N41: 3 | O41: 2 | P41: =O41*PCAWeights!$E$24 -> 0.49985061 | Q41: =$D41+$G41+$J41+$M41+$P41 -> 1.1481859 | R41: =VLOOKUP($A41,'Star Score'!$A$2:$C$60,2,FALSE) -> 1 | S41: Lacy | T41: Pink | W41: June - July | X41: 5 - 7.5 | Y41: 5 - 7.5 | Z41: Full sun | AC41: Hydrangea arborescens | AD41: Days blooming 2019 data not available; used median | AE41: https://mtcubacenter.org/trials/wild-hydrangea-for-the-mid-atlantic-region/hydrangea-arborescens-pink-pincushion/
A42: Pinky Winky | B42: 586 | C42: =IF(AND($B42 >= Quartiles1!$E$1, $B42 <= Quartiles1!$E$2), 1, IF(AND($B42 > Quartiles1!$E$2, $B42 <= Quartiles1!$E$3), 2, IF(AND($B42 > Quartiles1!$E$3, $B42 <= Quartiles1!$E$4), 3, 4))) -> 4 | D42: =$J$61*0.125*1 -> 0.063963806 | E42: 1.1124984 | F42: =IF(AND($E42 >= Quartiles1!$A$1, $E42 <= Quartiles1!$A$2), 1, IF(AND($E42 > Quartiles1!$A$2, $E42 <= Quartiles1!$A$3), 2, IF(AND($E42 > Quartiles1!$A$3, $E42 <= Quartiles1!$A$4), 3, 4))) -> 3 | G42: =F42*PCAWeights!$E$21 -> 0.57709354 | H42: 24 | I42: =IF(AND($H42 >= Quartiles1!B$1, $H42 <= Quartiles1!$B$2), 1, IF(AND($H42 > Quartiles1!$B$2, $H42 <= Quartiles1!$B$3), 2, IF(AND($H42 > Quartiles1!$B$3, $H42 <= Quartiles1!$B$4), 3, 4))) -> 3 | J42: =I42*PCAWeights!$E$22 -> 0.62463965 | K42: 9 | L42: =IF(AND($K42 >= Quartiles1!$C$1, $K42 <= Quartiles1!$C$2), 1, IF(AND($K42 > Quartiles1!$C$2, $K42 <= Quartiles1!$C$3), 2, IF(AND($K42 > Quartiles1!$C$3, $K42 <= Quartiles1!$C$4), 3, 4))) -> 4 | M42: =L42*PCAWeights!$E$23 -> 0.99103027 | N42: 8 | O42: 4 | P42: =O42*PCAWeights!$E$24 -> 0.99970122 | Q42: =$D42+$G42+$J42+$M42+$P42 -> 3.2564285 | R42: =VLOOKUP($A42,'Star Score'!$A$2:$C$60,2,FALSE) -> 5 | S42: Lacy panicle | T42: Pink-white | U42: 44013 | V42: 44075 | W42: July - Sept | X42: 6 to 8 | Y42: 5 to 6 | Z42: Full sun to part shade | AA42: Medium | AB42: Medium | AC42: Hydrangea paniculata | AE42: https://www.missouribotanicalgarden.org
A43: Polar Ball | B43: 37 | C43: =IF(AND($B43 >= Quartiles1!$E$1, $B43 <= Quartiles1!$E$2), 1, IF(AND($B43 > Quartiles1!$E$2, $B43 <= Quartiles1!$E$3), 2, IF(AND($B43 > Quartiles1!$E$3, $B43 <= Quartiles1!$E$4), 3, 4))) -> 2 | D43: 0 | E43: 0.6770126 | F43: =IF(AND($E43 >= Quartiles1!$A$1, $E43 <= Quartiles1!$A$2), 1, IF(AND($E43 > Quartiles1!$A$2, $E43 <= Quartiles1!$A$3), 2, IF(AND($E43 > Quartiles1!$A$3, $E43 <= Quartiles1!$A$4), 3, 4))) -> 2 | G43: =F43*PCAWeights!$E$21 -> 0.38472903 | H43: 8 | I43: =IF(AND($H43 >= Quartiles1!B$1, $H43 <= Quartiles1!$B$2), 1, IF(AND($H43 > Quartiles1!$B$2, $H43 <= Quartiles1!$B$3), 2, IF(AND($H43 > Quartiles1!$B$3, $H43 <= Quartiles1!$B$4), 3, 4))) -> 2 | J43: =I43*PCAWeights!$E$22 -> 0.41642643 | K43: 4 | L43: =IF(AND($K43 >= Quartiles1!$C$1, $K43 <= Quartiles1!$C$2), 1, IF(AND($K43 > Quartiles1!$C$2, $K43 <= Quartiles1!$C$3), 2, IF(AND($K43 > Quartiles1!$C$3, $K43 <= Quartiles1!$C$4), 3, 4))) -> 2 | M43: =L43*PCAWeights!$E$23 -> 0.49551513 | N43: 3 | O43: 2 | P43: =O43*PCAWeights!$E$24 -> 0.49985061 | Q43: =$D43+$G43+$J43+$M43+$P43 -> 1.7965212 | R43: =VLOOKUP($A43,'Star Score'!$A$2:$C$60,2,FALSE) -> 2 | S43: Mop-like panicle | T43: White | W43: July - Aug | X43: 6 to 8 | Y43: 6 to 8 | Z43: Full sun to part sun | AA43: N/A | AB43: N/A | AC43: Hydrangea paniculata | AD43: Days blooming 2019 data not available; used median | AE43: https://springmeadownursery.com/plantfinder/polar-ball-39350
A44: Puffer Fish | B44: NA | E44: 0.8479627 | F44: =IF(AND($E44 >= Quartiles1!$A$1, $E44 <= Quartiles1!$A$2), 1, IF(AND($E44 > Quartiles1!$A$2, $E44 <= Quartiles1!$A$3), 2, IF(AND($E44 > Quartiles1!$A$3, $E44 <= Quartiles1!$A$4), 3, 4))) -> 2 | G44: =F44*PCAWeights!$E$21 -> 0.38472903 | H44: 28 | I44: =IF(AND($H44 >= Quartiles1!B$1, $H44 <= Quartiles1!$B$2), 1, IF(AND($H44 > Quartiles1!$B$2, $H44 <= Quartiles1!$B$3), 2, IF(AND($H44 > Quartiles1!$B$3, $H44 <= Quartiles1!$B$4), 3, 4))) -> 4 | J44: =I44*PCAWeights!$E$22 -> 0.83285286 | K44: 5 | L44: =IF(AND($K44 >= Quartiles1!$C$1, $K44 <= Quartiles1!$C$2), 1, IF(AND($K44 > Quartiles1!$C$2, $K44 <= Quartiles1!$C$3), 2, IF(AND($K44 > Quartiles1!$C$3, $K44 <= Quartiles1!$C$4), 3, 4))) -> 3 | M44: =L44*PCAWeights!$E$23 -> 0.7432727 | N44: 3 | O44: 2 | P44: =O44*PCAWeights!$E$24 -> 0.49985061 | Q44: =$D44+$G44+$J44+$M44+$P44 -> 2.4607052 | R44: =VLOOKUP($A44,'Star Score'!$A$2:$C$60,2,FALSE) -> 4 | S44: Mop-like panicle | T44: White | W44: July - Sept | X44: 3 to 5 | Y44: 3 to 5 | Z44: Full sun to part sun | AA44: Average | AB44: Easy | AC44: Hydrangea paniculata | AD44: Days blooming 2019 data not available; used median. Estimated bloom time from season. | AE44: https://www.provenwinners.com/plants/hydrangea/puffer-fish-panicle-hydrangea-hydrangea-paniculata
A45: Quick Fire | B45: 818 | C45: =IF(AND($B45 >= Quartiles1!$E$1, $B45 <= Quartiles1!$E$2), 1, IF(AND($B45 > Quartiles1!$E$2, $B45 <= Quartiles1!$E$3), 2, IF(AND($B45 > Quartiles1!$E$3, $B45 <= Quartiles1!$E$4), 3, 4))) -> 4 | D45: =$J$61*0.125*1 -> 0.063963806 | E45: 1.4234023 | F45: =IF(AND($E45 >= Quartiles1!$A$1, $E45 <= Quartiles1!$A$2), 1, IF(AND($E45 > Quartiles1!$A$2, $E45 <= Quartiles1!$A$3), 2, IF(AND($E45 > Quartiles1!$A$3, $E45 <= Quartiles1!$A$4), 3, 4))) -> 4 | G45: =F45*PCAWeights!$E$21 -> 0.76945805 | H45: 26 | I45: =IF(AND($H45 >= Quartiles1!B$1, $H45 <= Quartiles1!$B$2), 1, IF(AND($H45 > Quartiles1!$B$2, $H45 <= Quartiles1!$B$3), 2, IF(AND($H45 > Quartiles1!$B$3, $H45 <= Quartiles1!$B$4), 3, 4))) -> 3 | J45: =I45*PCAWeights!$E$22 -> 0.62463965 | K45: 9 | L45: =IF(AND($K45 >= Quartiles1!$C$1, $K45 <= Quartiles1!$C$2), 1, IF(AND($K45 > Quartiles1!$C$2, $K45 <= Quartiles1!$C$3), 2, IF(AND($K45 > Quartiles1!$C$3, $K45 <= Quartiles1!$C$4), 3, 4))) -> 4 | M45: =L45*PCAWeights!$E$23 -> 0.99103027 | N45: 11 | O45: 4 | P45: =O45*PCAWeights!$E$24 -> 0.99970122 | Q45: =$D45+$G45+$J45+$M45+$P45 -> 3.448793 | R45: =VLOOKUP($A45,'Star Score'!$A$2:$C$60,2,FALSE) -> 5 | S45: Lacy panicle | T45: Pink | U45: 44013 | V45: 44105 | W45: July - Oct | X45: 6 to 8 | Y45: 6 to 8 | Z45: Full sun to part sun | AA45: N/A | AB45: N/A | AC45: Hydrangea paniculata | AD45: End bloom time wasn't available online; used our data for that | AE45: https://www.petittigardencenter.com/quick-fire-a-panicle-hydrangea-variety-spotlight/
A46: Quick Fire Fabulous | B46: NA | E46: 0.7227412 | F46: =IF(AND($E46 >= Quartiles1!$A$1, $E46 <= Quartiles1!$A$2), 1, IF(AND($E46 > Quartiles1!$A$2, $E46 <= Quartiles1!$A$3), 2, IF(AND($E46 > Quartiles1!$A$3, $E46 <= Quartiles1!$A$4), 3, 4))) -> 2 | G46: =F46*PCAWeights!$E$21 -> 0.38472903 | H46: 10 | I46: =IF(AND($H46 >= Quartiles1!B$1, $H46 <= Quartiles1!$B$2), 1, IF(AND($H46 > Quartiles1!$B$2, $H46 <= Quartiles1!$B$3), 2, IF(AND($H46 > Quartiles1!$B$3, $H46 <= Quartiles1!$B$4), 3, 4))) -> 2 | J46: =I46*PCAWeights!$E$22 -> 0.41642643 | K46: 3 | L46: =IF(AND($K46 >= Quartiles1!$C$1, $K46 <= Quartiles1!$C$2), 1, IF(AND($K46 > Quartiles1!$C$2, $K46 <= Quartiles1!$C$3), 2, IF(AND($K46 > Quartiles1!$C$3, $K46 <= Quartiles1!$C$4), 3, 4))) -> 1 | M46: =L46*PCAWeights!$E$23 -> 0.24775757 | N46: 3 | O46: 2 | P46: =O46*PCAWeights!$E$24 -> 0.49985061 | Q46: =$D46+$G46+$J46+$M46+$P46 -> 1.5487636 | R46: =VLOOKUP($A46,'Star Score'!$A$2:$C$60,2,FALSE) -> 2 | S46: Mop-like panicle | T46: Pink-white | W46: July - Aug | X46: 6 to 8 | Y46: 5 to 8 | Z46: Full sun to part sun | AA46: Average | AB46: Easy | AC46: Hydrangea paniculata | AD46: Days blooming 2019 data not available; used median | AE46: https://www.provenwinners.com/plants/hydrangea/quick-fire-fab-panicle-hydrangea-hydrangea-paniculata
A47: Riven Lace | B47: NA | E47: 1.0691665 | F47: =IF(AND($E47 >= Quartiles1!$A$1, $E47 <= Quartiles1!$A$2), 1, IF(AND($E47 > Quartiles1!$A$2, $E47 <= Quartiles1!$A$3), 2, IF(AND($E47 > Quartiles1!$A$3, $E47 <= Quartiles1!$A$4), 3, 4))) -> 3 | G47: =F47*PCAWeights!$E$21 -> 0.57709354 | H47: 7 | I47: =IF(AND($H47 >= Quartiles1!B$1, $H47 <= Quartiles1!$B$2), 1, IF(AND($H47 > Quartiles1!$B$2, $H47 <= Quartiles1!$B$3), 2, IF(AND($H47 > Quartiles1!$B$3, $H47 <= Quartiles1!$B$4), 3, 4))) -> 2 | J47: =I47*PCAWeights!$E$22 -> 0.41642643 | K47: 2 | L47: =IF(AND($K47 >= Quartiles1!$C$1, $K47 <= Quartiles1!$C$2), 1, IF(AND($K47 > Quartiles1!$C$2, $K47 <= Quartiles1!$C$3), 2, IF(AND($K47 > Quartiles1!$C$3, $K47 <= Quartiles1!$C$4), 3, 4))) -> 1 | M47: =L47*PCAWeights!$E$23 -> 0.24775757 | N47: 3 | O47: 2 | P47: =O47*PCAWeights!$E$24 -> 0.49985061 | Q47: =$D47+$G47+$J47+$M47+$P47 -> 1.7411281 | R47: =VLOOKUP($A47,'Star Score'!$A$2:$C$60,2,FALSE) -> 2 | S47: Lacy | T47: White | W47: June - July | X47: 4 to 5 | Y47: 4 to 5 | Z47: Shade | AA47: N/A | AB47: N/A | AC47: Hydrangea arborescens | AD47: Days blooming 2019 data not available; used median | AE47: https://mtcubacenter.org/trials/wild-hydrangea-for-the-mid-atlantic-region/hydrangea-arborescens-riven-lace/
A48: Ruby / Angel's Blush | B48: 73 | C48: =IF(AND($B48 >= Quartiles1!$E$1, $B48 <= Quartiles1!$E$2), 1, IF(AND($B48 > Quartiles1!$E$2, $B48 <= Quartiles1!$E$3), 2, IF(AND($B48 > Quartiles1!$E$3, $B48 <= Quartiles1!$E$4), 3, 4))) -> 3 | D48: =$J$61*0.125*1 -> 0.063963806 | E48: 1.2143702 | F48: =IF(AND($E48 >= Quartiles1!$A$1, $E48 <= Quartiles1!$A$2), 1, IF(AND($E48 > Quartiles1!$A$2, $E48 <= Quartiles1!$A$3), 2, IF(AND($E48 > Quartiles1!$A$3, $E48 <= Quartiles1!$A$4), 3, 4))) -> 4 | G48: =F48*PCAWeights!$E$21 -> 0.76945805 | H48: 31.5 | I48: =IF(AND($H48 >= Quartiles1!B$1, $H48 <= Quartiles1!$B$2), 1, IF(AND($H48 > Quartiles1!$B$2, $H48 <= Quartiles1!$B$3), 2, IF(AND($H48 > Quartiles1!$B$3, $H48 <= Quartiles1!$B$4), 3, 4))) -> 4 | J48: =I48*PCAWeights!$E$22 -> 0.83285286 | K48: 6 | L48: =IF(AND($K48 >= Quartiles1!$C$1, $K48 <= Quartiles1!$C$2), 1, IF(AND($K48 > Quartiles1!$C$2, $K48 <= Quartiles1!$C$3), 2, IF(AND($K48 > Quartiles1!$C$3, $K48 <= Quartiles1!$C$4), 3, 4))) -> 3 | M48: =L48*PCAWeights!$E$23 -> 0.7432727 | N48: 3 | O48: 2 | P48: =O48*PCAWeights!$E$24 -> 0.49985061 | Q48: =$D48+$G48+$J48+$M48+$P48 -> 2.909398 | R48: =VLOOKUP($A48,'Star Score'!$A$2:$C$60,2,FALSE) -> 5 | S48: Mop-like panicle | T48: Pink | U48: 44013 | V48: 44105 | W48: July - Oct | X48: 8 to 12 | Y48: 6 to 10 | Z48: Full sun to part sun | AA48: N/A | AB48: N/A | AC48: Hydrangea paniculata | AD48: Exact dates weren't available so used our data | AE48: https://www.monrovia.com/angels-blush-hydrangea.html?srsltid=AfmBOorQcKnkdvItwFKmF1ruxmKdZTR2EsF7335iSOcWRE1LpMs9XAxD
A49: Ryan Gainey | B49: NA | E49: 0 | F49: =IF(AND($E49 >= Quartiles1!$A$1, $E49 <= Quartiles1!$A$2), 1, IF(AND($E49 > Quartiles1!$A$2, $E49 <= Quartiles1!$A$3), 2, IF(AND($E49 > Quartiles1!$A$3, $E49 <= Quartiles1!$A$4), 3, 4))) -> 1 | G49: =F49*PCAWeights!$E$21 -> 0.19236451 | H49: 1 | I49: =IF(AND($H49 >= Quartiles1!B$1, $H49 <= Quartiles1!$B$2), 1, IF(AND($H49 > Quartiles1!$B$2, $H49 <= Quartiles1!$B$3), 2, IF(AND($H49 > Quartiles1!$B$3, $H49 <= Quartiles1!$B$4), 3, 4))) -> 1 | J49: =I49*PCAWeights!$E$22 -> 0.20821322 | K49: 1 | L49: =IF(AND($K49 >= Quartiles1!$C$1, $K49 <= Quartiles1!$C$2), 1, IF(AND($K49 > Quartiles1!$C$2, $K49 <= Quartiles1!$C$3), 2, IF(AND($K49 > Quartiles1!$C$3, $K49 <= Quartiles1!$C$4), 3, 4))) -> 1 | M49: =L49*PCAWeights!$E$23 -> 0.24775757 | N49: 3 | O49: 2 | P49: =O49*PCAWeights!$E$24 -> 0.49985061 | Q49: =$D49+$G49+$J49+$M49+$P49 -> 1.1481859 | R49: =VLOOKUP($A49,'Star Score'!$A$2:$C$60,2,FALSE) -> 1 | S49: Mop | T49: White | W49: June - Sept | X49: 3 to 4 | Y49: 3 to 4 | Z49: Part sun | AA49: Medium | AB49: Low | AC49: Hydrangea arborescens | AD49: Days blooming 2019 data not available; used median | AE49: https://www.missouribotanicalgarden.org/PlantFinder/PlantFinderDetails.aspx?taxonid=268004
A50: Seaside Serenade Bar Harbor | B50: NA | E50: 0.1500415 | F50: =IF(AND($E50 >= Quartiles1!$A$1, $E50 <= Quartiles1!$A$2), 1, IF(AND($E50 > Quartiles1!$A$2, $E50 <= Quartiles1!$A$3), 2, IF(AND($E50 > Quartiles1!$A$3, $E50 <= Quartiles1!$A$4), 3, 4))) -> 1 | G50: =F50*PCAWeights!$E$21 -> 0.19236451 | H50: 11 | I50: =IF(AND($H50 >= Quartiles1!B$1, $H50 <= Quartiles1!$B$2), 1, IF(AND($H50 > Quartiles1!$B$2, $H50 <= Quartiles1!$B$3), 2, IF(AND($H50 > Quartiles1!$B$3, $H50 <= Quartiles1!$B$4), 3, 4))) -> 2 | J50: =I50*PCAWeights!$E$22 -> 0.41642643 | K50: 4 | L50: =IF(AND($K50 >= Quartiles1!$C$1, $K50 <= Quartiles1!$C$2), 1, IF(AND($K50 > Quartiles1!$C$2, $K50 <= Quartiles1!$C$3), 2, IF(AND($K50 > Quartiles1!$C$3, $K50 <= Quartiles1!$C$4), 3, 4))) -> 2 | M50: =L50*PCAWeights!$E$23 -> 0.49551513 | N50: 3 | O50: 2 | P50: =O50*PCAWeights!$E$24 -> 0.49985061 | Q50: =$D50+$G50+$J50+$M50+$P50 -> 1.6041567 | R50: =VLOOKUP($A50,'Star Score'!$A$2:$C$60,2,FALSE) -> 2 | S50: Mop | T50: White | W50: July - Aug | X50: 4 | Y50: 4 | Z50: Full sun to part sun | AA50: Moist but well-drained | AB50: Easy | AC50: Hydrangea arborescens | AD50: Days blooming 2019 data not available; used median | AE50: https://www.monrovia.com/seaside-serenade-bar-harbor-hydrangea.html?srsltid=AfmBOorjBX-ngGMpj2IOO3P2LnuwKPaRge1cPpSIp-Hx4VDT74lDMd2k
A51: Silver Dollar | B51: 15 | C51: =IF(AND($B51 >= Quartiles1!$E$1, $B51 <= Quartiles1!$E$2), 1, IF(AND($B51 > Quartiles1!$E$2, $B51 <= Quartiles1!$E$3), 2, IF(AND($B51 > Quartiles1!$E$3, $B51 <= Quartiles1!$E$4), 3, 4))) -> 1 | D51: =-$J$61*0.125*1 -> -0.063963806 | E51: 1.4059249 | F51: =IF(AND($E51 >= Quartiles1!$A$1, $E51 <= Quartiles1!$A$2), 1, IF(AND($E51 > Quartiles1!$A$2, $E51 <= Quartiles1!$A$3), 2, IF(AND($E51 > Quartiles1!$A$3, $E51 <= Quartiles1!$A$4), 3, 4))) -> 4 | G51: =F51*PCAWeights!$E$21 -> 0.76945805 | H51: 14 | I51: =IF(AND($H51 >= Quartiles1!B$1, $H51 <= Quartiles1!$B$2), 1, IF(AND($H51 > Quartiles1!$B$2, $H51 <= Quartiles1!$B$3), 2, IF(AND($H51 > Quartiles1!$B$3, $H51 <= Quartiles1!$B$4), 3, 4))) -> 2 | J51: =I51*PCAWeights!$E$22 -> 0.41642643 | K51: 3 | L51: =IF(AND($K51 >= Quartiles1!$C$1, $K51 <= Quartiles1!$C$2), 1, IF(AND($K51 > Quartiles1!$C$2, $K51 <= Quartiles1!$C$3), 2, IF(AND($K51 > Quartiles1!$C$3, $K51 <= Quartiles1!$C$4), 3, 4))) -> 1 | M51: =L51*PCAWeights!$E$23 -> 0.24775757 | N51: 3 | O51: 2 | P51: =O51*PCAWeights!$E$24 -> 0.49985061 | Q51: =$D51+$G51+$J51+$M51+$P51 -> 1.8695289 | R51: =VLOOKUP($A51,'Star Score'!$A$2:$C$60,2,FALSE) -> 3 | S51: Mop-like panicle | T51: White | W51: July - Sept | X51: 4 to 5 | Y51: 4 to 5 | Z51: Full sun | AA51: Moderate | AB51: Easy | AC51: Hydrangea paniculata | AD51: Days blooming 2019 data not available; used median | AE51: https://naturehills.com/products/hydrangea-silver-dollar?srsltid=AfmBOopLf5psua3fxLU4EFq0-ltAXmMKxxJq4vxrsaQsQz3hhXkFV_Pz
A52: Silver Leaf | B52: NA | E52: 0.8733112 | F52: =IF(AND($E52 >= Quartiles1!$A$1, $E52 <= Quartiles1!$A$2), 1, IF(AND($E52 > Quartiles1!$A$2, $E52 <= Quartiles1!$A$3), 2, IF(AND($E52 > Quartiles1!$A$3, $E52 <= Quartiles1!$A$4), 3, 4))) -> 2 | G52: =F52*PCAWeights!$E$21 -> 0.38472903 | H52: 22 | I52: =IF(AND($H52 >= Quartiles1!B$1, $H52 <= Quartiles1!$B$2), 1, IF(AND($H52 > Quartiles1!$B$2, $H52 <= Quartiles1!$B$3), 2, IF(AND($H52 > Quartiles1!$B$3, $H52 <= Quartiles1!$B$4), 3, 4))) -> 3 | J52: =I52*PCAWeights!$E$22 -> 0.62463965 | K52: 6 | L52: =IF(AND($K52 >= Quartiles1!$C$1, $K52 <= Quartiles1!$C$2), 1, IF(AND($K52 > Quartiles1!$C$2, $K52 <= Quartiles1!$C$3), 2, IF(AND($K52 > Quartiles1!$C$3, $K52 <= Quartiles1!$C$4), 3, 4))) -> 3 | M52: =L52*PCAWeights!$E$23 -> 0.7432727 | N52: 3 | O52: 2 | P52: =O52*PCAWeights!$E$24 -> 0.49985061 | Q52: =$D52+$G52+$J52+$M52+$P52 -> 2.252492 | R52: =VLOOKUP($A52,'Star Score'!$A$2:$C$60,2,FALSE) -> 4 | S52: Lacy | T52: White | W52: June | X52: 4 to 7 | Y52: 4 to 7 | Z52: Part shade | AA52: Average to moiste | AB52: N/A | AC52: Hydrangea arborescens | AD52: Days blooming 2019 data not available; used median | AE52: https://mtcubacenter.org/plants/silver-leaf-hydrangea/
A53: Strawberry Shake | B53: 3 | C53: =IF(AND($B53 >= Quartiles1!$E$1, $B53 <= Quartiles1!$E$2), 1, IF(AND($B53 > Quartiles1!$E$2, $B53 <= Quartiles1!$E$3), 2, IF(AND($B53 > Quartiles1!$E$3, $B53 <= Quartiles1!$E$4), 3, 4))) -> 1 | D53: =-$J$61*0.125*1 -> -0.063963806 | E53: 0.631928 | F53: =IF(AND($E53 >= Quartiles1!$A$1, $E53 <= Quartiles1!$A$2), 1, IF(AND($E53 > Quartiles1!$A$2, $E53 <= Quartiles1!$A$3), 2, IF(AND($E53 > Quartiles1!$A$3, $E53 <= Quartiles1!$A$4), 3, 4))) -> 2 | G53: =F53*PCAWeights!$E$21 -> 0.38472903 | H53: 15 | I53: =IF(AND($H53 >= Quartiles1!B$1, $H53 <= Quartiles1!$B$2), 1, IF(AND($H53 > Quartiles1!$B$2, $H53 <= Quartiles1!$B$3), 2, IF(AND($H53 > Quartiles1!$B$3, $H53 <= Quartiles1!$B$4), 3, 4))) -> 2 | J53: =I53*PCAWeights!$E$22 -> 0.41642643 | K53: 9 | L53: =IF(AND($K53 >= Quartiles1!$C$1, $K53 <= Quartiles1!$C$2), 1, IF(AND($K53 > Quartiles1!$C$2, $K53 <= Quartiles1!$C$3), 2, IF(AND($K53 > Quartiles1!$C$3, $K53 <= Quartiles1!$C$4), 3, 4))) -> 4 | M53: =L53*PCAWeights!$E$23 -> 0.99103027 | N53: 3 | O53: 2 | P53: =O53*PCAWeights!$E$24 -> 0.49985061 | Q53: =$D53+$G53+$J53+$M53+$P53 -> 2.2280725 | R53: =VLOOKUP($A53,'Star Score'!$A$2:$C$60,2,FALSE) -> 3 | S53: Mop-like panicle | T53: Pink-white | U53: 44013 | V53: 44044 | W53: July - Aug | X53: 4 to 5 | Y53: 4 | Z53: Full sun to part shade | AA53: N/A | AB53: N/A | AC53: Hydrangea paniculata | AD53: Exact dates weren't available so used our data | AE53: https://www.monrovia.com/strawberry-shake-hydrangea.html?srsltid=AfmBOorS12CObULKHM2qOzTYRexOuJVz_6ejDoI829IMDzQKGfBb2NOQ
A54: Strawberry Sundae | B54: 14 | C54: =IF(AND($B54 >= Quartiles1!$E$1, $B54 <= Quartiles1!$E$2), 1, IF(AND($B54 > Quartiles1!$E$2, $B54 <= Quartiles1!$E$3), 2, IF(AND($B54 > Quartiles1!$E$3, $B54 <= Quartiles1!$E$4), 3, 4))) -> 1 | D54: =-$J$61*0.125*2 -> -0.12792761 | E54: 1.1696059 | F54: =IF(AND($E54 >= Quartiles1!$A$1, $E54 <= Quartiles1!$A$2), 1, IF(AND($E54 > Quartiles1!$A$2, $E54 <= Quartiles1!$A$3), 2, IF(AND($E54 > Quartiles1!$A$3, $E54 <= Quartiles1!$A$4), 3, 4))) -> 4 | G54: =F54*PCAWeights!$E$21 -> 0.76945805 | H54: 37 | I54: =IF(AND($H54 >= Quartiles1!B$1, $H54 <= Quartiles1!$B$2), 1, IF(AND($H54 > Quartiles1!$B$2, $H54 <= Quartiles1!$B$3), 2, IF(AND($H54 > Quartiles1!$B$3, $H54 <= Quartiles1!$B$4), 3, 4))) -> 4 | J54: =I54*PCAWeights!$E$22 -> 0.83285286 | K54: 11 | L54: =IF(AND($K54 >= Quartiles1!$C$1, $K54 <= Quartiles1!$C$2), 1, IF(AND($K54 > Quartiles1!$C$2, $K54 <= Quartiles1!$C$3), 2, IF(AND($K54 > Quartiles1!$C$3, $K54 <= Quartiles1!$C$4), 3, 4))) -> 4 | M54: =L54*PCAWeights!$E$23 -> 0.99103027 | N54: 2 | O54: 1 | P54: =O54*PCAWeights!$E$24 -> 0.2499253 | Q54: =$D54+$G54+$J54+$M54+$P54 -> 2.7153389 | R54: =VLOOKUP($A54,'Star Score'!$A$2:$C$60,2,FALSE) -> 5 | S54: Mop-like panicle | T54: Pink-white | U54: 44013 | V54: 44075 | W54: July - Sept | X54: 4 to 5 | Y54: 3 to 4 | Z54: Full sun to part sun | AA54: Medium | AB54: N/A | AC54: Hydrangea paniculata | AE54: https://www.southernliving.com/garden/flowers/strawberry-sundae-hydrangea
A55: Sweet Summer | B55: 63 | C55: =IF(AND($B55 >= Quartiles1!$E$1, $B55 <= Quartiles1!$E$2), 1, IF(AND($B55 > Quartiles1!$E$2, $B55 <= Quartiles1!$E$3), 2, IF(AND($B55 > Quartiles1!$E$3, $B55 <= Quartiles1!$E$4), 3, 4))) -> 2 | D55: =-$J$61*0.125*2 -> -0.12792761 | E55: 1.4549944 | F55: =IF(AND($E55 >= Quartiles1!$A$1, $E55 <= Quartiles1!$A$2), 1, IF(AND($E55 > Quartiles1!$A$2, $E55 <= Quartiles1!$A$3), 2, IF(AND($E55 > Quartiles1!$A$3, $E55 <= Quartiles1!$A$4), 3, 4))) -> 4 | G55: =F55*PCAWeights!$E$21 -> 0.76945805 | H55: 31 | I55: =IF(AND($H55 >= Quartiles1!B$1, $H55 <= Quartiles1!$B$2), 1, IF(AND($H55 > Quartiles1!$B$2, $H55 <= Quartiles1!$B$3), 2, IF(AND($H55 > Quartiles1!$B$3, $H55 <= Quartiles1!$B$4), 3, 4))) -> 4 | J55: =I55*PCAWeights!$E$22 -> 0.83285286 | K55: 4 | L55: =IF(AND($K55 >= Quartiles1!$C$1, $K55 <= Quartiles1!$C$2), 1, IF(AND($K55 > Quartiles1!$C$2, $K55 <= Quartiles1!$C$3), 2, IF(AND($K55 > Quartiles1!$C$3, $K55 <= Quartiles1!$C$4), 3, 4))) -> 2 | M55: =L55*PCAWeights!$E$23 -> 0.49551513 | N55: 2 | O55: 1 | P55: =O55*PCAWeights!$E$24 -> 0.2499253 | Q55: =$D55+$G55+$J55+$M55+$P55 -> 2.2198237 | R55: =VLOOKUP($A55,'Star Score'!$A$2:$C$60,2,FALSE) -> 3 | S55: Mop-like panicle | T55: White | W55: July - Sept | X55: 4 to 5 | Y55: 4 to 5 | Z55: Full sun to part sun | AA55: Moist but well-drained | AB55: Medium | AC55: Hydrangea paniculata | AE55: https://shop.arborday.org/sweet-summer-panicle-hydrangea?srsltid=AfmBOoprQWA9nywKj_aCmrC0nY_dBzRMZ_nbRs_UhYo5UPnkLO5vObQU; https://www.missouribotanicalgarden.org/PlantFinder/PlantFinderDetails.aspx?taxonid=274640&isprofile=0&pt=4
A56: Tickled Pink | B56: 62 | C56: =IF(AND($B56 >= Quartiles1!$E$1, $B56 <= Quartiles1!$E$2), 1, IF(AND($B56 > Quartiles1!$E$2, $B56 <= Quartiles1!$E$3), 2, IF(AND($B56 > Quartiles1!$E$3, $B56 <= Quartiles1!$E$4), 3, 4))) -> 2 | D56: =$J$61*0.125*1 -> 0.063963806 | E56: 0.9163971 | F56: =IF(AND($E56 >= Quartiles1!$A$1, $E56 <= Quartiles1!$A$2), 1, IF(AND($E56 > Quartiles1!$A$2, $E56 <= Quartiles1!$A$3), 2, IF(AND($E56 > Quartiles1!$A$3, $E56 <= Quartiles1!$A$4), 3, 4))) -> 3 | G56: =F56*PCAWeights!$E$21 -> 0.57709354 | H56: 22.5 | I56: =IF(AND($H56 >= Quartiles1!B$1, $H56 <= Quartiles1!$B$2), 1, IF(AND($H56 > Quartiles1!$B$2, $H56 <= Quartiles1!$B$3), 2, IF(AND($H56 > Quartiles1!$B$3, $H56 <= Quartiles1!$B$4), 3, 4))) -> 3 | J56: =I56*PCAWeights!$E$22 -> 0.62463965 | K56: 8 | L56: =IF(AND($K56 >= Quartiles1!$C$1, $K56 <= Quartiles1!$C$2), 1, IF(AND($K56 > Quartiles1!$C$2, $K56 <= Quartiles1!$C$3), 2, IF(AND($K56 > Quartiles1!$C$3, $K56 <= Quartiles1!$C$4), 3, 4))) -> 4 | M56: =L56*PCAWeights!$E$23 -> 0.99103027 | N56: 1 | O56: 1 | P56: =O56*PCAWeights!$E$24 -> 0.2499253 | Q56: =$D56+$G56+$J56+$M56+$P56 -> 2.5066526 | R56: =VLOOKUP($A56,'Star Score'!$A$2:$C$60,2,FALSE) -> 4 | S56: Lacy panicle | T56: Pink-white | W56: July - Sept | X56: 4 to 5 | Y56: 1 to 4 | Z56: Full sun | AA56: Medium | AB56: N/A | AC56: Hydrangea paniculata | AD56: Estimated bloom time based on season | AE56: https://naturehills.com/products/tickled-pink-hydrangea?srsltid=AfmBOooyK4vUvBE_2EEg8atN8iMZ6X7qVCQwk_aP7t0Axlrhzbc_97SE
A57: Vanilla Strawberry | B57: 33 | C57: =IF(AND($B57 >= Quartiles1!$E$1, $B57 <= Quartiles1!$E$2), 1, IF(AND($B57 > Quartiles1!$E$2, $B57 <= Quartiles1!$E$3), 2, IF(AND($B57 > Quartiles1!$E$3, $B57 <= Quartiles1!$E$4), 3, 4))) -> 1 | D57: =-$J$61*0.125*2 -> -0.12792761 | E57: 0.9056212 | F57: =IF(AND($E57 >= Quartiles1!$A$1, $E57 <= Quartiles1!$A$2), 1, IF(AND($E57 > Quartiles1!$A$2, $E57 <= Quartiles1!$A$3), 2, IF(AND($E57 > Quartiles1!$A$3, $E57 <= Quartiles1!$A$4), 3, 4))) -> 3 | G57: =F57*PCAWeights!$E$21 -> 0.57709354 | H57: 25 | I57: =IF(AND($H57 >= Quartiles1!B$1, $H57 <= Quartiles1!$B$2), 1, IF(AND($H57 > Quartiles1!$B$2, $H57 <= Quartiles1!$B$3), 2, IF(AND($H57 > Quartiles1!$B$3, $H57 <= Quartiles1!$B$4), 3, 4))) -> 3 | J57: =I57*PCAWeights!$E$22 -> 0.62463965 | K57: 8 | L57: =IF(AND($K57 >= Quartiles1!$C$1, $K57 <= Quartiles1!$C$2), 1, IF(AND($K57 > Quartiles1!$C$2, $K57 <= Quartiles1!$C$3), 2, IF(AND($K57 > Quartiles1!$C$3, $K57 <= Quartiles1!$C$4), 3, 4))) -> 4 | M57: =L57*PCAWeights!$E$23 -> 0.99103027 | N57: 3 | O57: 2 | P57: =O57*PCAWeights!$E$24 -> 0.49985061 | Q57: =$D57+$G57+$J57+$M57+$P57 -> 2.5646865 | R57: =VLOOKUP($A57,'Star Score'!$A$2:$C$60,2,FALSE) -> 4 | S57: Mop-like panicle | T57: Pink-white | W57: July - Sept | X57: 6 to 7 | Y57: 5 to 6 | Z57: Full sun to part sun | AB57: N/A | AC57: Hydrangea paniculata | AD57: Days blooming 2019 data not available; used median | AE57: https://www.whiteflowerfarm.com/63149-product.html?srsltid=AfmBOorZw8M_zv92mAumxoOuQzlA9bX9M5jvDs7JhNiUl_TZYJXjr4_j
A58: White Diamonds | B58: 54 | C58: =IF(AND($B58 >= Quartiles1!$E$1, $B58 <= Quartiles1!$E$2), 1, IF(AND($B58 > Quartiles1!$E$2, $B58 <= Quartiles1!$E$3), 2, IF(AND($B58 > Quartiles1!$E$3, $B58 <= Quartiles1!$E$4), 3, 4))) -> 2 | D58: =-$J$61*0.125*2 -> -0.12792761 | E58: 1.0286422 | F58: =IF(AND($E58 >= Quartiles1!$A$1, $E58 <= Quartiles1!$A$2), 1, IF(AND($E58 > Quartiles1!$A$2, $E58 <= Quartiles1!$A$3), 2, IF(AND($E58 > Quartiles1!$A$3, $E58 <= Quartiles1!$A$4), 3, 4))) -> 3 | G58: =F58*PCAWeights!$E$21 -> 0.57709354 | H58: 50 | I58: =IF(AND($H58 >= Quartiles1!B$1, $H58 <= Quartiles1!$B$2), 1, IF(AND($H58 > Quartiles1!$B$2, $H58 <= Quartiles1!$B$3), 2, IF(AND($H58 > Quartiles1!$B$3, $H58 <= Quartiles1!$B$4), 3, 4))) -> 4 | J58: =I58*PCAWeights!$E$22 -> 0.83285286 | K58: 7 | L58: =IF(AND($K58 >= Quartiles1!$C$1, $K58 <= Quartiles1!$C$2), 1, IF(AND($K58 > Quartiles1!$C$2, $K58 <= Quartiles1!$C$3), 2, IF(AND($K58 > Quartiles1!$C$3, $K58 <= Quartiles1!$C$4), 3, 4))) -> 4 | M58: =L58*PCAWeights!$E$23 -> 0.99103027 | N58: 3 | O58: 2 | P58: =O58*PCAWeights!$E$24 -> 0.49985061 | Q58: =$D58+$G58+$J58+$M58+$P58 -> 2.7728997 | R58: =VLOOKUP($A58,'Star Score'!$A$2:$C$60,2,FALSE) -> 5 | S58: Mop-like panicle | T58: White | W58: July - Sept | X58: 4 to 6 | Y58: 5 | Z58: Full sun to part shade | AB58: Medium | AC58: Hydrangea paniculata | AD58: Bloom time estimated from season | AE58: https://firsteditionsplants.com/product/white-diamonds-panicle-hydrangea/
A59: White Dome | B59: NA | E59: 0.7926512 | F59: =IF(AND($E59 >= Quartiles1!$A$1, $E59 <= Quartiles1!$A$2), 1, IF(AND($E59 > Quartiles1!$A$2, $E59 <= Quartiles1!$A$3), 2, IF(AND($E59 > Quartiles1!$A$3, $E59 <= Quartiles1!$A$4), 3, 4))) -> 2 | G59: =F59*PCAWeights!$E$21 -> 0.38472903 | H59: 54 | I59: =IF(AND($H59 >= Quartiles1!B$1, $H59 <= Quartiles1!$B$2), 1, IF(AND($H59 > Quartiles1!$B$2, $H59 <= Quartiles1!$B$3), 2, IF(AND($H59 > Quartiles1!$B$3, $H59 <= Quartiles1!$B$4), 3, 4))) -> 4 | J59: =I59*PCAWeights!$E$22 -> 0.83285286 | K59: 4 | L59: =IF(AND($K59 >= Quartiles1!$C$1, $K59 <= Quartiles1!$C$2), 1, IF(AND($K59 > Quartiles1!$C$2, $K59 <= Quartiles1!$C$3), 2, IF(AND($K59 > Quartiles1!$C$3, $K59 <= Quartiles1!$C$4), 3, 4))) -> 2 | M59: =L59*PCAWeights!$E$23 -> 0.49551513 | N59: 3 | O59: 2 | P59: =O59*PCAWeights!$E$24 -> 0.49985061 | Q59: =$D59+$G59+$J59+$M59+$P59 -> 2.2129476 | R59: =VLOOKUP($A59,'Star Score'!$A$2:$C$60,2,FALSE) -> 3 | S59: Lacy | T59: White | U59: 43983 | V59: 44044 | W59: June - Aug | X59: 3 to 5 | Y59: 3 to 4 | Z59: Part shade | AA59: Medium | AB59: Easy | AC59: Hydrangea arborescens | AD59: Days blooming 2019 data not available; used median | AE59: https://www.missouribotanicalgarden.org/PlantFinder/PlantFinderDetails.aspx?taxonid=264083&isprofile=0&
A60: Zinfin Doll | B60: NA | E60: 0.5364793 | F60: =IF(AND($E60 >= Quartiles1!$A$1, $E60 <= Quartiles1!$A$2), 1, IF(AND($E60 > Quartiles1!$A$2, $E60 <= Quartiles1!$A$3), 2, IF(AND($E60 > Quartiles1!$A$3, $E60 <= Quartiles1!$A$4), 3, 4))) -> 1 | G60: =F60*PCAWeights!$E$21 -> 0.19236451 | H60: 5 | I60: =IF(AND($H60 >= Quartiles1!B$1, $H60 <= Quartiles1!$B$2), 1, IF(AND($H60 > Quartiles1!$B$2, $H60 <= Quartiles1!$B$3), 2, IF(AND($H60 > Quartiles1!$B$3, $H60 <= Quartiles1!$B$4), 3, 4))) -> 1 | J60: =I60*PCAWeights!$E$22 -> 0.20821322 | K60: 3 | L60: =IF(AND($K60 >= Quartiles1!$C$1, $K60 <= Quartiles1!$C$2), 1, IF(AND($K60 > Quartiles1!$C$2, $K60 <= Quartiles1!$C$3), 2, IF(AND($K60 > Quartiles1!$C$3, $K60 <= Quartiles1!$C$4), 3, 4))) -> 1 | M60: =L60*PCAWeights!$E$23 -> 0.24775757 | N60: 3 | O60: 2 | P60: =O60*PCAWeights!$E$24 -> 0.49985061 | Q60: =$D60+$G60+$J60+$M60+$P60 -> 1.1481859 | R60: =VLOOKUP($A60,'Star Score'!$A$2:$C$60,2,FALSE) -> 1 | S60: Mop-like panicle | W60: July | X60: 4 to 6 | Y60: 4 to 6 | Z60: Full sun to part sun | AA60: Medium | AB60: Easy | AC60: Hydrangea paniculata | AD60: Days blooming 2019 data not available; used median | AE60: https://www.provenwinners.com/plants/hydrangea/zinfin-doll-panicle-hydrangea-hydrangea-paniculata
A61: AVERAGE | J61: =AVERAGE(J2:J60) -> 0.51171045

Sheet Star Score
A1: Trademark.Cultivar | B1: Star Score (percentiles by 20% increments) | C1: Total
A2: Bella Anna | B2: 1 | C2: 1.1481859
A3: Hayes Starburst | B3: 1 | C3: 1.1481859
A4: Invincibelle Mini Mauvette | B4: 1 | C4: 1.1481859
A5: Invincibelle Wee White | B5: 1 | C5: 1.1481859
A6: Lime Rickey | B6: 1 | C6: 1.1481859
A7: Little Lime Punch | B7: 1 | C7: 1.1481859
A8: Pink Pincushion | B8: 1 | C8: 1.1481859
A9: Ryan Gainey | B9: 1 | C9: 1.1481859
A10: Zinfin Doll | B10: 1 | C10: 1.1481859
A11: Annabelle | B11: 1 | C11: 1.3405504
A12: Berry White | B12: 1 | C12: 1.3405504
A13: Incredibelle Ruby | B13: 1 | C13: 1.3405504
... A60: Mega Pearl | B60: 5 | C60: 3.5290786
A61: AVERAGE

Sheet Quartiles1
A1: 0 | B1: 0 | C1: 1 | D1: 1 | E1: 1
A2: 0.543 | B2: 6 | C2: 3 | D2: 3 | E2: 34
A3: 0.896 | B3: 16 | C3: 4 | D3: 3 | E3: 68
A4: 1.153 | B4: 27.25 | C4: 6.5 | D4: 3 | E4: 242
A5: 1.836 | B5: 80 | C5: 15 | D5: 11 | E5: 818

Sheet PCAWeights
A1: Dimension importance (from scree plot)
A2: Dimension | B2: Variance percent (from eigenvalues) | C2: Percent
A3: 1 | B3: 49.74358 | C3: =B3/100 -> 0.4974358
A4: 2 | B4: 25.19262 | C4: =B4/100 -> 0.2519262
A5: 3 | B5: 14.88986 | C5: =B5/100 -> 0.1488986
A6: 4 | B6: 10.17394 | C6: =B6/100 -> 0.1017394
A8: Dimensions 1-3 account for +89.8% of variability so we will only consider those dimensions
A10: Principal Component Analysis Results for Variables; contributions of the variables
B11: Dim.1 | C11: Dim 2 | D11: Dim 3 | E11: Dim 4 | F11: Dim 1% | G11: Dim2 % | H11: Dim3 % | I11: Dim4 %
A12: Standardizedshannon | B12: 36.464129 | C12: 0.7047187 | D12: 6.18106 | E12: Don't care | F12: =B12/100 -> 0.36464129 | G12: =C12/100 -> 0.007047187 | H12: =D12/100 -> 0.0618106
A13: StandardizedAbundance | B13: 34.370784 | C13: 0.6559616 | D13: 23.900891 | E13: Don't care | F13: =B13/100 -> 0.34370784 | G13: =C13/100 -> 0.006559616 | H13: =D13/100 -> 0.23900891
A14: StandardizedRichness | B14: 28.984044 | C14: 1.0877652 | D14: 67.724069 | E14: Don't care | F14: =B14/100 -> 0.28984044 | G14: =C14/100 -> 0.010877652 | H14: =D14/100 -> 0.67724069
A15: StandardizedDays | B15: 0.1810432 | C15: 97.551554 | D15: 2.193981 | E15: Don't care | F15: =B15/100 -> 0.001810432 | G15: =C15/100 -> 0.97551554 | H15: =D15/100 -> 0.02193981
A18: Weighted Importance of Each component (across dimensions 1-3)
B20: Weighted Dim1 | C20: Weighted Dim2 | D20: Weighted Dim3 | E20: Sum
A21: Standardizedshannon | B21: =$F12*$C$3 -> 0.18138563 | C21: =$G12*$C$4 -> 0.001775371 | D21: =$H12*$C$5 -> 0.0092035118 | E21: =SUM($B21:$D21) -> 0.19236451
A22: StandardizedAbundance | B22: =$F13*$C$3 -> 0.17097258 | C22: =$G13*$C$4 -> 0.0016525391 | D22: =$H13*$C$5 -> 0.035588092 | E22: =SUM($B22:$D22) -> 0.20821322
A23: StandardizedRichness | B23: =$F14*$C$3 -> 0.14417701 | C23: =$G14*$C$4 -> 0.0027403655 | D23: =$H14*$C$5 -> 0.10084019 | E23: =SUM($B23:$D23) -> 0.24775757
A24: StandardizedDays | B24: =$F15*$C$3 -> 0.00090057369 | C24: =$G15*$C$4 -> 0.24575792 | D24: =$H15*$C$5 -> 0.003266807 | E24: =SUM($B24:$D24) -> 0.2499253

Sheet Table D1
A1: Trademark.Cultivar | B1: Star Score | C1: Total score | D1: Shannon diversity | E1: 2024 Avg Insect Spp Abundance / plant / season | F1: 2019-2021 Insect Photo Count | G1: Insect spp. richness / season | H1: 2019 Days w Insects
A2: Annabelle | B2: 1 | C2: 1.3405504 | D2: 0.6931472 | E2: 4 | F2: NA | G2: 2 | H2: 3
A3: Baby Lace | B3: 2 | C3: 1.4181952 | D3: 0.3330448 | E3: 14 | F3: 82 | G3: 4 | H3: 2
A4: Bella Anna | B4: 1 | C4: 1.1481859 | D4: 0 | E4: 2 | F4: NA | G4: 3 | H4: 3
A5: Berry White | B5: 1 | C5: 1.3405504 | D5: 0.8958797 | E5: 5 | F5: NA | G5: 2 | H5: 3
A6: Big Ben | B6: 3 | C6: 2.1130511 | D6: 0.9276173 | E6: 15 | F6: 521 | G6: 1 | H6: 7
A7: Bobo | B7: 3 | C7: 2.2366433 | D7: 1.0126113 | E7: 14 | F7: NA | G7: 5 | H7: 3
A8: Bounty | B8: 2 | C8: 1.5487636 | D8: 0.6931472 | E8: 8 | F8: NA | G8: 3 | H8: 3
A9: Brussels Lace | B9: 5 | C9: 3.3452848 | D9: 1.579459 | E9: 43 | F9: 287 | G9: 5 | H9: 4
A10: Candy Apple | B10: 4 | C10: 2.4844009 | D10: 0.9802899 | E10: 16 | F10: NA | G10: 8 | H10: 3
A11: Daimond Rogue | B11: 2 | C11: 1.7965212 | D11: 0.6516739 | E11: 13 | F11: 58 | G11: 4 | H11: 3
A12: Dharuma | B12: 5 | C12: 2.7084628 | D12: 0.8397249 | E12: 43 | F12: 458 | G12: 8 | H12: 3
A13: Dolly | B13: 2 | C13: 1.763853 | D13: 1.2569249 | E13: 25 | F13: 23 | G13: 3 | H13: 1
A14: Early Evolution | B14: 2 | C14: 1.3959435 | D14: 0.1732868 | E14: 1.5 | F14: NA | G14: 4 | H14: 3
A15: Fire & Ice | B15: 3 | C15: 2.03603 | D15: 1.8356357 | E15: 36 | F15: 129 | G15: 3 | H15: 1
A16: Fire Light | B16: 4 | C16: 2.3147611 | D16: 1.1404776 | E16: 25 | F16: 19 | G16: 15 | H16: 1
A17: Floribunda | B17: 4 | C17: 2.6329857 | D17: 1.1065032 | E17: 19 | F17: 286 | G17: 4 | H17: 5
A18: Great Star | B18: 5 | C18: 3.3848292 | D18: 1.1731406 | E18: 25.5 | F18: 216 | G18: 7 | H18: 7
A19: Green Spire | B19: 4 | C19: 2.5976767 | D19: 1.2637924 | E19: 80 | F19: 251 | G19: 4 | H19: 3
A20: Haas Halo | B20: 5 | C20: 2.7084628 | D20: 0.5959298 | E20: 36 | F20: NA | G20: 7 | H20: 3
A21: Hayes Starburst | B21: 1 | C21: 1.1481859 | D21: 0 | E21: 2 | F21: NA | G21: 1 | H21: 3
A22: Honey Comb | B22: 5 | C22: 2.9051628 | D22: 0.9788602 | E22: 50 | F22: 322 | G22: 4 | H22: 4
A23: Incrediball | B23: 3 | C23: 1.8914586 | D23: 0.4193734 | E23: 4 | F23: NA | G23: 8 | H23: 3
A24: Incredibelle Ruby | B24: 1 | C24: 1.3405504 | D24: 0.6648307 | E24: 6 | F24: NA | G24: 2 | H24: 3
A25: Invincibelle Spirit | B25: 2 | C25: 1.643701 | D25: 0.2772589 | E25: 2.5 | F25: NA | G25: 5 | H25: 3
A26: Invincibelle Mini Mauvette | B26: 1 | C26: 1.1481859 | D26: 0 | E26: 0 | F26: NA | G26: 1 | H26: 3
A27: Invincibelle Wee White | B27: 1 | C27: 1.1481859 | D27: 0 | E27: 0 | F27: NA | G27: 1 | H27: 3
A28: Kyushu | B28: 5 | C28: 3.3452848 | D28: 1.4416311 | E28: 54 | F28: 261 | G28: 5 | H28: 5
A29: Lime Rickey | B29: 1 | C29: 1.1481859 | D29: 0 | E29: 0 | F29: NA | G29: 3 | H29: 3
A30: Limelight | B30: 3 | C30: 2.1949312 | D30: 1.0741606 | E30: 22.5 | F30: NA | G30: 6 | H30: 1
A31: Limelight Prime | B31: 2 | C31: 1.6041567 | D31: 0.4925454 | E31: 11 | F31: NA | G31: 4 | H31: 3
A32: Little Lamb | B32: 3 | C32: 2.0755743 | D32: 1.4686503 | E32: 23 | F32: 57 | G32: 4 | H32: 2
A33: Little Lime | B33: 3 | C33: 1.8360656 | D33: 0.8440066 | E33: 6 | F33: 1 | G33: 5 | H33: 3
A34: Little Lime Punch | B34: 1 | C34: 1.1481859 | D34: 0.2502012 | E34: 6 | F34: NA | G34: 2 | H34: 3
A35: Little Quick Fire | B35: 4 | C35: 2.637221 | D35: 1.2018749 | E35: 20.5 | F35: NA | G35: 6 | H35: 3
A36: Mega Pearl | B36: 5 | C36: 3.5290786 | D36: 1.1663076 | E36: 35 | F36: 164 | G36: 8 | H36: 4
A37: Phantom | B37: 4 | C37: 2.378725 | D37: 0.8995531 | E37: 26.5 | F37: 55 | G37: 8 | H37: 2
A38: Pillow Talk | B38: 1 | C38: 1.3405504 | D38: 0.5493061 | E38: 4 | F38: 7 | G38: 2 | H38: 3
A39: Pink Diamond | B39: 4 | C39: 2.4117152 | D39: 1.561319 | E39: 66 | F39: 155 | G39: 4 | H39: 2
A40: Pink Lady | B40: 4 | C40: 2.3169289 | D40: 1.0919433 | E40: 18.5 | F40: 2 | G40: 6 | H40: 3
A41: Pink Pincushion | B41: 1 | C41: 1.1481859 | D41: 0 | E41: 2 | F41: NA | G41: 2 | H41: 3
A42: Pinky Winky | B42: 5 | C42: 3.2564285 | D42: 1.1124984 | E42: 24 | F42: 586 | G42: 9 | H42: 8
A43: Polar Ball | B43: 2 | C43: 1.7965212 | D43: 0.6770126 | E43: 8 | F43: 37 | G43: 4 | H43: 3
A44: Puffer Fish | B44: 4 | C44: 2.4607052 | D44: 0.8479627 | E44: 28 | F44: NA | G44: 5 | H44: 3
A45: Quick Fire | B45: 5 | C45: 3.448793 | D45: 1.4234023 | E45: 26 | F45: 818 | G45: 9 | H45: 11
A46: Quick Fire Fabulous | B46: 2 | C46: 1.5487636 | D46: 0.7227412 | E46: 10 | F46: NA | G46: 3 | H46: 3
A47: Riven Lace | B47: 2 | C47: 1.7411281 | D47: 1.0691665 | E47: 7 | F47: NA | G47: 2 | H47: 3
A48: Ruby / Angel's Blush | B48: 5 | C48: 2.909398 | D48: 1.2143702 | E48: 31.5 | F48: 73 | G48: 6 | H48: 3
A49: Ryan Gainey | B49: 1 | C49: 1.1481859 | D49: 0 | E49: 1 | F49: NA | G49: 1 | H49: 3
A50: Seaside Serenade Bar Harbor | B50: 2 | C50: 1.6041567 | D50: 0.1500415 | E50: 11 | F50: NA | G50: 4 | H50: 3
A51: Silver Dollar | B51: 3 | C51: 1.8695289 | D51: 1.4059249 | E51: 14 | F51: 15 | G51: 3 | H51: 3
A52: Silver Leaf | B52: 4 | C52: 2.252492 | D52: 0.8733112 | E52: 22 | F52: NA | G52: 6 | H52: 3
A53: Strawberry Shake | B53: 3 | C53: 2.2280725 | D53: 0.631928 | E53: 15 | F53: 3 | G53: 9 | H53: 3
A54: Strawberry Sundae | B54: 5 | C54: 2.7153389 | D54: 1.1696059 | E54: 37 | F54: 14 | G54: 11 | H54: 2
A55: Sweet Summer | B55: 3 | C55: 2.2198237 | D55: 1.4549944 | E55: 31 | F55: 63 | G55: 4 | H55: 2
A56: Tickled Pink | B56: 4 | C56: 2.5066526 | D56: 0.9163971 | E56: 22.5 | F56: 62 | G56: 8 | H56: 1
A57: Vanilla Strawberry | B57: 4 | C57: 2.5646865 | D57: 0.9056212 | E57: 25 | F57: 33 | G57: 8 | H57: 3
A58: White Diamonds | B58: 5 | C58: 2.7728997 | D58: 1.0286422 | E58: 50 | F58: 54 | G58: 7 | H58: 3
A59: White Dome | B59: 3 | C59: 2.2129476 | D59: 0.7926512 | E59: 54 | F59: NA | G59: 4 | H59: 3
A60: Zinfin Doll | B60: 1 | C60: 1.1481859 | D60: 0.5364793 | E60: 5 | F60: NA | G60: 3 | H60: 3
A61: AVERAGE
