Workbook

Sheet d_per_month2
B1: Trademark.Cultivar | C1: Month | D1: species1 | E1: days | F1: Color | G1: EYB_Inflorescence.Type | H1: Flower Type
A2: 1 | B2: Baby Lace | C2: August | D2: Apis_mellifera | E2: 4 | F2: White | G2: Open | H2: =VLOOKUP($B2,VlookUp!$A$2:$D$65,3,0) -> Lacy panicle
A3: 2 | B3: Baby Lace | C3: September | D3: Apis_mellifera | E3: 8 | F3: White | G3: Open | H3: =VLOOKUP($B3,VlookUp!$A$2:$D$65,3,0) -> Lacy panicle
A4: 3 | B4: Baby Lace | C4: October | D4: Bombus_impatiens | E4: 1 | F4: White | G4: Open | H4: =VLOOKUP($B4,VlookUp!$A$2:$D$65,3,0) -> Lacy panicle
A5: 4 | B5: Brussels Lace | C5: August | D5: Apis_mellifera | E5: 11 | F5: White | G5: Open | H5: =VLOOKUP($B5,VlookUp!$A$2:$D$65,3,0) -> Lacy panicle
A6: 5 | B6: Brussels Lace | C6: September | D6: Apis_mellifera | E6: 6 | F6: White | G6: Open | H6: =VLOOKUP($B6,VlookUp!$A$2:$D$65,3,0) -> Lacy panicle
A7: 6 | B7: Brussels Lace | C7: October | D7: Lepidoptera | E7: 2 | F7: White | G7: Open | H7: =VLOOKUP($B7,VlookUp!$A$2:$D$65,3,0) -> Lacy panicle
A8: 7 | B8: Dharuma | C8: July | D8: Diptera | E8: 11 | F8: White | G8: Open | H8: =VLOOKUP($B8,VlookUp!$A$2:$D$65,3,0) -> Lacy panicle
A9: 8 | B9: Dharuma | C9: August | D9: Apis_mellifera | E9: 1 | F9: White | G9: Open | H9: =VLOOKUP($B9,VlookUp!$A$2:$D$65,3,0) -> Lacy panicle
A10: 9 | B10: Fire & Ice | C10: July | D10: Wasp | E10: 6 | F10: Pink-white | G10: Open | H10: =VLOOKUP($B10,VlookUp!$A$2:$D$65,3,0) -> Lacy panicle
A11: 10 | B11: Fire & Ice | C11: August | D11: Apis_mellifera | E11: 2 | F11: Pink-white | G11: Open | H11: =VLOOKUP($B11,VlookUp!$A$2:$D$65,3,0) -> Lacy panicle
A12: 11 | B12: Floribunda | C12: August | D12: Apis_mellifera | E12: 8 | F12: White | G12: Open | H12: =VLOOKUP($B12,VlookUp!$A$2:$D$65,3,0) -> Lacy panicle
A13: 12 | B13: Floribunda | C13: September | D13: Syrphidae | E13: 8 | F13: White | G13: Open | H13: =VLOOKUP($B13,VlookUp!$A$2:$D$65,3,0) -> Lacy panicle
... A86: 85 | B86: Strawberry Shake | C86: July | D86: Diptera | E86: 1 | F86: Pink-white | G86: Very dense | H86: =VLOOKUP($B86,VlookUp!$A$2:$D$65,3,0) -> Mop-like panicle

Sheet VlookUp
A1: Cultivar | B1: Species | C1: Flower Type | D1: Inflorescence Type
A2: Strawberry Shake | B2: Hydrangea paniculata | C2: Mop-like panicle | D2: Very dense
A3: Baby Lace | B3: Hydrangea paniculata | C3: Lacy panicle | D3: Open
A4: Sweet Summer | B4: Hydrangea paniculata | C4: Mop-like panicle | D4: Dense
A5: White Diamonds | B5: Hydrangea paniculata | C5: Mop-like panicle | D5: Half-open
A6: Quick Fire | B6: Hydrangea paniculata | C6: Lacy panicle | D6: Open
A7: Honey Comb | B7: Hydrangea paniculata | C7: Lacy panicle | D7: Open
A8: Tickled Pink | B8: Hydrangea paniculata | C8: Lacy panicle | D8: Half-open
A9: Mega Pearl | B9: Hydrangea paniculata | C9: Mop-like panicle | D9: Dense
A10: Fire & Ice | B10: Hydrangea paniculata | C10: Lacy panicle | D10: Open
A11: Pinky Winky | B11: Hydrangea paniculata | C11: Lacy panicle | D11: Half-open
A12: Dharuma | B12: Hydrangea paniculata | C12: Lacy panicle | D12: Open
... A65: WHITE DOME | B65: Hydrangea arborescens | C65: Lacy | D65: Open
