Workbook

Sheet DAgg4
A1: Cultivar | B1: Insect Richness | C1: Species | D1: Flower Type | E1: Inflorescence Type
A2: Annabelle | B2: 2 | C2: =VLOOKUP($A2,VLookUp!$A$2:$D$65,2,0) -> Hydrangea arborescens | D2: =VLOOKUP($A2,VLookUp!$A$2:$D$65,3,0) -> Mop | E2: =VLOOKUP($A2,VLookUp!$A$2:$D$65,4,0) -> Dense
A3: Baby Lace | B3: 4 | C3: =VLOOKUP($A3,VLookUp!$A$2:$D$65,2,0) -> Hydrangea paniculata | D3: =VLOOKUP($A3,VLookUp!$A$2:$D$65,3,0) -> Lacy panicle | E3: =VLOOKUP($A3,VLookUp!$A$2:$D$65,4,0) -> Open
A4: Bella Anna | B4: 3 | C4: =VLOOKUP($A4,VLookUp!$A$2:$D$65,2,0) -> Hydrangea arborescens | D4: =VLOOKUP($A4,VLookUp!$A$2:$D$65,3,0) -> Mop | E4: =VLOOKUP($A4,VLookUp!$A$2:$D$65,4,0) -> Half-open
A5: Berry White | B5: 2 | C5: =VLOOKUP($A5,VLookUp!$A$2:$D$65,2,0) -> Hydrangea paniculata | D5: =VLOOKUP($A5,VLookUp!$A$2:$D$65,3,0) -> Mop-like panicle | E5: =VLOOKUP($A5,VLookUp!$A$2:$D$65,4,0) -> Half-open
A6: Big Ben | B6: 1 | C6: =VLOOKUP($A6,VLookUp!$A$2:$D$65,2,0) -> Hydrangea paniculata | D6: =VLOOKUP($A6,VLookUp!$A$2:$D$65,3,0) -> Lacy panicle | E6: =VLOOKUP($A6,VLookUp!$A$2:$D$65,4,0) -> Dense
A7: Bobo | B7: 5 | C7: =VLOOKUP($A7,VLookUp!$A$2:$D$65,2,0) -> Hydrangea paniculata | D7: =VLOOKUP($A7,VLookUp!$A$2:$D$65,3,0) -> Mop-like panicle | E7: =VLOOKUP($A7,VLookUp!$A$2:$D$65,4,0) -> Half-open
A8: Bounty | B8: 3 | C8: =VLOOKUP($A8,VLookUp!$A$2:$D$65,2,0) -> Hydrangea arborescens | D8: =VLOOKUP($A8,VLookUp!$A$2:$D$65,3,0) -> Mop | E8: =VLOOKUP($A8,VLookUp!$A$2:$D$65,4,0) -> Half-open
A9: Brussels Lace | B9: 5 | C9: =VLOOKUP($A9,VLookUp!$A$2:$D$65,2,0) -> Hydrangea paniculata | D9: =VLOOKUP($A9,VLookUp!$A$2:$D$65,3,0) -> Lacy panicle | E9: =VLOOKUP($A9,VLookUp!$A$2:$D$65,4,0) -> Open
A10: Candy Apple | B10: 8 | C10: =VLOOKUP($A10,VLookUp!$A$2:$D$65,2,0) -> Hydrangea paniculata | D10: =VLOOKUP($A10,VLookUp!$A$2:$D$65,3,0) -> Mop-like panicle | E10: =VLOOKUP($A10,VLookUp!$A$2:$D$65,4,0) -> Dense
A11: Daimond Rogue | B11: 4 | C11: =VLOOKUP($A11,VLookUp!$A$2:$D$65,2,0) -> Hydrangea paniculata | D11: =VLOOKUP($A11,VLookUp!$A$2:$D$65,3,0) -> Mop-like panicle | E11: =VLOOKUP($A11,VLookUp!$A$2:$D$65,4,0) -> Half-open
A12: Dharuma | B12: 8 | C12: =VLOOKUP($A12,VLookUp!$A$2:$D$65,2,0) -> Hydrangea paniculata | D12: =VLOOKUP($A12,VLookUp!$A$2:$D$65,3,0) -> Lacy panicle | E12: =VLOOKUP($A12,VLookUp!$A$2:$D$65,4,0) -> Open
A13: Dolly | B13: 3 | C13: =VLOOKUP($A13,VLookUp!$A$2:$D$65,2,0) -> Hydrangea paniculata | D13: =VLOOKUP($A13,VLookUp!$A$2:$D$65,3,0) -> Lacy panicle | E13: =VLOOKUP($A13,VLookUp!$A$2:$D$65,4,0) -> Dense
... A60: Zinfin Doll | B60: 3 | C60: =VLOOKUP($A60,VLookUp!$A$2:$D$65,2,0) -> Hydrangea paniculata | D60: =VLOOKUP($A60,VLookUp!$A$2:$D$65,3,0) -> Mop-like panicle | E60: =VLOOKUP($A60,VLookUp!$A$2:$D$65,4,0) -> Half-open

Sheet VLookUp
A1: Cultivar | B1: Species | C1: Flower Type | D1: Inflorescence Type
A2: Strawberry Shake | B2: Hydrangea paniculata | C2: Mop-like panicle | D2: Very dense
A3: Baby Lace | B3: Hydrangea paniculata | C3: Lacy panicle | D3: Open
A4: Sweet Summer | B4: Hydrangea paniculata | C4: Mop-like panicle | D4: Dense
A5: White Diamonds | B5: Hydrangea paniculata | C5: Mop-like panicle | D5: Half-open
A6: Quick Fire | B6: Hydrangea paniculata | C6: Lacy panicle | D6: Open
A7: Honey Comb | B7: Hydrangea paniculata | C7: Lacy panicle | D7: Open
A8: Tickled Pink | B8: Hydrangea paniculata | C8: Lacy panicle | D8: Half-open
A9: Mega Pearl | B9: Hydrangea paniculata | C9: Mop-like panicle | D9: Dense
A10: Fire & Ice | B10: Hydrangea paniculata | C10: Lacy panicle | D10: Open
A11: Pinky Winky | B11: Hydrangea paniculata | C11: Lacy panicle | D11: Half-open
A12: Dharuma | B12: Hydrangea paniculata | C12: Lacy panicle | D12: Open
... A65: WHITE DOME | B65: Hydrangea arborescens | C65: Lacy | D65: Open

Sheet PivotTableCount
A3: Row Labels | B3: Count of InsectRichness
A4: Annabelle | B4: 2
A5: Baby Lace | B5: 4
A6: Bella Anna | B6: 3
A7: Berry White | B7: 2
A8: Big Ben | B8: 1
A9: Bobo | B9: 5
A10: Bounty | B10: 3
A11: Brussels Lace | B11: 5
A12: Candy Apple | B12: 8
A13: Daimond Rogue | B13: 4
A14: Dharuma | B14: 8
A15: Dolly | B15: 3
... A64: Grand Total | B64: 287

Sheet RawData
B1: Date | C1: Month | D1: Tag.Number | E1: Collector | F1: Cultivar | G1: Species | H1: AscensionNumber | I1: Inflorescence.Type | J1: False.Sepals | K1: Flower.Type | L1: PaniclesPerTransect | M1: TotalPaniclesA | N1: AvgInflorescencesPerPanicle | O1: transects_per_plant | P1: TotalPaniclesB | Q1: TotalInflorescences_A | R1: TotalInflorescences_B | S1: TotalInflorescences_AB | T1: Start.Time | U1: End.Time | V1: Rain | W1: Wind | X1: Cloud | Y1: TempF | Z1: InsectRichness | AA1: Araneae | AB1: Chauliognathus | AC1: Cerambycidae | AD1: Chrysomelidae | AE1: Curculionidae | AF1: Mordellidae | AG1: Scarabaeoidea | AH1: Diptera | AI1: Bombyliidae | AJ1: Calliphoridae | AK1: Conopidae | AL1: Cecidomyiidae | AM1: Culicidae | AN1: Dolichopodidae | AO1: Drosophilidae | AP1: Empididae | AQ1: Muscidae | AR1: Oestroidea | AS1: Syrphidae_total | AT1: Unknown_Bristly_Flies | AU1: Tipulidae | AV1: Ulidiidae | AW1: Hemiptera | AX1: Aphididae | AY1: Cicadellidae | AZ1: Miridae | BA1: Reduviidae | BB1: Hymenoptera | BC1: Xylocopa | BD1: Andrenidae | BE1: Protandrena | BF1: Apis.mellifera | BG1: Melissodes | BH1: Cerceris | BI1: Astata | BJ1: Chrysididae | BK1: Hylaeus | BL1: Halictidae | BM1: Agapostemon | BN1: Augochlora | BO1: Green.Sweatbee | BP1: Halictus | BQ1: Lasioglossum | BR1: Bombus affinis | BS1: Bombus auricomus | BT1: Bombus impatiens | BU1: Bombus bimaculatus | BV1: Bombus griseocollis | BW1: Bombus vagans | BX1: Symmorphus | BY1: Eurytoma | BZ1: Braconidae | CA1: Apocrita | CB1: Scolia | CC1: Sphecius speciosus | CD1: Sphex | CE1: Vespidae | CF1: Dolichovespula.maculata | CG1: Dolichovespula | CH1: Lepidoptera | CI1: Hesperiidae | CJ1: Celastrina ladon | CK1: Epargyreus clarus | CL1: Libythean carinenta | CM1: Pieris rapae | CN1: Polygonia comma | CO1: Vanessa atalanta | CP1: Notes
A2: 1 | B2: 45483 | C2: Jul | D2: 11A | E2: E. Braatz | F2: Dharuma | G2: Hydrangea paniculata | H2: 5026 | I2: Open | J2: 4 | K2: Lacy panicle | M2: NA | N2: NA | O2: #VALUE! | P2: #VALUE! | Q2: #VALUE! | R2: #VALUE! | S2: NA | T2: 0.52638889 | U2: 0.52986111 | V2: 0 | W2: 1 | X2: 40 | Y2: 73 | Z2: 5 | AA2: 0 | AB2: 0 | AC2: 0 | AD2: 0 | AE2: 0 | AF2: 0 | AG2: 0 | AH2: 0 | AI2: 0 | AJ2: 1 | AK2: 0 | AL2: 0 | AM2: 0 | AN2: 0 | AO2: 0 | AP2: 0 | AQ2: 0 | AR2: 0 | AS2: 1 | AT2: 0 | AU2: 0 | AV2: 0 | AW2: 0 | AX2: 0 | AY2: 0 | AZ2: 0 | BA2: 0 | BB2: 0 | BC2: 0 | BD2: 0 | BE2: 0 | BF2: 0 | BG2: 0 | BH2: 0 | BI2: 0 | BJ2: 0 | BK2: 0 | BL2: 0 | BM2: 0 | BN2: 0 | BO2: 0 | BP2: 1 | BQ2: 1 | BR2: 0 | BS2: 0 | BT2: 0 | BU2: 0 | BV2: 0 | BW2: 0 | BX2: 0 | BY2: 0 | BZ2: 0 | CA2: 0 | CB2: 0 | CC2: 0 | CD2: 0 | CE2: 0 | CF2: 0 | CG2: 0 | CH2: 0 | CI2: 0 | CJ2: 0 | CK2: 0 | CL2: 0 | CM2: 0 | CN2: 0 | CO2: 1
A3: 2 | B3: 45483 | C3: Jul | D3: 11E | E3: E. Braatz | F3: Seaside Serenade Bar | G3: Hydrangea arborescens | H3: 19008B | I3: Dense | J3: 4 | K3: Mop | M3: NA | N3: 388.8 | O3: 8.3053 | P3: 0 | Q3: 0 | R3: 0 | S3: NA | T3: 0.58263889 | U3: 0.58611111 | V3: 0 | W3: 2 | X3: 40 | Y3: 75 | Z3: 2 | AA3: 0 | AB3: 0 | AC3: 0 | AD3: 0 | AE3: 0 | AF3: 0 | AG3: 0 | AH3: 0 | AI3: 0 | AJ3: 0 | AK3: 0 | AL3: 0 | AM3: 0 | AN3: 0 | AO3: 0 | AP3: 0 | AQ3: 0 | AR3: 0 | AS3: 1 | AT3: 0 | AU3: 0 | AV3: 0 | AW3: 0 | AX3: 0 | AY3: 0 | AZ3: 0 | BA3: 0 | BB3: 0 | BC3: 0 | BD3: 0 | BE3: 0 | BF3: 0 | BG3: 0 | BH3: 0 | BI3: 0 | BJ3: 0 | BK3: 0 | BL3: 0 | BM3: 0 | BN3: 0 | BO3: 0 | BP3: 0 | BQ3: 1 | BR3: 0 | BS3: 0 | BT3: 0 | BU3: 0 | BV3: 0 | BW3: 0 | BX3: 0 | BY3: 0 | BZ3: 0 | CA3: 0 | CB3: 0 | CC3: 0 | CD3: 0 | CE3: 0 | CF3: 0 | CG3: 0 | CH3: 0 | CI3: 0 | CJ3: 0 | CK3: 0 | CL3: 0 | CM3: 0 | CN3: 0 | CO3: 0
A4: 3 | B4: 45483 | C4: Jul | D4: 1A | E4: E. Braatz | F4: Strawberry Shake | G4: Hydrangea paniculata | H4: 18031B | I4: Very dense | J4: 4 | K4: Mop-like panicle | M4: NA | N4: 68.4 | O4: 4.1488433 | P4: 0 | Q4: 0 | R4: 0 | S4: NA | T4: 0.49722222 | U4: 0.50069444 | V4: 0 | W4: 1 | X4: 10 | Y4: 72 | Z4: 6 | AA4: 0 | AB4: 0 | AC4: 0 | AD4: 0 | AE4: 0 | AF4: 0 | AG4: 0 | AH4: 0 | AI4: 0 | AJ4: 1 | AK4: 0 | AL4: 0 | AM4: 0 | AN4: 1 | AO4: 0 | AP4: 0 | AQ4: 0 | AR4: 0 | AS4: 1 | AT4: 1 | AU4: 0 | AV4: 0 | AW4: 0 | AX4: 0 | AY4: 0 | AZ4: 0 | BA4: 0 | BB4: 0 | BC4: 0 | BD4: 0 | BE4: 0 | BF4: 0 | BG4: 0 | BH4: 0 | BI4: 0 | BJ4: 0 | BK4: 0 | BL4: 0 | BM4: 0 | BN4: 0 | BO4: 0 | BP4: 0 | BQ4: 1 | BR4: 0 | BS4: 0 | BT4: 0 | BU4: 0 | BV4: 0 | BW4: 0 | BX4: 0 | BY4: 0 | BZ4: 0 | CA4: 0 | CB4: 0 | CC4: 0 | CD4: 0 | CE4: 1 | CF4: 0 | CG4: 0 | CH4: 0 | CI4: 0 | CJ4: 0 | CK4: 0 | CL4: 0 | CM4: 0 | CN4: 0 | CO4: 0
A5: 4 | B5: 45483 | C5: Jul | D5: 4A | E5: E. Braatz | F5: White Diamonds | G5: Hydrangea paniculata | H5: 11045 | I5: Half-open | J5: 4 | K5: Mop-like panicle | M5: NA | N5: 31 | O5: 9.0432 | P5: 0 | Q5: 0 | R5: 0 | S5: NA | T5: 0.50833333 | U5: 0.51180556 | V5: 0 | W5: 1 | X5: 10 | Y5: 72 | Z5: 2 | AA5: 0 | AB5: 0 | AC5: 0 | AD5: 0 | AE5: 0 | AF5: 0 | AG5: 0 | AH5: 0 | AI5: 0 | AJ5: 0 | AK5: 0 | AL5: 0 | AM5: 0 | AN5: 0 | AO5: 0 | AP5: 0 | AQ5: 0 | AR5: 0 | AS5: 1 | AT5: 0 | AU5: 0 | AV5: 0 | AW5: 0 | AX5: 0 | AY5: 0 | AZ5: 0 | BA5: 0 | BB5: 0 | BC5: 0 | BD5: 0 | BE5: 0 | BF5: 0 | BG5: 0 | BH5: 0 | BI5: 0 | BJ5: 0 | BK5: 0 | BL5: 0 | BM5: 0 | BN5: 0 | BO5: 0 | BP5: 0 | BQ5: 0 | BR5: 0 | BS5: 0 | BT5: 0 | BU5: 0 | BV5: 0 | BW5: 0 | BX5: 0 | BY5: 0 | BZ5: 0 | CA5: 0 | CB5: 0 | CC5: 0 | CD5: 0 | CE5: 0 | CF5: 0 | CG5: 0 | CH5: 0 | CI5: 0 | CJ5: 0 | CK5: 1 | CL5: 0 | CM5: 0 | CN5: 0 | CO5: 0
A6: 5 | B6: 45483 | C6: Jul | D6: 5A | E6: E. Braatz | F6: Quick Fire | G6: Hydrangea paniculata | H6: 5079 | I6: Open | J6: 4 | K6: Lacy panicle | M6: NA | N6: 98.6 | O6: 14.13 | P6: 0 | Q6: 0 | R6: 0 | S6: NA | T6: 0.4875 | U6: 0.49097222 | V6: 0 | W6: 1 | X6: 10 | Y6: 72 | Z6: 7 | AA6: 0 | AB6: 0 | AC6: 0 | AD6: 0 | AE6: 0 | AF6: 0 | AG6: 0 | AH6: 0 | AI6: 1 | AJ6: 1 | AK6: 0 | AL6: 0 | AM6: 0 | AN6: 0 | AO6: 0 | AP6: 0 | AQ6: 0 | AR6: 0 | AS6: 1 | AT6: 1 | AU6: 0 | AV6: 0 | AW6: 0 | AX6: 0 | AY6: 0 | AZ6: 0 | BA6: 0 | BB6: 0 | BC6: 0 | BD6: 0 | BE6: 0 | BF6: 1 | BG6: 0 | BH6: 0 | BI6: 0 | BJ6: 0 | BK6: 0 | BL6: 0 | BM6: 0 | BN6: 0 | BO6: 0 | BP6: 1 | BQ6: 1 | BR6: 0 | BS6: 0 | BT6: 0 | BU6: 0 | BV6: 0 | BW6: 0 | BX6: 0 | BY6: 0 | BZ6: 0 | CA6: 0 | CB6: 0 | CC6: 0 | CD6: 0 | CE6: 0 | CF6: 0 | CG6: 0 | CH6: 0 | CI6: 0 | CJ6: 0 | CK6: 0 | CL6: 0 | CM6: 0 | CN6: 0 | CO6: 0
A7: 6 | B7: 45483 | C7: Jul | D7: 8A | E7: E. Braatz | F7: Mega Pearl | G7: Hydrangea paniculata | H7: 1128 | I7: Dense | J7: 4 | K7: Mop-like panicle | M7: NA | N7: 36.1 | O7: 8.3053 | P7: 0 | Q7: 0 | R7: 0 | S7: NA | T7: 0.51805556 | U7: 0.52152778 | V7: 0 | W7: 1 | X7: 40 | Y7: 73 | Z7: 1 | AA7: 0 | AB7: 0 | AC7: 0 | AD7: 0 | AE7: 0 | AF7: 0 | AG7: 0 | AH7: 0 | AI7: 0 | AJ7: 0 | AK7: 0 | AL7: 0 | AM7: 0 | AN7: 0 | AO7: 0 | AP7: 0 | AQ7: 0 | AR7: 0 | AS7: 1 | AT7: 0 | AU7: 0 | AV7: 0 | AW7: 0 | AX7: 0 | AY7: 0 | AZ7: 0 | BA7: 0 | BB7: 0 | BC7: 0 | BD7: 0 | BE7: 0 | BF7: 0 | BG7: 0 | BH7: 0 | BI7: 0 | BJ7: 0 | BK7: 0 | BL7: 0 | BM7: 0 | BN7: 0 | BO7: 0 | BP7: 0 | BQ7: 0 | BR7: 0 | BS7: 0 | BT7: 0 | BU7: 0 | BV7: 0 | BW7: 0 | BX7: 0 | BY7: 0 | BZ7: 0 | CA7: 0 | CB7: 0 | CC7: 0 | CD7: 0 | CE7: 0 | CF7: 0 | CG7: 0 | CH7: 0 | CI7: 0 | CJ7: 0 | CK7: 0 | CL7: 0 | CM7: 0 | CN7: 0 | CO7: 0
A8: 7 | B8: 45483 | C8: Jul | D8: 9A | E8: E. Braatz | F8: Fire & Ice | G8: Hydrangea paniculata | H8: 12021 | I8: Open | J8: 4 | K8: Lacy panicle | M8: NA | N8: 97.8 | O8: 6.28 | P8: 0 | Q8: 0 | R8: 0 | S8: NA | T8: 0.47777778 | U8: 0.49097222 | V8: 0 | W8: 1 | X8: 10 | Y8: 72 | Z8: 7 | AA8: 0 | AB8: 0 | AC8: 0 | AD8: 0 | AE8: 0 | AF8: 0 | AG8: 0 | AH8: 0 | AI8: 0 | AJ8: 0 | AK8: 0 | AL8: 0 | AM8: 0 | AN8: 0 | AO8: 0 | AP8: 0 | AQ8: 0 | AR8: 0 | AS8: 1 | AT8: 1 | AU8: 0 | AV8: 0 | AW8: 0 | AX8: 0 | AY8: 0 | AZ8: 0 | BA8: 0 | BB8: 0 | BC8: 0 | BD8: 0 | BE8: 0 | BF8: 0 | BG8: 0 | BH8: 0 | BI8: 0 | BJ8: 0 | BK8: 1 | BL8: 0 | BM8: 0 | BN8: 0 | BO8: 0 | BP8: 1 | BQ8: 1 | BR8: 0 | BS8: 0 | BT8: 0 | BU8: 0 | BV8: 0 | BW8: 0 | BX8: 0 | BY8: 0 | BZ8: 0 | CA8: 0 | CB8: 0 | CC8: 0 | CD8: 0 | CE8: 1 | CF8: 0 | CG8: 0 | CH8: 0 | CI8: 0 | CJ8: 0 | CK8: 0 | CL8: 0 | CM8: 0 | CN8: 0 | CO8: 1
A9: 8 | B9: 45486 | C9: Jul | D9: 12F | E9: E. Braatz | F9: White Dome | G9: Hydrangea arborescens | H9: 2068 | I9: Open | J9: 4 | K9: Lacy | M9: NA | N9: 278.5 | O9: #VALUE! | T9: NA | U9: NA | V9: NA | W9: NA | X9: NA | Y9: NA | Z9: 9 | AA9: 0 | AB9: 0 | AC9: 0 | AD9: 0 | AE9: 0 | AF9: 1 | AG9: 0 | AH9: 0 | AI9: 0 | AJ9: 0 | AK9: 1 | AL9: 0 | AM9: 0 | AN9: 1 | AO9: 0 | AP9: 0 | AQ9: 0 | AR9: 0 | AS9: 1 | AT9: 0 | AU9: 0 | AV9: 0 | AW9: 0 | AX9: 0 | AY9: 0 | AZ9: 1 | BA9: 0 | BB9: 0 | BC9: 0 | BD9: 0 | BE9: 0 | BF9: 0 | BG9: 0 | BH9: 0 | BI9: 0 | BJ9: 0 | BK9: 1 | BL9: 0 | BM9: 0 | BN9: 0 | BO9: 0 | BP9: 1 | BQ9: 1 | BR9: 0 | BS9: 0 | BT9: 0 | BU9: 0 | BV9: 0 | BW9: 0 | BX9: 0 | BY9: 0 | BZ9: 0 | CA9: 0 | CB9: 0 | CC9: 0 | CD9: 0 | CE9: 1 | CF9: 0 | CG9: 0 | CH9: 0 | CI9: 0 | CJ9: 0 | CK9: 0 | CL9: 0 | CM9: 0 | CN9: 0 | CO9: 0
A10: 9 | B10: 45490 | C10: Jul | D10: 10C | E10: E. Braatz | F10: Fire Light | G10: Hydrangea paniculata | H10: 14026 | I10: Dense | J10: 4 | K10: Mop-like panicle | M10: NA | N10: 76.5 | O10: 8.5731958 | P10: 0 | Q10: 0 | R10: 0 | S10: NA | T10: 0.43541667 | U10: 0.43888889 | V10: 0 | W10: 2 | X10: 0 | Y10: 71 | Z10: 1 | AA10: 0 | AB10: 0 | AC10: 0 | AD10: 0 | AE10: 0 | AF10: 0 | AG10: 0 | AH10: 0 | AI10: 0 | AJ10: 0 | AK10: 0 | AL10: 0 | AM10: 0 | AN10: 0 | AO10: 0 | AP10: 0 | AQ10: 0 | AR10: 0 | AS10: 0 | AT10: 0 | AU10: 0 | AV10: 0 | AW10: 0 | AX10: 0 | AY10: 0 | AZ10: 0 | BA10: 0 | BB10: 0 | BC10: 0 | BD10: 0 | BE10: 0 | BF10: 0 | BG10: 0 | BH10: 0 | BI10: 0 | BJ10: 0 | BK10: 0 | BL10: 0 | BM10: 0 | BN10: 0 | BO10: 0 | BP10: 0 | BQ10: 1 | BR10: 0 | BS10: 0 | BT10: 0 | BU10: 0 | BV10: 0 | BW10: 0 | BX10: 0 | BY10: 0 | BZ10: 0 | CA10: 0 | CB10: 0 | CC10: 0 | CD10: 0 | CE10: 0 | CF10: 0 | CG10: 0 | CH10: 0 | CI10: 0 | CJ10: 0 | CK10: 0 | CL10: 0 | CM10: 0 | CN10: 0 | CO10: 0
A11: 10 | B11: 45490 | C11: Jul | D11: 10D | E11: E. Braatz | F11: Daimond Rogue | G11: Hydrangea paniculata | H11: 17047 | I11: Half-open | J11: 4 | K11: Mop-like panicle | M11: NA | N11: 109 | O11: 9.3348975 | P11: 0 | Q11: 0 | R11: 0 | S11: NA | T11: 0.65833333 | U11: 0.66180556 | V11: 0 | W11: 2 | X11: 40 | Y11: 77 | Z11: 2 | AA11: 0 | AB11: 0 | AC11: 0 | AD11: 0 | AE11: 0 | AF11: 0 | AG11: 0 | AH11: 0 | AI11: 0 | AJ11: 0 | AK11: 0 | AL11: 0 | AM11: 0 | AN11: 0 | AO11: 0 | AP11: 0 | AQ11: 0 | AR11: 0 | AS11: 1 | AT11: 0 | AU11: 0 | AV11: 0 | AW11: 0 | AX11: 0 | AY11: 0 | AZ11: 0 | BA11: 0 | BB11: 0 | BC11: 0 | BD11: 0 | BE11: 0 | BF11: 0 | BG11: 0 | BH11: 0 | BI11: 0 | BJ11: 0 | BK11: 0 | BL11: 0 | BM11: 0 | BN11: 0 | BO11: 0 | BP11: 0 | BQ11: 1 | BR11: 0 | BS11: 0 | BT11: 0 | BU11: 0 | BV11: 0 | BW11: 0 | BX11: 0 | BY11: 0 | BZ11: 0 | CA11: 0 | CB11: 0 | CC11: 0 | CD11: 0 | CE11: 0 | CF11: 0 | CG11: 0 | CH11: 0 | CI11: 0 | CJ11: 0 | CK11: 0 | CL11: 0 | CM11: 0 | CN11: 0 | CO11: 0
A12: 11 | B12: 45490 | C12: Jul | D12: 10D | E12: E. Braatz | F12: Daimond Rogue | G12: Hydrangea paniculata | H12: 17047 | I12: Half-open | J12: 4 | K12: Mop-like panicle | M12: NA | N12: 109 | O12: 9.3348975 | P12: 0 | Q12: 0 | R12: 0 | S12: NA | T12: 0.65833333 | U12: 0.66180556 | V12: 0 | W12: 2 | X12: 40 | Y12: 77 | Z12: 1 | AA12: 0 | AB12: 0 | AC12: 0 | AD12: 0 | AE12: 0 | AF12: 0 | AG12: 0 | AH12: 0 | AI12: 0 | AJ12: 0 | AK12: 0 | AL12: 0 | AM12: 0 | AN12: 0 | AO12: 0 | AP12: 0 | AQ12: 0 | AR12: 0 | AS12: 0 | AT12: 1 | AU12: 0 | AV12: 0 | AW12: 0 | AX12: 0 | AY12: 0 | AZ12: 0 | BA12: 0 | BB12: 0 | BC12: 0 | BD12: 0 | BE12: 0 | BF12: 0 | BG12: 0 | BH12: 0 | BI12: 0 | BJ12: 0 | BK12: 0 | BL12: 0 | BM12: 0 | BN12: 0 | BO12: 0 | BP12: 0 | BQ12: 0 | BR12: 0 | BS12: 0 | BT12: 0 | BU12: 0 | BV12: 0 | BW12: 0 | BX12: 0 | BY12: 0 | BZ12: 0 | CA12: 0 | CB12: 0 | CC12: 0 | CD12: 0 | CE12: 0 | CF12: 0 | CG12: 0 | CH12: 0 | CI12: 0 | CJ12: 0 | CK12: 0 | CL12: 0 | CM12: 0 | CN12: 0 | CO12: 0
A13: 12 | B13: 45490 | C13: Jul | D13: 11C | E13: E. Braatz | F13: Little Quick Fire | G13: Hydrangea paniculata | H13: 14010 | I13: Open | J13: 4 | K13: Lacy panicle | M13: NA | N13: 59.7 | O13: 5.546647 | P13: 0 | Q13: 0 | R13: 0 | S13: NA | T13: 0.42361111 | U13: 0.42708333 | V13: 0 | W13: 2 | X13: 0 | Y13: 71 | Z13: 4 | AA13: 0 | AB13: 0 | AC13: 0 | AD13: 0 | AE13: 0 | AF13: 0 | AG13: 0 | AH13: 0 | AI13: 0 | AJ13: 0 | AK13: 0 | AL13: 0 | AM13: 0 | AN13: 0 | AO13: 0 | AP13: 0 | AQ13: 0 | AR13: 0 | AS13: 0 | AT13: 1 | AU13: 0 | AV13: 0 | AW13: 0 | AX13: 0 | AY13: 0 | AZ13: 0 | BA13: 0 | BB13: 0 | BC13: 0 | BD13: 0 | BE13: 0 | BF13: 0 | BG13: 0 | BH13: 0 | BI13: 0 | BJ13: 0 | BK13: 0 | BL13: 0 | BM13: 0 | BN13: 0 | BO13: 0 | BP13: 1 | BQ13: 1 | BR13: 0 | BS13: 0 | BT13: 0 | BU13: 0 | BV13: 0 | BW13: 0 | BX13: 0 | BY13: 0 | BZ13: 0 | CA13: 0 | CB13: 0 | CC13: 0 | CD13: 0 | CE13: 0 | CF13: 0 | CG13: 1 | CH13: 0 | CI13: 0 | CJ13: 0 | CK13: 0 | CL13: 0 | CM13: 0 | CN13: 0 | CO13: 0
A14: 13 | B14: 45490 | C14: Jul | D14: 12F | E14: E. Braatz | F14: White Dome | G14: Hydrangea arborescens | H14: 2068 | I14: Open | J14: 4 | K14: Lacy | M14: NA | N14: 278.5 | O14: #VALUE! | P14: #VALUE! | Q14: 0 | R14: #VALUE! | S14: NA | T14: 0.49652778 | U14: 0.5 | V14: 0 | W14: 1 | X14: 20 | Y14: 73 | Z14: 2 | AA14: 0 | AB14: 0 | AC14: 0 | AD14: 0 | AE14: 0 | AF14: 0 | AG14: 0 | AH14: 0 | AI14: 0 | AJ14: 0 | AK14: 0 | AL14: 0 | AM14: 0 | AN14: 0 | AO14: 0 | AP14: 0 | AQ14: 0 | AR14: 0 | AS14: 0 | AT14: 0 | AU14: 0 | AV14: 0 | AW14: 0 | AX14: 0 | AY14: 0 | AZ14: 0 | BA14: 0 | BB14: 0 | BC14: 0 | BD14: 0 | BE14: 0 | BF14: 0 | BG14: 0 | BH14: 0 | BI14: 0 | BJ14: 0 | BK14: 0 | BL14: 0 | BM14: 0 | BN14: 0 | BO14: 0 | BP14: 0 | BQ14: 1 | BR14: 0 | BS14: 0 | BT14: 1 | BU14: 0 | BV14: 0 | BW14: 0 | BX14: 0 | BY14: 0 | BZ14: 0 | CA14: 0 | CB14: 0 | CC14: 0 | CD14: 0 | CE14: 0 | CF14: 0 | CG14: 0 | CH14: 0 | CI14: 0 | CJ14: 0 | CK14: 0 | CL14: 0 | CM14: 0 | CN14: 0 | CO14: 0
A15: 14 | B15: 45490 | C15: Jul | D15: 13C | E15: E. Braatz | F15: Fire Light | G15: Hydrangea paniculata | H15: 18008B | I15: Very dense | J15: NA | K15: Mop-like panicle | M15: NA | N15: 71.4 | O15: 8.949995 | P15: 0 | Q15: 0 | R15: 0 | S15: NA | T15: 0.39652778 | U15: 0.4 | V15: 0 | W15: 2 | X15: 0 | Y15: 71 | Z15: 5 | AA15: 0 | AB15: 0 | AC15: 0 | AD15: 0 | AE15: 0 | AF15: 0 | AG15: 0 | AH15: 0 | AI15: 0 | AJ15: 1 | AK15: 0 | AL15: 0 | AM15: 0 | AN15: 1 | AO15: 0 | AP15: 0 | AQ15: 0 | AR15: 0 | AS15: 0 | AT15: 1 | AU15: 0 | AV15: 0 | AW15: 0 | AX15: 0 | AY15: 0 | AZ15: 0 | BA15: 0 | BB15: 0 | BC15: 0 | BD15: 0 | BE15: 0 | BF15: 1 | BG15: 0 | BH15: 0 | BI15: 0 | BJ15: 0 | BK15: 0 | BL15: 0 | BM15: 0 | BN15: 0 | BO15: 0 | BP15: 0 | BQ15: 1 | BR15: 0 | BS15: 0 | BT15: 0 | BU15: 0 | BV15: 0 | BW15: 0 | BX15: 0 | BY15: 0 | BZ15: 0 | CA15: 0 | CB15: 0 | CC15: 0 | CD15: 0 | CE15: 0 | CF15: 0 | CG15: 0 | CH15: 0 | CI15: 0 | CJ15: 0 | CK15: 0 | CL15: 0 | CM15: 0 | CN15: 0 | CO15: 0
A16: 15 | B16: 45490 | C16: Jul | D16: 14C | E16: E. Braatz | F16: Fire Light | G16: Hydrangea paniculata | H16: 18008A | I16: Dense | J16: 4 | K16: Mop-like panicle | M16: NA | N16: 94.3 | O16: 8.5731958 | P16: 0 | Q16: 0 | R16: 0 | S16: NA | T16: 0.40625 | U16: 0.40972222 | V16: 0 | W16: 2 | X16: 0 | Y16: 71 | Z16: 4 | AA16: 0 | AB16: 0 | AC16: 0 | AD16: 0 | AE16: 0 | AF16: 0 | AG16: 0 | AH16: 0 | AI16: 0 | AJ16: 0 | AK16: 0 | AL16: 0 | AM16: 0 | AN16: 1 | AO16: 0 | AP16: 0 | AQ16: 0 | AR16: 0 | AS16: 0 | AT16: 0 | AU16: 0 | AV16: 0 | AW16: 0 | AX16: 0 | AY16: 1 | AZ16: 0 | BA16: 0 | BB16: 0 | BC16: 0 | BD16: 0 | BE16: 0 | BF16: 0 | BG16: 0 | BH16: 0 | BI16: 0 | BJ16: 0 | BK16: 0 | BL16: 0 | BM16: 0 | BN16: 0 | BO16: 0 | BP16: 0 | BQ16: 1 | BR16: 0 | BS16: 0 | BT16: 0 | BU16: 0 | BV16: 0 | BW16: 0 | BX16: 0 | BY16: 0 | BZ16: 0 | CA16: 0 | CB16: 0 | CC16: 0 | CD16: 0 | CE16: 0 | CF16: 0 | CG16: 1 | CH16: 0 | CI16: 0 | CJ16: 0 | CK16: 0 | CL16: 0 | CM16: 0 | CN16: 0 | CO16: 0
A17: 16 | B17: 45490 | C17: Jul | D17: 16C | E17: E. Braatz | F17: Quick Fire | G17: Hydrangea paniculata | H17: 14001 | I17: Open | J17: 4 | K17: Lacy panicle | M17: NA | N17: 25.9 | O17: 8.2044997 | P17: 0 | Q17: 0 | R17: 0 | S17: NA | T17: 0.64652778 | U17: 0.65 | V17: 0 | W17: 2 | X17: 25 | Y17: 73 | Z17: 3 | AA17: 0 | AB17: 0 | AC17: 0 | AD17: 0 | AE17: 0 | AF17: 0 | AG17: 0 | AH17: 0 | AI17: 0 | AJ17: 1 | AK17: 0 | AL17: 0 | AM17: 0 | AN17: 0 | AO17: 0 | AP17: 0 | AQ17: 0 | AR17: 0 | AS17: 1 | AT17: 1 | AU17: 0 | AV17: 0 | AW17: 0 | AX17: 0 | AY17: 0 | AZ17: 0 | BA17: 0 | BB17: 0 | BC17: 0 | BD17: 0 | BE17: 0 | BF17: 0 | BG17: 0 | BH17: 0 | BI17: 0 | BJ17: 0 | BK17: 0 | BL17: 0 | BM17: 0 | BN17: 0 | BO17: 0 | BP17: 0 | BQ17: 0 | BR17: 0 | BS17: 0 | BT17: 0 | BU17: 0 | BV17: 0 | BW17: 0 | BX17: 0 | BY17: 0 | BZ17: 0 | CA17: 0 | CB17: 0 | CC17: 0 | CD17: 0 | CE17: 0 | CF17: 0 | CG17: 0 | CH17: 0 | CI17: 0 | CJ17: 0 | CK17: 0 | CL17: 0 | CM17: 0 | CN17: 0 | CO17: 0
A18: 17 | B18: 45490 | C18: Jul | D18: 16C | E18: E. Braatz | F18: Quick Fire | G18: Hydrangea paniculata | H18: 14001 | I18: Open | J18: 4 | K18: Lacy panicle | M18: NA | N18: 25.9 | O18: 8.2044997 | P18: 0 | Q18: 0 | R18: 0 | S18: NA | T18: 0.46805556 | U18: 0.47152778 | V18: 0 | W18: 2 | X18: 5 | Y18: 73 | Z18: 3 | AA18: 0 | AB18: 0 | AC18: 0 | AD18: 0 | AE18: 0 | AF18: 0 | AG18: 0 | AH18: 0 | AI18: 0 | AJ18: 1 | AK18: 0 | AL18: 0 | AM18: 0 | AN18: 0 | AO18: 0 | AP18: 0 | AQ18: 0 | AR18: 0 | AS18: 1 | AT18: 1 | AU18: 0 | AV18: 0 | AW18: 0 | AX18: 0 | AY18: 0 | AZ18: 0 | BA18: 0 | BB18: 0 | BC18: 0 | BD18: 0 | BE18: 0 | BF18: 0 | BG18: 0 | BH18: 0 | BI18: 0 | BJ18: 0 | BK18: 0 | BL18: 0 | BM18: 0 | BN18: 0 | BO18: 0 | BP18: 0 | BQ18: 0 | BR18: 0 | BS18: 0 | BT18: 0 | BU18: 0 | BV18: 0 | BW18: 0 | BX18: 0 | BY18: 0 | BZ18: 0 | CA18: 0 | CB18: 0 | CC18: 0 | CD18: 0 | CE18: 0 | CF18: 0 | CG18: 0 | CH18: 0 | CI18: 0 | CJ18: 0 | CK18: 0 | CL18: 0 | CM18: 0 | CN18: 0 | CO18: 0 | CP18: Goldenrod soldier beetles
A19: 18 | B19: 45490 | C19: Jul | D19: 18D | E19: E. Braatz | F19: Bobo | G19: Hydrangea paniculata | H19: 12031B | I19: Half-open | J19: 4 | K19: Mop-like panicle | M19: NA | N19: 72.1 | O19: 6.1624909 | P19: 0 | Q19: 0 | R19: 0 | S19: NA | T19: 0.67638889 | U19: 0.67986111 | V19: 0 | W19: 2 | X19: 40 | Y19: 77 | Z19: 2 | AA19: 0 | AB19: 0 | AC19: 0 | AD19: 0 | AE19: 0 | AF19: 0 | AG19: 0 | AH19: 0 | AI19: 0 | AJ19: 1 | AK19: 0 | AL19: 0 | AM19: 0 | AN19: 1 | AO19: 0 | AP19: 0 | AQ19: 0 | AR19: 0 | AS19: 0 | AT19: 0 | AU19: 0 | AV19: 0 | AW19: 0 | AX19: 0 | AY19: 0 | AZ19: 0 | BA19: 0 | BB19: 0 | BC19: 0 | BD19: 0 | BE19: 0 | BF19: 0 | BG19: 0 | BH19: 0 | BI19: 0 | BJ19: 0 | BK19: 0 | BL19: 0 | BM19: 0 | BN19: 0 | BO19: 0 | BP19: 0 | BQ19: 0 | BR19: 0 | BS19: 0 | BT19: 0 | BU19: 0 | BV19: 0 | BW19: 0 | BX19: 0 | BY19: 0 | BZ19: 0 | CA19: 0 | CB19: 0 | CC19: 0 | CD19: 0 | CE19: 0 | CF19: 0 | CG19: 0 | CH19: 0 | CI19: 0 | CJ19: 0 | CK19: 0 | CL19: 0 | CM19: 0 | CN19: 0 | CO19: 0
A20: 19 | B20: 45490 | C20: Jul | D20: 2C | E20: E. Braatz | F20: Pinky Winky | G20: Hydrangea paniculata | H20: 14022 | I20: Half-open | J20: 4 | K20: Mop-like panicle | M20: NA | N20: 47.1 | O20: 5.546647 | P20: 0 | Q20: 0 | R20: 0 | S20: NA | T20: 0.48055556 | U20: 0.48402778 | V20: 0 | W20: 2 | X20: 5 | Y20: 73 | Z20: 4 | AA20: 0 | AB20: 0 | AC20: 0 | AD20: 0 | AE20: 0 | AF20: 0 | AG20: 0 | AH20: 0 | AI20: 0 | AJ20: 1 | AK20: 0 | AL20: 0 | AM20: 0 | AN20: 0 | AO20: 0 | AP20: 0 | AQ20: 0 | AR20: 0 | AS20: 1 | AT20: 0 | AU20: 0 | AV20: 0 | AW20: 0 | AX20: 0 | AY20: 0 | AZ20: 0 | BA20: 0 | BB20: 0 | BC20: 0 | BD20: 0 | BE20: 0 | BF20: 0 | BG20: 0 | BH20: 0 | BI20: 0 | BJ20: 0 | BK20: 0 | BL20: 0 | BM20: 0 | BN20: 0 | BO20: 0 | BP20: 0 | BQ20: 1 | BR20: 0 | BS20: 0 | BT20: 1 | BU20: 0 | BV20: 0 | BW20: 0 | BX20: 0 | BY20: 0 | BZ20: 0 | CA20: 0 | CB20: 0 | CC20: 0 | CD20: 0 | CE20: 0 | CF20: 0 | CG20: 0 | CH20: 0 | CI20: 0 | CJ20: 0 | CK20: 0 | CL20: 0 | CM20: 0 | CN20: 0 | CO20: 0
A21: 20 | B21: 45490 | C21: Jul | D21: 2F | E21: E. Braatz | F21: Silver Leaf | G21: Hydrangea arborescens | H21: Unknown | I21: Open | J21: 4 | K21: Lacy | M21: NA | N21: 390.5 | O21: 3.6464443 | P21: 0 | Q21: 0 | R21: 0 | S21: NA | T21: 0.55625 | U21: 0.55972222 | V21: 0 | W21: 2 | X21: 25 | Y21: 75 | Z21: 5 | AA21: 0 | AB21: 0 | AC21: 0 | AD21: 0 | AE21: 0 | AF21: 0 | AG21: 0 | AH21: 0 | AI21: 0 | AJ21: 0 | AK21: 0 | AL21: 0 | AM21: 0 | AN21: 0 | AO21: 0 | AP21: 0 | AQ21: 0 | AR21: 0 | AS21: 0 | AT21: 0 | AU21: 0 | AV21: 0 | AW21: 0 | AX21: 0 | AY21: 0 | AZ21: 0 | BA21: 0 | BB21: 0 | BC21: 0 | BD21: 0 | BE21: 0 | BF21: 0 | BG21: 0 | BH21: 0 | BI21: 0 | BJ21: 0 | BK21: 0 | BL21: 0 | BM21: 0 | BN21: 0 | BO21: 0 | BP21: 1 | BQ21: 1 | BR21: 0 | BS21: 0 | BT21: 1 | BU21: 0 | BV21: 0 | BW21: 0 | BX21: 0 | BY21: 0 | BZ21: 0 | CA21: 1 | CB21: 0 | CC21: 0 | CD21: 0 | CE21: 1 | CF21: 0 | CG21: 0 | CH21: 0 | CI21: 0 | CJ21: 0 | CK21: 0 | CL21: 0 | CM21: 0 | CN21: 0 | CO21: 0 | CP21: Syrphid fly escaped
A22: 21 | B22: 45490 | C22: Jul | D22: 2F | E22: E. Braatz | F22: Silver Leaf | G22: Hydrangea arborescens | H22: Unknown | I22: Open | J22: 4 | K22: Lacy | M22: NA | N22: 390.5 | O22: 3.6464443 | P22: 0 | Q22: 0 | R22: 0 | S22: NA | T22: 0.55625 | U22: 0.55972222 | V22: 0 | W22: 2 | X22: 25 | Y22: 75 | Z22: 6 | AA22: 0 | AB22: 0 | AC22: 0 | AD22: 0 | AE22: 0 | AF22: 0 | AG22: 0 | AH22: 0 | AI22: 0 | AJ22: 0 | AK22: 0 | AL22: 0 | AM22: 0 | AN22: 1 | AO22: 0 | AP22: 0 | AQ22: 1 | AR22: 0 | AS22: 0 | AT22: 0 | AU22: 0 | AV22: 0 | AW22: 0 | AX22: 0 | AY22: 0 | AZ22: 0 | BA22: 0 | BB22: 0 | BC22: 0 | BD22: 0 | BE22: 0 | BF22: 0 | BG22: 0 | BH22: 0 | BI22: 0 | BJ22: 0 | BK22: 1 | BL22: 0 | BM22: 0 | BN22: 1 | BO22: 0 | BP22: 0 | BQ22: 1 | BR22: 0 | BS22: 0 | BT22: 1 | BU22: 0 | BV22: 0 | BW22: 0 | BX22: 0 | BY22: 0 | BZ22: 0 | CA22: 0 | CB22: 0 | CC22: 0 | CD22: 0 | CE22: 0 | CF22: 0 | CG22: 0 | CH22: 0 | CI22: 0 | CJ22: 0 | CK22: 0 | CL22: 0 | CM22: 0 | CN22: 0 | CO22: 0 | CP22: Syrphid fly escaped
A23: 22 | B23: 45490 | C23: Jul | D23: 4C | E23: E. Braatz | F23: Little Lamb | G23: Hydrangea paniculata | H23: 4054 | I23: Very dense | J23: 4 | K23: Mop-like panicle | M23: NA | N23: 50 | O23: 9.7279031 | P23: 0 | Q23: 0 | R23: 0 | S23: NA | T23: 0.45416667 | U23: 0.45763889 | V23: 0 | W23: 2 | X23: 5 | Y23: 73 | Z23: 5 | AA23: 0 | AB23: 0 | AC23: 0 | AD23: 0 | AE23: 0 | AF23: 0 | AG23: 0 | AH23: 0 | AI23: 0 | AJ23: 0 | AK23: 0 | AL23: 0 | AM23: 0 | AN23: 0 | AO23: 0 | AP23: 0 | AQ23: 0 | AR23: 0 | AS23: 0 | AT23: 1 | AU23: 0 | AV23: 0 | AW23: 0 | AX23: 0 | AY23: 0 | AZ23: 0 | BA23: 0 | BB23: 0 | BC23: 0 | BD23: 0 | BE23: 0 | BF23: 1 | BG23: 0 | BH23: 0 | BI23: 0 | BJ23: 0 | BK23: 1 | BL23: 1 | BM23: 0 | BN23: 0 | BO23: 0 | BP23: 0 | BQ23: 1 | BR23: 0 | BS23: 0 | BT23: 0 | BU23: 0 | BV23: 0 | BW23: 0 | BX23: 0 | BY23: 0 | BZ23: 0 | CA23: 0 | CB23: 0 | CC23: 0 | CD23: 0 | CE23: 0 | CF23: 0 | CG23: 0 | CH23: 0 | CI23: 0 | CJ23: 0 | CK23: 0 | CL23: 0 | CM23: 0 | CN23: 0 | CO23: 0
A24: 23 | B24: 45490 | C24: Jul | D24: 4F | E24: E. Braatz | F24: Haas Halo | G24: Hydrangea arborescens | H24: 18022 | I24: Open | J24: 3 | K24: Lacy | M24: NA | N24: 563.42857 | O24: 9.3348975 | P24: 0 | Q24: 0 | R24: 0 | S24: NA | T24: 0.58055556 | U24: 0.58402778 | V24: 0 | W24: 2 | X24: 25 | Y24: 75 | Z24: 5 | AA24: 0 | AB24: 0 | AC24: 1 | AD24: 0 | AE24: 0 | AF24: 0 | AG24: 0 | AH24: 0 | AI24: 0 | AJ24: 0 | AK24: 0 | AL24: 0 | AM24: 0 | AN24: 0 | AO24: 0 | AP24: 0 | AQ24: 0 | AR24: 0 | AS24: 1 | AT24: 0 | AU24: 0 | AV24: 0 | AW24: 0 | AX24: 0 | AY24: 0 | AZ24: 0 | BA24: 0 | BB24: 0 | BC24: 0 | BD24: 0 | BE24: 0 | BF24: 0 | BG24: 0 | BH24: 0 | BI24: 0 | BJ24: 0 | BK24: 1 | BL24: 1 | BM24: 0 | BN24: 0 | BO24: 0 | BP24: 1 | BQ24: 0 | BR24: 0 | BS24: 0 | BT24: 0 | BU24: 0 | BV24: 0 | BW24: 0 | BX24: 0 | BY24: 0 | BZ24: 0 | CA24: 0 | CB24: 0 | CC24: 0 | CD24: 0 | CE24: 0 | CF24: 0 | CG24: 0 | CH24: 0 | CI24: 0 | CJ24: 0 | CK24: 0 | CL24: 0 | CM24: 0 | CN24: 0 | CO24: 0
A25: 24 | B25: 45490 | C25: Jul | D25: 5F | E25: E. Braatz | F25: Bella Anna | G25: Hydrangea arborescens | H25: 10067 | I25: Half-open | J25: 4 | K25: Mop | M25: NA | N25: 88 | O25: 3.4073996 | P25: 0 | Q25: 0 | R25: 0 | S25: NA | T25: 0.59583333 | U25: 0.59930556 | V25: 0 | W25: 2 | X25: 25 | Y25: 75 | Z25: 1 | AA25: 0 | AB25: 0 | AC25: 0 | AD25: 0 | AE25: 0 | AF25: 0 | AG25: 0 | AH25: 0 | AI25: 0 | AJ25: 0 | AK25: 0 | AL25: 0 | AM25: 0 | AN25: 0 | AO25: 0 | AP25: 0 | AQ25: 0 | AR25: 0 | AS25: 1 | AT25: 0 | AU25: 0 | AV25: 0 | AW25: 0 | AX25: 0 | AY25: 0 | AZ25: 0 | BA25: 0 | BB25: 0 | BC25: 0 | BD25: 0 | BE25: 0 | BF25: 0 | BG25: 0 | BH25: 0 | BI25: 0 | BJ25: 0 | BK25: 0 | BL25: 0 | BM25: 0 | BN25: 0 | BO25: 0 | BP25: 0 | BQ25: 0 | BR25: 0 | BS25: 0 | BT25: 0 | BU25: 0 | BV25: 0 | BW25: 0 | BX25: 0 | BY25: 0 | BZ25: 0 | CA25: 0 | CB25: 0 | CC25: 0 | CD25: 0 | CE25: 0 | CF25: 0 | CG25: 0 | CH25: 0 | CI25: 0 | CJ25: 0 | CK25: 0 | CL25: 0 | CM25: 0 | CN25: 0 | CO25: 0
A26: 25 | B26: 45490 | C26: Jul | D26: 8C | E26: E. Braatz | F26: Strawberry Shake | G26: Hydrangea paniculata | H26: 18031A | I26: Very dense | J26: 4 | K26: Mop-like panicle | M26: NA | N26: 27.1 | O26: 5.2508798 | P26: 0 | Q26: 0 | R26: 0 | S26: NA | T26: 0.44583333 | U26: 0.45625 | V26: 0 | W26: 2 | X26: 5 | Y26: 73 | Z26: 2 | AA26: 0 | AB26: 0 | AC26: 0 | AD26: 0 | AE26: 0 | AF26: 0 | AG26: 0 | AH26: 0 | AI26: 0 | AJ26: 0 | AK26: 0 | AL26: 0 | AM26: 0 | AN26: 1 | AO26: 0 | AP26: 0 | AQ26: 0 | AR26: 0 | AS26: 0 | AT26: 0 | AU26: 0 | AV26: 0 | AW26: 0 | AX26: 0 | AY26: 0 | AZ26: 0 | BA26: 0 | BB26: 0 | BC26: 0 | BD26: 0 | BE26: 0 | BF26: 1 | BG26: 0 | BH26: 0 | BI26: 0 | BJ26: 0 | BK26: 0 | BL26: 0 | BM26: 0 | BN26: 0 | BO26: 0 | BP26: 0 | BQ26: 0 | BR26: 0 | BS26: 0 | BT26: 0 | BU26: 0 | BV26: 0 | BW26: 0 | BX26: 0 | BY26: 0 | BZ26: 0 | CA26: 0 | CB26: 0 | CC26: 0 | CD26: 0 | CE26: 0 | CF26: 0 | CG26: 0 | CH26: 0 | CI26: 0 | CJ26: 0 | CK26: 0 | CL26: 0 | CM26: 0 | CN26: 0 | CO26: 0 | CP26: Syrphid
A27: 26 | B27: 45490 | C27: Jul | D27: 9F | E27: E. Braatz | F27: Incrediball | G27: Hydrangea arborescens | H27: 9050 | I27: Dense | J27: 3 | K27: Mop | M27: NA | N27: 557.4 | O27: 13.163664 | P27: 0 | Q27: 0 | R27: 0 | S27: NA | T27: 0.60486111 | U27: 0.60902778 | V27: 0 | W27: 2 | X27: 25 | Y27: 75 | Z27: 4 | AA27: 0 | AB27: 0 | AC27: 0 | AD27: 0 | AE27: 0 | AF27: 0 | AG27: 0 | AH27: 0 | AI27: 0 | AJ27: 0 | AK27: 0 | AL27: 0 | AM27: 0 | AN27: 0 | AO27: 0 | AP27: 0 | AQ27: 1 | AR27: 0 | AS27: 1 | AT27: 0 | AU27: 0 | AV27: 0 | AW27: 0 | AX27: 0 | AY27: 0 | AZ27: 0 | BA27: 0 | BB27: 0 | BC27: 0 | BD27: 0 | BE27: 0 | BF27: 0 | BG27: 0 | BH27: 0 | BI27: 0 | BJ27: 0 | BK27: 0 | BL27: 0 | BM27: 0 | BN27: 0 | BO27: 0 | BP27: 0 | BQ27: 1 | BR27: 0 | BS27: 0 | BT27: 0 | BU27: 1 | BV27: 0 | BW27: 0 | BX27: 0 | BY27: 0 | BZ27: 0 | CA27: 0 | CB27: 0 | CC27: 0 | CD27: 0 | CE27: 0 | CF27: 0 | CG27: 0 | CH27: 0 | CI27: 0 | CJ27: 0 | CK27: 0 | CL27: 0 | CM27: 0 | CN27: 0 | CO27: 0
A28: 27 | B28: 45491 | C28: Jul | D28: 11D | E28: E. Braatz | F28: Kyushu | G28: Hydrangea paniculata | H28: 93021 | I28: Open | J28: NA | K28: Lacy panicle | M28: NA | N28: 404.7 | O28: 9.3348975 | P28: 0 | Q28: 0 | R28: 0 | S28: NA | T28: 0.51458333 | U28: 0.51805556 | V28: 0 | W28: 2 | X28: 65 | Y28: 70 | Z28: 5 | AA28: 0 | AB28: 0 | AC28: 0 | AD28: 0 | AE28: 0 | AF28: 0 | AG28: 0 | AH28: 0 | AI28: 0 | AJ28: 0 | AK28: 0 | AL28: 0 | AM28: 0 | AN28: 0 | AO28: 0 | AP28: 0 | AQ28: 1 | AR28: 0 | AS28: 1 | AT28: 1 | AU28: 0 | AV28: 0 | AW28: 0 | AX28: 0 | AY28: 0 | AZ28: 0 | BA28: 0 | BB28: 0 | BC28: 0 | BD28: 0 | BE28: 0 | BF28: 1 | BG28: 0 | BH28: 0 | BI28: 0 | BJ28: 0 | BK28: 0 | BL28: 0 | BM28: 0 | BN28: 0 | BO28: 0 | BP28: 0 | BQ28: 1 | BR28: 0 | BS28: 0 | BT28: 0 | BU28: 0 | BV28: 0 | BW28: 0 | BX28: 0 | BY28: 0 | BZ28: 0 | CA28: 0 | CB28: 0 | CC28: 0 | CD28: 0 | CE28: 0 | CF28: 0 | CG28: 0 | CH28: 0 | CI28: 0 | CJ28: 0 | CK28: 0 | CL28: 0 | CM28: 0 | CN28: 0 | CO28: 0
A29: 28 | B29: 45491 | C29: Jul | D29: 19D | E29: E. Braatz | F29: Puffer Fish | G29: Hydrangea paniculata | H29: 2023-030 | I29: Half-open | J29: 4 | K29: Mop-like panicle | M29: NA | N29: 55.8 | O29: 2.3337244 | P29: 0 | Q29: 0 | R29: 0 | S29: NA | T29: 0.54236111 | U29: 0.54583333 | V29: 0 | W29: 2 | X29: 65 | Y29: 70 | Z29: 2 | AA29: 0 | AB29: 0 | AC29: 0 | AD29: 0 | AE29: 0 | AF29: 0 | AG29: 0 | AH29: 0 | AI29: 0 | AJ29: 0 | AK29: 0 | AL29: 0 | AM29: 0 | AN29: 0 | AO29: 0 | AP29: 0 | AQ29: 0 | AR29: 0 | AS29: 1 | AT29: 0 | AU29: 0 | AV29: 0 | AW29: 0 | AX29: 0 | AY29: 0 | AZ29: 0 | BA29: 0 | BB29: 0 | BC29: 0 | BD29: 0 | BE29: 0 | BF29: 0 | BG29: 0 | BH29: 0 | BI29: 0 | BJ29: 0 | BK29: 0 | BL29: 0 | BM29: 0 | BN29: 0 | BO29: 1 | BP29: 0 | BQ29: 0 | BR29: 0 | BS29: 0 | BT29: 0 | BU29: 0 | BV29: 0 | BW29: 0 | BX29: 0 | BY29: 0 | BZ29: 0 | CA29: 0 | CB29: 0 | CC29: 0 | CD29: 0 | CE29: 0 | CF29: 0 | CG29: 0 | CH29: 0 | CI29: 0 | CJ29: 0 | CK29: 0 | CL29: 0 | CM29: 0 | CN29: 0 | CO29: 0 | CP29: 2 Golden digger waps
A30: 29 | B30: 45491 | C30: Jul | D30: 20D | E30: E. Braatz | F30: Early Evolution | G30: Hydrangea paniculata | H30: 2023-026A | I30: Open | J30: 4 | K30: Lacy panicle | M30: NA | N30: NA | O30: 1.0372108 | P30: 0 | Q30: #VALUE! | R30: #VALUE! | S30: NA | T30: 0.525 | U30: 0.52847222 | V30: 0 | W30: 2 | X30: 65 | Y30: 70 | Z30: 2 | AA30: 0 | AB30: 0 | AC30: 0 | AD30: 0 | AE30: 0 | AF30: 0 | AG30: 0 | AH30: 0 | AI30: 0 | AJ30: 0 | AK30: 0 | AL30: 0 | AM30: 0 | AN30: 1 | AO30: 0 | AP30: 0 | AQ30: 0 | AR30: 0 | AS30: 0 | AT30: 1 | AU30: 0 | AV30: 0 | AW30: 0 | AX30: 0 | AY30: 0 | AZ30: 0 | BA30: 0 | BB30: 0 | BC30: 0 | BD30: 0 | BE30: 0 | BF30: 0 | BG30: 0 | BH30: 0 | BI30: 0 | BJ30: 0 | BK30: 0 | BL30: 0 | BM30: 0 | BN30: 0 | BO30: 0 | BP30: 0 | BQ30: 0 | BR30: 0 | BS30: 0 | BT30: 0 | BU30: 0 | BV30: 0 | BW30: 0 | BX30: 0 | BY30: 0 | BZ30: 0 | CA30: 0 | CB30: 0 | CC30: 0 | CD30: 0 | CE30: 0 | CF30: 0 | CG30: 0 | CH30: 0 | CI30: 0 | CJ30: 0 | CK30: 0 | CL30: 0 | CM30: 0 | CN30: 0 | CO30: 0
A31: 30 | B31: 45491 | C31: Jul | D31: 5B | E31: E. Braatz | F31: Dharuma | G31: Hydrangea paniculata | H31: 5026 | I31: Open | J31: 4 | K31: Lacy panicle | M31: NA | N31: 5.5 | O31: 0.906832 | P31: 0 | Q31: 0 | R31: 0 | S31: NA | T31: 0.54236111 | U31: 0.54583333 | V31: 0 | W31: 2 | X31: 35 | Y31: 73 | Z31: 1 | AA31: 0 | AB31: 0 | AC31: 0 | AD31: 0 | AE31: 0 | AF31: 0 | AG31: 0 | AH31: 0 | AI31: 0 | AJ31: 0 | AK31: 0 | AL31: 0 | AM31: 0 | AN31: 0 | AO31: 0 | AP31: 0 | AQ31: 0 | AR31: 0 | AS31: 0 | AT31: 0 | AU31: 0 | AV31: 0 | AW31: 0 | AX31: 0 | AY31: 0 | AZ31: 0 | BA31: 0 | BB31: 0 | BC31: 0 | BD31: 0 | BE31: 0 | BF31: 0 | BG31: 0 | BH31: 0 | BI31: 0 | BJ31: 0 | BK31: 0 | BL31: 1 | BM31: 0 | BN31: 0 | BO31: 0 | BP31: 0 | BQ31: 0 | BR31: 0 | BS31: 0 | BT31: 0 | BU31: 0 | BV31: 0 | BW31: 0 | BX31: 0 | BY31: 0 | BZ31: 0 | CA31: 0 | CB31: 0 | CC31: 0 | CD31: 0 | CE31: 0 | CF31: 0 | CG31: 0 | CH31: 0 | CI31: 0 | CJ31: 0 | CK31: 0 | CL31: 0 | CM31: 0 | CN31: 0 | CO31: 0
A32: 31 | B32: 45491 | C32: Jul | D32: 6D | E32: E. Braatz | F32: Strawberry Sundae | G32: Hydrangea paniculata | H32: 15055 | I32: Dense | J32: 4 | K32: Mop-like panicle | M32: NA | N32: 42.8 | O32: 11.81448 | P32: 0 | Q32: 0 | R32: 0 | S32: NA | T32: 0.53541667 | U32: 0.53888889 | V32: 0 | W32: 2 | X32: 65 | Y32: 70 | Z32: 6 | AA32: 0 | AB32: 0 | AC32: 0 | AD32: 0 | AE32: 0 | AF32: 0 | AG32: 0 | AH32: 0 | AI32: 0 | AJ32: 0 | AK32: 0 | AL32: 0 | AM32: 0 | AN32: 1 | AO32: 0 | AP32: 0 | AQ32: 0 | AR32: 0 | AS32: 1 | AT32: 1 | AU32: 0 | AV32: 0 | AW32: 0 | AX32: 0 | AY32: 0 | AZ32: 0 | BA32: 0 | BB32: 0 | BC32: 0 | BD32: 0 | BE32: 0 | BF32: 1 | BG32: 0 | BH32: 0 | BI32: 0 | BJ32: 0 | BK32: 0 | BL32: 0 | BM32: 0 | BN32: 1 | BO32: 0 | BP32: 0 | BQ32: 1 | BR32: 0 | BS32: 0 | BT32: 0 | BU32: 0 | BV32: 0 | BW32: 0 | BX32: 0 | BY32: 0 | BZ32: 0 | CA32: 0 | CB32: 0 | CC32: 0 | CD32: 0 | CE32: 0 | CF32: 0 | CG32: 0 | CH32: 0 | CI32: 0 | CJ32: 0 | CK32: 0 | CL32: 0 | CM32: 0 | CN32: 0 | CO32: 0
A33: 32 | B33: 45493 | C33: Jul | D33: 4A | E33: E. Braatz | F33: White Diamonds | G33: Hydrangea paniculata | H33: 11045 | I33: Half-open | J33: 4 | K33: Mop-like panicle | M33: NA | N33: 31 | O33: 9.0432 | T33: NA | U33: NA | V33: NA | W33: NA | X33: NA | Y33: NA | Z33: 9 | AA33: 0 | AB33: 0 | AC33: 0 | AD33: 1 | AE33: 0 | AF33: 1 | AG33: 0 | AH33: 0 | AI33: 0 | AJ33: 1 | AK33: 0 | AL33: 0 | AM33: 0 | AN33: 1 | AO33: 0 | AP33: 1 | AQ33: 1 | AR33: 0 | AS33: 0 | AT33: 0 | AU33: 0 | AV33: 0 | AW33: 0 | AX33: 0 | AY33: 0 | AZ33: 0 | BA33: 0 | BB33: 0 | BC33: 0 | BD33: 0 | BE33: 0 | BF33: 0 | BG33: 0 | BH33: 0 | BI33: 0 | BJ33: 0 | BK33: 0 | BL33: 0 | BM33: 0 | BN33: 1 | BO33: 0 | BP33: 1 | BQ33: 1 | BR33: 0 | BS33: 0 | BT33: 0 | BU33: 0 | BV33: 0 | BW33: 0 | BX33: 0 | BY33: 0 | BZ33: 0 | CA33: 0 | CB33: 0 | CC33: 0 | CD33: 0 | CE33: 0 | CF33: 0 | CG33: 0 | CH33: 0 | CI33: 0 | CJ33: 0 | CK33: 0 | CL33: 0 | CM33: 0 | CN33: 0 | CO33: 0
A34: 33 | B34: 45495 | C34: Jul | D34: 10E | E34: E. Braatz | F34: Incrediball | G34: Hydrangea arborescens | H34: 9050 | I34: Dense | J34: 4 | K34: Mop | L34: 9.33 | M34: NA | N34: 1180.7 | O34: 9.0432 | P34: 84.373056 | Q34: 0 | R34: 99619.267 | S34: 99619.267 | T34: 0.46875 | U34: 0.47222222 | V34: 0 | W34: 1 | X34: 5 | Y34: 78 | Z34: 5 | AA34: 0 | AB34: 0 | AC34: 0 | AD34: 0 | AE34: 0 | AF34: 1 | AG34: 0 | AH34: 0 | AI34: 0 | AJ34: 0 | AK34: 0 | AL34: 0 | AM34: 0 | AN34: 0 | AO34: 1 | AP34: 0 | AQ34: 1 | AR34: 0 | AS34: 0 | AT34: 0 | AU34: 0 | AV34: 0 | AW34: 0 | AX34: 0 | AY34: 0 | AZ34: 0 | BA34: 0 | BB34: 0 | BC34: 0 | BD34: 0 | BE34: 0 | BF34: 0 | BG34: 0 | BH34: 0 | BI34: 0 | BJ34: 0 | BK34: 0 | BL34: 0 | BM34: 0 | BN34: 0 | BO34: 0 | BP34: 0 | BQ34: 1 | BR34: 0 | BS34: 0 | BT34: 1 | BU34: 0 | BV34: 0 | BW34: 0 | BX34: 0 | BY34: 0 | BZ34: 0 | CA34: 0 | CB34: 0 | CC34: 0 | CD34: 0 | CE34: 0 | CF34: 0 | CG34: 0 | CH34: 0 | CI34: 0 | CJ34: 0 | CK34: 0 | CL34: 0 | CM34: 0 | CN34: 0 | CO34: 0 | CP34: Vespidae
A35: 34 | B35: 45495 | C35: Jul | D35: 9A | E35: G. Meneses | F35: Fire & Ice | G35: Hydrangea paniculata | H35: 12021 | I35: Open | J35: 4 | K35: Lacy panicle | L35: 12.3 | M35: NA | N35: 97.8 | O35: 6.28 | P35: 77.244 | Q35: 0 | R35: 7554.4632 | S35: 7554.4632 | T35: 0.66527778 | U35: 0.66875 | V35: 0 | W35: 1 | X35: 75 | Y35: 79 | Z35: 7 | AA35: 0 | AB35: 0 | AC35: 0 | AD35: 0 | AE35: 0 | AF35: 1 | AG35: 0 | AH35: 0 | AI35: 0 | AJ35: 1 | AK35: 0 | AL35: 0 | AM35: 0 | AN35: 0 | AO35: 1 | AP35: 0 | AQ35: 1 | AR35: 0 | AS35: 1 | AT35: 1 | AU35: 0 | AV35: 0 | AW35: 0 | AX35: 0 | AY35: 0 | AZ35: 0 | BA35: 0 | BB35: 0 | BC35: 0 | BD35: 0 | BE35: 0 | BF35: 1 | BG35: 0 | BH35: 0 | BI35: 0 | BJ35: 0 | BK35: 0 | BL35: 0 | BM35: 0 | BN35: 0 | BO35: 0 | BP35: 0 | BQ35: 0 | BR35: 0 | BS35: 0 | BT35: 0 | BU35: 0 | BV35: 0 | BW35: 0 | BX35: 0 | BY35: 0 | BZ35: 0 | CA35: 0 | CB35: 0 | CC35: 0 | CD35: 0 | CE35: 0 | CF35: 0 | CG35: 0 | CH35: 0 | CI35: 0 | CJ35: 0 | CK35: 0 | CL35: 0 | CM35: 0 | CN35: 0 | CO35: 0
A36: 35 | B36: 45496 | C36: Jul | D36: 3E | E36: E. Braatz | F36: Bounty | G36: Hydrangea arborescens | H36: 12019 | I36: Half-open | J36: 4 | K36: Mop | L36: 5.6 | M36: NA | N36: 528.4 | O36: 17.0973 | P36: 95.74488 | Q36: 0 | R36: 50591.595 | S36: 50591.595 | T36: 0.5625 | U36: 0.56597222 | V36: 0 | W36: 1 | X36: 100 | Y36: 77 | Z36: 3 | AA36: 0 | AB36: 0 | AC36: 0 | AD36: 0 | AE36: 0 | AF36: 0 | AG36: 0 | AH36: 0 | AI36: 0 | AJ36: 0 | AK36: 0 | AL36: 0 | AM36: 0 | AN36: 0 | AO36: 0 | AP36: 0 | AQ36: 0 | AR36: 0 | AS36: 0 | AT36: 0 | AU36: 0 | AV36: 0 | AW36: 0 | AX36: 0 | AY36: 0 | AZ36: 1 | BA36: 0 | BB36: 0 | BC36: 0 | BD36: 0 | BE36: 0 | BF36: 0 | BG36: 0 | BH36: 0 | BI36: 0 | BJ36: 0 | BK36: 0 | BL36: 0 | BM36: 0 | BN36: 0 | BO36: 0 | BP36: 1 | BQ36: 1 | BR36: 0 | BS36: 0 | BT36: 0 | BU36: 0 | BV36: 0 | BW36: 0 | BX36: 0 | BY36: 0 | BZ36: 0 | CA36: 0 | CB36: 0 | CC36: 0 | CD36: 0 | CE36: 0 | CF36: 0 | CG36: 0 | CH36: 0 | CI36: 0 | CJ36: 0 | CK36: 0 | CL36: 0 | CM36: 0 | CN36: 0 | CO36: 0
A37: 36 | B37: 45496 | C37: Jul | D37: 4E | E37: E. Braatz | F37: Hayes Starburst | G37: Hydrangea arborescens | H37: 7027 | I37: Very dense | J37: 8 | K37: Mop | L37: 5 | M37: NA | N37: 0 | O37: 6.28 | P37: 31.4 | Q37: 0 | R37: 0 | S37: 0 | T37: 0.55347222 | U37: 0.55694444 | V37: 0 | W37: 1 | X37: 100 | Y37: 77 | Z37: 1 | AA37: 0 | AB37: 0 | AC37: 0 | AD37: 0 | AE37: 0 | AF37: 0 | AG37: 0 | AH37: 0 | AI37: 0 | AJ37: 0 | AK37: 0 | AL37: 0 | AM37: 0 | AN37: 1 | AO37: 0 | AP37: 0 | AQ37: 0 | AR37: 0 | AS37: 0 | AT37: 0 | AU37: 0 | AV37: 0 | AW37: 0 | AX37: 0 | AY37: 0 | AZ37: 0 | BA37: 0 | BB37: 0 | BC37: 0 | BD37: 0 | BE37: 0 | BF37: 0 | BG37: 0 | BH37: 0 | BI37: 0 | BJ37: 0 | BK37: 0 | BL37: 0 | BM37: 0 | BN37: 0 | BO37: 0 | BP37: 0 | BQ37: 0 | BR37: 0 | BS37: 0 | BT37: 0 | BU37: 0 | BV37: 0 | BW37: 0 | BX37: 0 | BY37: 0 | BZ37: 0 | CA37: 0 | CB37: 0 | CC37: 0 | CD37: 0 | CE37: 0 | CF37: 0 | CG37: 0 | CH37: 0 | CI37: 0 | CJ37: 0 | CK37: 0 | CL37: 0 | CM37: 0 | CN37: 0 | CO37: 0
A38: 37 | B38: 45496 | C38: Jul | D38: 5E | E38: E. Braatz | F38: Annabelle | G38: Hydrangea arborescens | H38: 65169 | I38: Dense | J38: 4 | K38: Mop | L38: 7 | M38: NA | N38: 478.5 | O38: 36.1728 | P38: 253.2096 | Q38: 0 | R38: 121160.79 | S38: 121160.79 | T38: 0.58263889 | U38: 0.58611111 | V38: 0 | W38: 1 | X38: 100 | Y38: 77 | Z38: 2 | AA38: 0 | AB38: 0 | AC38: 0 | AD38: 0 | AE38: 0 | AF38: 0 | AG38: 0 | AH38: 0 | AI38: 0 | AJ38: 0 | AK38: 0 | AL38: 0 | AM38: 0 | AN38: 1 | AO38: 0 | AP38: 0 | AQ38: 1 | AR38: 0 | AS38: 0 | AT38: 0 | AU38: 0 | AV38: 0 | AW38: 0 | AX38: 0 | AY38: 0 | AZ38: 0 | BA38: 0 | BB38: 0 | BC38: 0 | BD38: 0 | BE38: 0 | BF38: 0 | BG38: 0 | BH38: 0 | BI38: 0 | BJ38: 0 | BK38: 0 | BL38: 0 | BM38: 0 | BN38: 0 | BO38: 0 | BP38: 0 | BQ38: 0 | BR38: 0 | BS38: 0 | BT38: 0 | BU38: 0 | BV38: 0 | BW38: 0 | BX38: 0 | BY38: 0 | BZ38: 0 | CA38: 0 | CB38: 0 | CC38: 0 | CD38: 0 | CE38: 0 | CF38: 0 | CG38: 0 | CH38: 0 | CI38: 0 | CJ38: 0 | CK38: 0 | CL38: 0 | CM38: 0 | CN38: 0 | CO38: 0
A39: 38 | B39: 45496 | C39: Jul | D39: 6E | E39: E. Braatz | F39: Riven Lace | G39: Hydrangea arborescens | H39: 8036 | I39: Half-open | J39: 4 | K39: Lacy | L39: 8.33 | M39: NA | N39: 97.5 | O39: 12.3088 | P39: 102.5323 | Q39: 0 | R39: 9996.8996 | S39: 9996.8996 | T39: 0.48055556 | U39: 0.48402778 | V39: 0 | W39: 1 | X39: 100 | Y39: 74 | Z39: 3 | AA39: 0 | AB39: 0 | AC39: 0 | AD39: 0 | AE39: 0 | AF39: 0 | AG39: 0 | AH39: 0 | AI39: 0 | AJ39: 0 | AK39: 0 | AL39: 0 | AM39: 0 | AN39: 1 | AO39: 1 | AP39: 0 | AQ39: 1 | AR39: 0 | AS39: 0 | AT39: 0 | AU39: 0 | AV39: 0 | AW39: 0 | AX39: 0 | AY39: 0 | AZ39: 0 | BA39: 0 | BB39: 0 | BC39: 0 | BD39: 0 | BE39: 0 | BF39: 0 | BG39: 0 | BH39: 0 | BI39: 0 | BJ39: 0 | BK39: 0 | BL39: 0 | BM39: 0 | BN39: 0 | BO39: 0 | BP39: 0 | BQ39: 0 | BR39: 0 | BS39: 0 | BT39: 0 | BU39: 0 | BV39: 0 | BW39: 0 | BX39: 0 | BY39: 0 | BZ39: 0 | CA39: 0 | CB39: 0 | CC39: 0 | CD39: 0 | CE39: 0 | CF39: 0 | CG39: 0 | CH39: 0 | CI39: 0 | CJ39: 0 | CK39: 0 | CL39: 0 | CM39: 0 | CN39: 0 | CO39: 0
A40: 39 | B40: 45496 | C40: Jul | D40: 6E | E40: E. Braatz | F40: Riven Lace | G40: Hydrangea arborescens | H40: 8036 | I40: Half-open | J40: 4 | K40: Lacy | L40: 8.33 | M40: NA | N40: 97.5 | O40: 12.3088 | P40: 102.5323 | Q40: 0 | R40: 9996.8996 | S40: 9996.8996 | T40: 0.48055556 | U40: 0.48402778 | V40: 0 | W40: 1 | X40: 100 | Y40: 74 | Z40: 3 | AA40: 0 | AB40: 0 | AC40: 0 | AD40: 0 | AE40: 0 | AF40: 0 | AG40: 0 | AH40: 0 | AI40: 0 | AJ40: 0 | AK40: 0 | AL40: 0 | AM40: 0 | AN40: 1 | AO40: 0 | AP40: 0 | AQ40: 1 | AR40: 0 | AS40: 0 | AT40: 0 | AU40: 0 | AV40: 0 | AW40: 0 | AX40: 0 | AY40: 0 | AZ40: 1 | BA40: 0 | BB40: 0 | BC40: 0 | BD40: 0 | BE40: 0 | BF40: 0 | BG40: 0 | BH40: 0 | BI40: 0 | BJ40: 0 | BK40: 0 | BL40: 0 | BM40: 0 | BN40: 0 | BO40: 0 | BP40: 0 | BQ40: 0 | BR40: 0 | BS40: 0 | BT40: 0 | BU40: 0 | BV40: 0 | BW40: 0 | BX40: 0 | BY40: 0 | BZ40: 0 | CA40: 0 | CB40: 0 | CC40: 0 | CD40: 0 | CE40: 0 | CF40: 0 | CG40: 0 | CH40: 0 | CI40: 0 | CJ40: 0 | CK40: 0 | CL40: 0 | CM40: 0 | CN40: 0 | CO40: 0
A41: 40 | B41: 45496 | C41: Jul | D41: B8 | E41: G. Meneses | F41: #N/A | G41: #N/A | H41: #N/A | I41: #N/A | J41: #N/A | K41: #N/A | L41: 14.6 | M41: NA | N41: #N/A | O41: #N/A | P41: #N/A | Q41: #N/A | R41: #N/A | S41: #N/A | T41: 0.60416667 | U41: 0.60694444 | V41: 0 | W41: 1 | X41: 75 | Y41: 78 | Z41: 4 | AA41: 1 | AB41: 0 | AC41: 0 | AD41: 0 | AE41: 0 | AF41: 0 | AG41: 0 | AH41: 0 | AI41: 0 | AJ41: 0 | AK41: 0 | AL41: 0 | AM41: 0 | AN41: 0 | AO41: 0 | AP41: 0 | AQ41: 0 | AR41: 0 | AS41: 0 | AT41: 1 | AU41: 0 | AV41: 0 | AW41: 0 | AX41: 0 | AY41: 0 | AZ41: 0 | BA41: 1 | BB41: 0 | BC41: 0 | BD41: 0 | BE41: 0 | BF41: 0 | BG41: 0 | BH41: 0 | BI41: 0 | BJ41: 0 | BK41: 1 | BL41: 1 | BM41: 0 | BN41: 0 | BO41: 0 | BP41: 0 | BQ41: 0 | BR41: 0 | BS41: 0 | BT41: 0 | BU41: 0 | BV41: 0 | BW41: 0 | BX41: 0 | BY41: 0 | BZ41: 0 | CA41: 0 | CB41: 0 | CC41: 0 | CD41: 0 | CE41: 0 | CF41: 0 | CG41: 0 | CH41: 0 | CI41: 0 | CJ41: 0 | CK41: 0 | CL41: 0 | CM41: 0 | CN41: 0 | CO41: 0
A42: 41 | B42: 45498 | C42: Jul | D42: 10B | E42: E. Braatz | F42: Pink Lady | G42: Hydrangea paniculata | H42: 1005 | I42: Dense | J42: 4 | K42: Mop-like panicle | L42: 5 | M42: NA | N42: 125.2 | O42: 3.820752 | P42: 19.10376 | Q42: 0 | R42: 2391.7908 | S42: 2391.7908 | T42: 0.71180556 | U42: 0.71527778 | V42: 0 | W42: 1 | X42: 35 | Y42: 79 | Z42: 4 | AA42: 0 | AB42: 0 | AC42: 0 | AD42: 0 | AE42: 0 | AF42: 0 | AG42: 0 | AH42: 0 | AI42: 0 | AJ42: 0 | AK42: 0 | AL42: 0 | AM42: 0 | AN42: 1 | AO42: 0 | AP42: 0 | AQ42: 1 | AR42: 0 | AS42: 0 | AT42: 0 | AU42: 0 | AV42: 0 | AW42: 0 | AX42: 0 | AY42: 0 | AZ42: 0 | BA42: 0 | BB42: 1 | BC42: 0 | BD42: 0 | BE42: 0 | BF42: 1 | BG42: 0 | BH42: 0 | BI42: 0 | BJ42: 0 | BK42: 0 | BL42: 0 | BM42: 0 | BN42: 0 | BO42: 0 | BP42: 0 | BQ42: 0 | BR42: 0 | BS42: 0 | BT42: 0 | BU42: 0 | BV42: 0 | BW42: 0 | BX42: 0 | BY42: 0 | BZ42: 0 | CA42: 0 | CB42: 0 | CC42: 0 | CD42: 0 | CE42: 0 | CF42: 0 | CG42: 0 | CH42: 0 | CI42: 0 | CJ42: 0 | CK42: 0 | CL42: 0 | CM42: 0 | CN42: 0 | CO42: 0
A43: 42 | B43: 45498 | C43: Jul | D43: 11A | E43: E. Braatz | F43: Dharuma | G43: Hydrangea paniculata | H43: 5026 | I43: Open | J43: 4 | K43: Lacy panicle | L43: 33 | M43: NA | N43: NA | O43: #VALUE! | P43: #VALUE! | Q43: #VALUE! | R43: #VALUE! | S43: NA | T43: 0.54861111 | U43: 0.55208333 | V43: 0 | W43: 1 | X43: 40 | Y43: 77 | Z43: 5 | AA43: 0 | AB43: 0 | AC43: 0 | AD43: 0 | AE43: 0 | AF43: 0 | AG43: 0 | AH43: 0 | AI43: 0 | AJ43: 1 | AK43: 0 | AL43: 0 | AM43: 0 | AN43: 0 | AO43: 0 | AP43: 0 | AQ43: 1 | AR43: 0 | AS43: 1 | AT43: 1 | AU43: 0 | AV43: 0 | AW43: 0 | AX43: 0 | AY43: 0 | AZ43: 0 | BA43: 0 | BB43: 0 | BC43: 0 | BD43: 0 | BE43: 0 | BF43: 1 | BG43: 0 | BH43: 0 | BI43: 0 | BJ43: 0 | BK43: 0 | BL43: 0 | BM43: 0 | BN43: 0 | BO43: 0 | BP43: 0 | BQ43: 0 | BR43: 0 | BS43: 0 | BT43: 0 | BU43: 0 | BV43: 0 | BW43: 0 | BX43: 0 | BY43: 0 | BZ43: 0 | CA43: 0 | CB43: 0 | CC43: 0 | CD43: 0 | CE43: 0 | CF43: 0 | CG43: 0 | CH43: 0 | CI43: 0 | CJ43: 0 | CK43: 0 | CL43: 0 | CM43: 0 | CN43: 0 | CO43: 0
A44: 43 | B44: 45498 | C44: Jul | D44: 12A | E44: E. Braatz | F44: Candy Apple | G44: Hydrangea paniculata | H44: 20012 | I44: Dense | J44: 4 | K44: Mop-like panicle | L44: 11.3 | M44: NA | N44: #N/A | O44: #N/A | P44: #N/A | Q44: #N/A | R44: #N/A | S44: NA | T44: 0.61527778 | U44: 0.61875 | V44: 0 | W44: 2 | X44: 35 | Y44: 78 | Z44: 6 | AA44: 0 | AB44: 0 | AC44: 0 | AD44: 0 | AE44: 0 | AF44: 1 | AG44: 0 | AH44: 0 | AI44: 0 | AJ44: 0 | AK44: 0 | AL44: 0 | AM44: 0 | AN44: 0 | AO44: 0 | AP44: 0 | AQ44: 1 | AR44: 0 | AS44: 1 | AT44: 1 | AU44: 0 | AV44: 0 | AW44: 0 | AX44: 0 | AY44: 0 | AZ44: 0 | BA44: 0 | BB44: 0 | BC44: 0 | BD44: 0 | BE44: 0 | BF44: 0 | BG44: 0 | BH44: 0 | BI44: 0 | BJ44: 0 | BK44: 0 | BL44: 0 | BM44: 0 | BN44: 0 | BO44: 0 | BP44: 0 | BQ44: 1 | BR44: 0 | BS44: 0 | BT44: 0 | BU44: 0 | BV44: 0 | BW44: 0 | BX44: 0 | BY44: 0 | BZ44: 0 | CA44: 0 | CB44: 0 | CC44: 0 | CD44: 0 | CE44: 0 | CF44: 0 | CG44: 0 | CH44: 0 | CI44: 0 | CJ44: 0 | CK44: 1 | CL44: 0 | CM44: 0 | CN44: 0 | CO44: 0
A45: 44 | B45: 45498 | C45: Jul | D45: 13B | E45: E. Braatz | F45: Pinky Winky | G45: Hydrangea paniculata | H45: 7045 | I45: Dense | J45: 5 | K45: Lacy panicle | L45: 3 | M45: NA | N45: 91.2 | O45: 1.698112 | P45: 5.094336 | Q45: 0 | R45: 464.60344 | S45: 464.60344 | T45: 0.74583333 | U45: 0.74930556 | V45: 0 | W45: 1 | X45: 35 | Y45: 79 | Z45: 1 | AA45: 0 | AB45: 0 | AC45: 0 | AD45: 0 | AE45: 0 | AF45: 0 | AG45: 0 | AH45: 0 | AI45: 0 | AJ45: 0 | AK45: 0 | AL45: 0 | AM45: 0 | AN45: 0 | AO45: 0 | AP45: 0 | AQ45: 0 | AR45: 0 | AS45: 0 | AT45: 0 | AU45: 0 | AV45: 0 | AW45: 0 | AX45: 0 | AY45: 0 | AZ45: 0 | BA45: 0 | BB45: 0 | BC45: 0 | BD45: 0 | BE45: 0 | BF45: 0 | BG45: 0 | BH45: 0 | BI45: 0 | BJ45: 0 | BK45: 0 | BL45: 0 | BM45: 0 | BN45: 0 | BO45: 0 | BP45: 0 | BQ45: 0 | BR45: 0 | BS45: 0 | BT45: 0 | BU45: 0 | BV45: 0 | BW45: 0 | BX45: 0 | BY45: 0 | BZ45: 0 | CA45: 1 | CB45: 0 | CC45: 0 | CD45: 0 | CE45: 0 | CF45: 0 | CG45: 0 | CH45: 0 | CI45: 0 | CJ45: 0 | CK45: 0 | CL45: 0 | CM45: 0 | CN45: 0 | CO45: 0
A46: 45 | B46: 45498 | C46: Jul | D46: 19B | E46: E. Braatz | F46: Little Quick Fire | G46: Hydrangea paniculata | H46: 14010 | I46: Open | J46: NA | K46: Lacy panicle | L46: 17.3 | M46: NA | N46: 69.4 | O46: 4.0192 | P46: 69.53216 | Q46: 0 | R46: 4825.5319 | S46: 4825.5319 | T46: 0.70416667 | U46: 0.70763889 | V46: 0 | W46: 2 | X46: 40 | Y46: 79 | Z46: 3 | AA46: 0 | AB46: 0 | AC46: 0 | AD46: 0 | AE46: 0 | AF46: 0 | AG46: 0 | AH46: 0 | AI46: 0 | AJ46: 0 | AK46: 0 | AL46: 0 | AM46: 0 | AN46: 0 | AO46: 0 | AP46: 0 | AQ46: 0 | AR46: 0 | AS46: 1 | AT46: 1 | AU46: 0 | AV46: 0 | AW46: 0 | AX46: 0 | AY46: 0 | AZ46: 0 | BA46: 0 | BB46: 0 | BC46: 0 | BD46: 0 | BE46: 0 | BF46: 0 | BG46: 0 | BH46: 0 | BI46: 0 | BJ46: 0 | BK46: 0 | BL46: 0 | BM46: 0 | BN46: 0 | BO46: 0 | BP46: 0 | BQ46: 1 | BR46: 0 | BS46: 0 | BT46: 0 | BU46: 0 | BV46: 0 | BW46: 0 | BX46: 0 | BY46: 0 | BZ46: 0 | CA46: 0 | CB46: 0 | CC46: 0 | CD46: 0 | CE46: 0 | CF46: 0 | CG46: 0 | CH46: 0 | CI46: 0 | CJ46: 0 | CK46: 0 | CL46: 0 | CM46: 0 | CN46: 0 | CO46: 0
A47: 46 | B47: 45498 | C47: Jul | D47: 1A | E47: E. Braatz | F47: Strawberry Shake | G47: Hydrangea paniculata | H47: 18031B | I47: Very dense | J47: 4 | K47: Mop-like panicle | L47: 19.6 | M47: NA | N47: 68.4 | O47: 4.1488433 | P47: 81.317329 | Q47: 0 | R47: 5562.1053 | S47: 5562.1053 | T47: 0.62638889 | U47: 0.62986111 | V47: 0 | W47: 1 | X47: 35 | Y47: 79 | Z47: 5 | AA47: 0 | AB47: 0 | AC47: 0 | AD47: 0 | AE47: 0 | AF47: 0 | AG47: 0 | AH47: 0 | AI47: 0 | AJ47: 0 | AK47: 1 | AL47: 0 | AM47: 0 | AN47: 0 | AO47: 0 | AP47: 0 | AQ47: 1 | AR47: 0 | AS47: 0 | AT47: 1 | AU47: 0 | AV47: 0 | AW47: 0 | AX47: 0 | AY47: 0 | AZ47: 0 | BA47: 0 | BB47: 0 | BC47: 0 | BD47: 0 | BE47: 0 | BF47: 1 | BG47: 0 | BH47: 0 | BI47: 0 | BJ47: 0 | BK47: 0 | BL47: 0 | BM47: 0 | BN47: 0 | BO47: 0 | BP47: 0 | BQ47: 0 | BR47: 0 | BS47: 0 | BT47: 0 | BU47: 0 | BV47: 0 | BW47: 0 | BX47: 0 | BY47: 0 | BZ47: 0 | CA47: 0 | CB47: 0 | CC47: 0 | CD47: 0 | CE47: 0 | CF47: 0 | CG47: 0 | CH47: 0 | CI47: 0 | CJ47: 1 | CK47: 0 | CL47: 0 | CM47: 0 | CN47: 0 | CO47: 0
A48: 47 | B48: 45498 | C48: Jul | D48: 3A | E48: E. Braatz | F48: Sweet Summer | G48: Hydrangea paniculata | H48: 12022 | I48: Dense | J48: 4 | K48: Mop-like panicle | L48: 9 | M48: NA | N48: 361 | O48: 8.3053 | P48: 74.7477 | Q48: 0 | R48: 26983.92 | S48: 26983.92 | T48: 0.63472222 | U48: 0.63819444 | V48: 0 | W48: 1 | X48: 35 | Y48: 79 | Z48: 3 | AA48: 0 | AB48: 0 | AC48: 0 | AD48: 0 | AE48: 0 | AF48: 0 | AG48: 0 | AH48: 0 | AI48: 0 | AJ48: 0 | AK48: 0 | AL48: 0 | AM48: 0 | AN48: 1 | AO48: 0 | AP48: 0 | AQ48: 0 | AR48: 0 | AS48: 1 | AT48: 1 | AU48: 0 | AV48: 0 | AW48: 0 | AX48: 0 | AY48: 0 | AZ48: 0 | BA48: 0 | BB48: 0 | BC48: 0 | BD48: 0 | BE48: 0 | BF48: 0 | BG48: 0 | BH48: 0 | BI48: 0 | BJ48: 0 | BK48: 0 | BL48: 0 | BM48: 0 | BN48: 0 | BO48: 0 | BP48: 0 | BQ48: 0 | BR48: 0 | BS48: 0 | BT48: 0 | BU48: 0 | BV48: 0 | BW48: 0 | BX48: 0 | BY48: 0 | BZ48: 0 | CA48: 0 | CB48: 0 | CC48: 0 | CD48: 0 | CE48: 0 | CF48: 0 | CG48: 0 | CH48: 0 | CI48: 0 | CJ48: 0 | CK48: 0 | CL48: 0 | CM48: 0 | CN48: 0 | CO48: 0
A49: 48 | B49: 45498 | C49: Jul | D49: 4A | E49: E. Braatz | F49: White Diamonds | G49: Hydrangea paniculata | H49: 11045 | I49: Half-open | J49: 4 | K49: Mop-like panicle | M49: NA | N49: 31 | O49: 9.0432 | T49: NA | U49: NA | V49: NA | W49: NA | X49: NA | Y49: NA | Z49: 7 | AA49: 0 | AB49: 0 | AC49: 0 | AD49: 0 | AE49: 0 | AF49: 0 | AG49: 0 | AH49: 0 | AI49: 0 | AJ49: 0 | AK49: 0 | AL49: 0 | AM49: 1 | AN49: 0 | AO49: 0 | AP49: 0 | AQ49: 0 | AR49: 0 | AS49: 1 | AT49: 0 | AU49: 0 | AV49: 0 | AW49: 0 | AX49: 0 | AY49: 0 | AZ49: 0 | BA49: 0 | BB49: 0 | BC49: 0 | BD49: 0 | BE49: 0 | BF49: 0 | BG49: 0 | BH49: 0 | BI49: 0 | BJ49: 0 | BK49: 1 | BL49: 0 | BM49: 0 | BN49: 1 | BO49: 0 | BP49: 1 | BQ49: 1 | BR49: 0 | BS49: 0 | BT49: 0 | BU49: 0 | BV49: 0 | BW49: 0 | BX49: 0 | BY49: 0 | BZ49: 0 | CA49: 0 | CB49: 0 | CC49: 0 | CD49: 0 | CE49: 1 | CF49: 0 | CG49: 0 | CH49: 0 | CI49: 0 | CJ49: 0 | CK49: 0 | CL49: 0 | CM49: 0 | CN49: 0 | CO49: 0
A50: 49 | B50: 45498 | C50: Jul | D50: 5A | E50: E. Braatz | F50: Quick Fire | G50: Hydrangea paniculata | H50: 5079 | I50: Open | J50: 4 | K50: Lacy panicle | L50: 19.3 | M50: NA | N50: 98.6 | O50: 14.13 | P50: 272.709 | Q50: 0 | R50: 26889.107 | S50: 26889.107 | T50: 0.65069444 | U50: 0.64930556 | V50: 0 | W50: 1 | X50: 35 | Y50: 78 | Z50: 6 | AA50: 0 | AB50: 0 | AC50: 0 | AD50: 0 | AE50: 0 | AF50: 0 | AG50: 0 | AH50: 0 | AI50: 0 | AJ50: 0 | AK50: 0 | AL50: 0 | AM50: 0 | AN50: 0 | AO50: 0 | AP50: 0 | AQ50: 1 | AR50: 0 | AS50: 0 | AT50: 0 | AU50: 0 | AV50: 0 | AW50: 0 | AX50: 0 | AY50: 0 | AZ50: 0 | BA50: 0 | BB50: 0 | BC50: 0 | BD50: 0 | BE50: 0 | BF50: 0 | BG50: 0 | BH50: 0 | BI50: 0 | BJ50: 0 | BK50: 0 | BL50: 0 | BM50: 0 | BN50: 1 | BO50: 0 | BP50: 0 | BQ50: 1 | BR50: 0 | BS50: 0 | BT50: 0 | BU50: 0 | BV50: 0 | BW50: 0 | BX50: 0 | BY50: 0 | BZ50: 0 | CA50: 0 | CB50: 0 | CC50: 1 | CD50: 0 | CE50: 0 | CF50: 1 | CG50: 1 | CH50: 0 | CI50: 0 | CJ50: 0 | CK50: 0 | CL50: 0 | CM50: 0 | CN50: 0 | CO50: 0
A51: 50 | B51: 45498 | C51: Jul | D51: 5B | E51: E. Braatz | F51: Dharuma | G51: Hydrangea paniculata | H51: 5026 | I51: Open | J51: 4 | K51: Lacy panicle | L51: 15.6 | M51: NA | N51: 5.5 | O51: 0.906832 | P51: 14.146579 | Q51: 0 | R51: 77.806186 | S51: 77.806186 | T51: 0.72916667 | U51: 0.73263889 | V51: 0 | W51: 1 | X51: 35 | Y51: 79 | Z51: 2 | AA51: 0 | AB51: 0 | AC51: 0 | AD51: 0 | AE51: 0 | AF51: 0 | AG51: 0 | AH51: 0 | AI51: 0 | AJ51: 0 | AK51: 0 | AL51: 0 | AM51: 0 | AN51: 0 | AO51: 0 | AP51: 0 | AQ51: 1 | AR51: 0 | AS51: 1 | AT51: 0 | AU51: 0 | AV51: 0 | AW51: 0 | AX51: 0 | AY51: 0 | AZ51: 0 | BA51: 0 | BB51: 0 | BC51: 0 | BD51: 0 | BE51: 0 | BF51: 0 | BG51: 0 | BH51: 0 | BI51: 0 | BJ51: 0 | BK51: 0 | BL51: 0 | BM51: 0 | BN51: 0 | BO51: 0 | BP51: 0 | BQ51: 0 | BR51: 0 | BS51: 0 | BT51: 0 | BU51: 0 | BV51: 0 | BW51: 0 | BX51: 0 | BY51: 0 | BZ51: 0 | CA51: 0 | CB51: 0 | CC51: 0 | CD51: 0 | CE51: 0 | CF51: 0 | CG51: 0 | CH51: 0 | CI51: 0 | CJ51: 0 | CK51: 0 | CL51: 0 | CM51: 0 | CN51: 0 | CO51: 0
A52: 51 | B52: 45498 | C52: Jul | D52: 6A | E52: E. Braatz | F52: Honey Comb | G52: Hydrangea paniculata | H52: 11031 | I52: Open | J52: 4 | K52: Lacy panicle | L52: 4 | M52: NA | N52: 189.5 | O52: 15.0877 | P52: 60.3508 | Q52: 0 | R52: 11436.477 | S52: 11436.477 | T52: 0.57083333 | U52: 0.57430556 | V52: 0 | W52: 1 | X52: 40 | Y52: 79 | Z52: 1 | AA52: 0 | AB52: 0 | AC52: 0 | AD52: 0 | AE52: 0 | AF52: 0 | AG52: 0 | AH52: 0 | AI52: 0 | AJ52: 0 | AK52: 0 | AL52: 0 | AM52: 0 | AN52: 0 | AO52: 0 | AP52: 0 | AQ52: 0 | AR52: 0 | AS52: 0 | AT52: 0 | AU52: 0 | AV52: 0 | AW52: 0 | AX52: 0 | AY52: 0 | AZ52: 0 | BA52: 0 | BB52: 0 | BC52: 0 | BD52: 0 | BE52: 0 | BF52: 0 | BG52: 0 | BH52: 0 | BI52: 0 | BJ52: 0 | BK52: 0 | BL52: 0 | BM52: 0 | BN52: 0 | BO52: 0 | BP52: 0 | BQ52: 1 | BR52: 0 | BS52: 0 | BT52: 0 | BU52: 0 | BV52: 0 | BW52: 0 | BX52: 0 | BY52: 0 | BZ52: 0 | CA52: 0 | CB52: 0 | CC52: 0 | CD52: 0 | CE52: 0 | CF52: 0 | CG52: 0 | CH52: 0 | CI52: 0 | CJ52: 0 | CK52: 0 | CL52: 0 | CM52: 0 | CN52: 0 | CO52: 0
A53: 52 | B53: 45498 | C53: Jul | D53: 6B | E53: E. Braatz | F53: Mega Pearl | G53: Hydrangea paniculata | H53: 1128 | I53: Half-open | J53: 4 | K53: Lacy panicle | L53: 6.6666667 | M53: NA | N53: 154.8 | O53: 1.107792 | P53: 7.38528 | Q53: 0 | R53: 1143.2413 | S53: 1143.2413 | T53: 0.72222222 | U53: 0.72569444 | V53: 0 | W53: 1 | X53: 35 | Y53: 79 | Z53: 1 | AA53: 0 | AB53: 0 | AC53: 0 | AD53: 0 | AE53: 0 | AF53: 0 | AG53: 0 | AH53: 0 | AI53: 0 | AJ53: 0 | AK53: 0 | AL53: 0 | AM53: 0 | AN53: 0 | AO53: 0 | AP53: 0 | AQ53: 1 | AR53: 0 | AS53: 0 | AT53: 0 | AU53: 0 | AV53: 0 | AW53: 0 | AX53: 0 | AY53: 0 | AZ53: 0 | BA53: 0 | BB53: 0 | BC53: 0 | BD53: 0 | BE53: 0 | BF53: 0 | BG53: 0 | BH53: 0 | BI53: 0 | BJ53: 0 | BK53: 0 | BL53: 0 | BM53: 0 | BN53: 0 | BO53: 0 | BP53: 0 | BQ53: 0 | BR53: 0 | BS53: 0 | BT53: 0 | BU53: 0 | BV53: 0 | BW53: 0 | BX53: 0 | BY53: 0 | BZ53: 0 | CA53: 0 | CB53: 0 | CC53: 0 | CD53: 0 | CE53: 0 | CF53: 0 | CG53: 0 | CH53: 0 | CI53: 0 | CJ53: 0 | CK53: 0 | CL53: 0 | CM53: 0 | CN53: 0 | CO53: 0
A54: 53 | B54: 45498 | C54: Jul | D54: 8A | E54: E. Braatz | F54: Mega Pearl | G54: Hydrangea paniculata | H54: 1128 | I54: Dense | J54: 4 | K54: Mop-like panicle | L54: 9.6 | M54: NA | N54: 36.1 | O54: 8.3053 | P54: 79.73088 | Q54: 0 | R54: 2878.2848 | S54: 2878.2848 | T54: 0.55555556 | U54: 0.51736111 | V54: 0 | W54: 1 | X54: 40 | Y54: 77 | Z54: 6 | AA54: 1 | AB54: 0 | AC54: 0 | AD54: 0 | AE54: 0 | AF54: 0 | AG54: 0 | AH54: 0 | AI54: 0 | AJ54: 0 | AK54: 0 | AL54: 0 | AM54: 0 | AN54: 0 | AO54: 0 | AP54: 0 | AQ54: 0 | AR54: 0 | AS54: 0 | AT54: 1 | AU54: 0 | AV54: 0 | AW54: 0 | AX54: 0 | AY54: 0 | AZ54: 0 | BA54: 0 | BB54: 0 | BC54: 0 | BD54: 0 | BE54: 0 | BF54: 1 | BG54: 0 | BH54: 0 | BI54: 0 | BJ54: 0 | BK54: 0 | BL54: 0 | BM54: 1 | BN54: 0 | BO54: 0 | BP54: 1 | BQ54: 1 | BR54: 0 | BS54: 0 | BT54: 0 | BU54: 0 | BV54: 0 | BW54: 0 | BX54: 0 | BY54: 0 | BZ54: 0 | CA54: 0 | CB54: 0 | CC54: 0 | CD54: 0 | CE54: 0 | CF54: 0 | CG54: 1 | CH54: 0 | CI54: 0 | CJ54: 0 | CK54: 0 | CL54: 0 | CM54: 0 | CN54: 0 | CO54: 0
A55: 54 | B55: 45498 | C55: Jul | D55: 9E | E55: E. Braatz | F55: Incrediball | G55: Hydrangea arborescens | H55: 9090 | I55: Dense | J55: 4 | K55: Mop | L55: 0.333 | M55: NA | N55: 1248 | O55: 20.3472 | P55: 6.7756176 | Q55: 0 | R55: 8455.9708 | S55: 8455.9708 | T55: 0.52291667 | U55: 0.52638889 | V55: 0 | W55: 1 | X55: 40 | Y55: 74 | Z55: 2 | AA55: 0 | AB55: 0 | AC55: 0 | AD55: 0 | AE55: 0 | AF55: 0 | AG55: 0 | AH55: 0 | AI55: 0 | AJ55: 0 | AK55: 0 | AL55: 0 | AM55: 0 | AN55: 0 | AO55: 0 | AP55: 0 | AQ55: 0 | AR55: 0 | AS55: 1 | AT55: 0 | AU55: 0 | AV55: 0 | AW55: 0 | AX55: 0 | AY55: 0 | AZ55: 0 | BA55: 0 | BB55: 0 | BC55: 0 | BD55: 0 | BE55: 0 | BF55: 0 | BG55: 0 | BH55: 0 | BI55: 0 | BJ55: 0 | BK55: 0 | BL55: 0 | BM55: 0 | BN55: 0 | BO55: 0 | BP55: 0 | BQ55: 1 | BR55: 0 | BS55: 0 | BT55: 0 | BU55: 0 | BV55: 0 | BW55: 0 | BX55: 0 | BY55: 0 | BZ55: 0 | CA55: 0 | CB55: 0 | CC55: 0 | CD55: 0 | CE55: 0 | CF55: 0 | CG55: 0 | CH55: 0 | CI55: 0 | CJ55: 0 | CK55: 0 | CL55: 0 | CM55: 0 | CN55: 0 | CO55: 0
A56: 55 | B56: 45499 | C56: Jul | D56: 11C | E56: E. Braatz | F56: Little Quick Fire | G56: Hydrangea paniculata | H56: 14010 | I56: Open | J56: 4 | K56: Lacy panicle | L56: 13.666667 | M56: NA | N56: 59.7 | O56: 5.546647 | P56: 75.804175 | Q56: 0 | R56: 4525.5093 | S56: 4525.5093 | T56: 0.76319444 | U56: 0.76666667 | V56: 0 | W56: 1 | X56: 0 | Y56: 81 | Z56: 2 | AA56: 0 | AB56: 0 | AC56: 0 | AD56: 0 | AE56: 0 | AF56: 0 | AG56: 0 | AH56: 0 | AI56: 0 | AJ56: 0 | AK56: 0 | AL56: 0 | AM56: 0 | AN56: 0 | AO56: 0 | AP56: 0 | AQ56: 0 | AR56: 0 | AS56: 0 | AT56: 1 | AU56: 0 | AV56: 0 | AW56: 0 | AX56: 0 | AY56: 0 | AZ56: 0 | BA56: 0 | BB56: 0 | BC56: 0 | BD56: 0 | BE56: 0 | BF56: 0 | BG56: 0 | BH56: 0 | BI56: 0 | BJ56: 0 | BK56: 0 | BL56: 0 | BM56: 0 | BN56: 0 | BO56: 0 | BP56: 0 | BQ56: 0 | BR56: 0 | BS56: 0 | BT56: 0 | BU56: 0 | BV56: 0 | BW56: 0 | BX56: 0 | BY56: 0 | BZ56: 0 | CA56: 0 | CB56: 0 | CC56: 0 | CD56: 0 | CE56: 0 | CF56: 0 | CG56: 1 | CH56: 0 | CI56: 0 | CJ56: 0 | CK56: 0 | CL56: 0 | CM56: 0 | CN56: 0 | CO56: 0
A57: 56 | B57: 45499 | C57: Jul | D57: 12C | E57: E. Braatz | F57: Polar Ball | G57: Hydrangea paniculata | H57: 13029 | I57: Very dense | J57: 4 | K57: Mop-like panicle | L57: 3.6666667 | M57: NA | N57: 4.5 | O57: 5.8505173 | P57: 21.451897 | Q57: 0 | R57: 96.533536 | S57: 96.533536 | T57: 0.76805556 | U57: 0.77152778 | V57: 0 | W57: 1 | X57: 0 | Y57: 81 | Z57: 5 | AA57: 0 | AB57: 0 | AC57: 0 | AD57: 0 | AE57: 0 | AF57: 0 | AG57: 0 | AH57: 0 | AI57: 0 | AJ57: 1 | AK57: 0 | AL57: 0 | AM57: 0 | AN57: 0 | AO57: 0 | AP57: 0 | AQ57: 1 | AR57: 0 | AS57: 1 | AT57: 1 | AU57: 0 | AV57: 0 | AW57: 0 | AX57: 0 | AY57: 0 | AZ57: 0 | BA57: 0 | BB57: 0 | BC57: 0 | BD57: 0 | BE57: 0 | BF57: 0 | BG57: 0 | BH57: 0 | BI57: 0 | BJ57: 0 | BK57: 0 | BL57: 0 | BM57: 0 | BN57: 0 | BO57: 0 | BP57: 0 | BQ57: 0 | BR57: 0 | BS57: 0 | BT57: 1 | BU57: 0 | BV57: 0 | BW57: 0 | BX57: 0 | BY57: 0 | BZ57: 0 | CA57: 0 | CB57: 0 | CC57: 0 | CD57: 0 | CE57: 0 | CF57: 0 | CG57: 0 | CH57: 0 | CI57: 0 | CJ57: 0 | CK57: 0 | CL57: 0 | CM57: 0 | CN57: 0 | CO57: 0
A58: 57 | B58: 45499 | C58: Jul | D58: 13C | E58: E. Braatz | F58: Fire Light | G58: Hydrangea paniculata | H58: 18008B | I58: Very dense | J58: NA | K58: Mop-like panicle | L58: 11.3 | M58: NA | N58: 71.4 | O58: 8.949995 | P58: 101.13494 | Q58: 0 | R58: 7221.035 | S58: 7221.035 | T58: 0.47569444 | U58: 0.47916667 | V58: 0 | W58: 1 | X58: 0 | Y58: 75 | Z58: 5 | AA58: 0 | AB58: 0 | AC58: 0 | AD58: 0 | AE58: 0 | AF58: 0 | AG58: 0 | AH58: 0 | AI58: 0 | AJ58: 0 | AK58: 1 | AL58: 0 | AM58: 0 | AN58: 0 | AO58: 0 | AP58: 0 | AQ58: 0 | AR58: 0 | AS58: 1 | AT58: 0 | AU58: 0 | AV58: 0 | AW58: 0 | AX58: 0 | AY58: 0 | AZ58: 0 | BA58: 0 | BB58: 0 | BC58: 0 | BD58: 0 | BE58: 0 | BF58: 0 | BG58: 0 | BH58: 0 | BI58: 0 | BJ58: 0 | BK58: 1 | BL58: 0 | BM58: 0 | BN58: 1 | BO58: 0 | BP58: 0 | BQ58: 1 | BR58: 0 | BS58: 0 | BT58: 0 | BU58: 0 | BV58: 0 | BW58: 0 | BX58: 0 | BY58: 0 | BZ58: 0 | CA58: 0 | CB58: 0 | CC58: 0 | CD58: 0 | CE58: 0 | CF58: 0 | CG58: 0 | CH58: 0 | CI58: 0 | CJ58: 0 | CK58: 0 | CL58: 0 | CM58: 0 | CN58: 0 | CO58: 0 | CP58: 1 Golden digger wasp
A59: 58 | B59: 45499 | C59: Jul | D59: 14C | E59: E. Braatz | F59: Fire Light | G59: Hydrangea paniculata | H59: 18008A | I59: Dense | J59: 4 | K59: Mop-like panicle | L59: 12.3 | M59: NA | N59: 94.3 | O59: 8.5731958 | P59: 105.45031 | Q59: 0 | R59: 9943.964 | S59: 9943.964 | T59: 0.48263889 | U59: 0.48611111 | V59: 0 | W59: 1 | X59: 0 | Y59: 75 | Z59: 2 | AA59: 0 | AB59: 0 | AC59: 0 | AD59: 0 | AE59: 0 | AF59: 0 | AG59: 0 | AH59: 0 | AI59: 0 | AJ59: 0 | AK59: 0 | AL59: 0 | AM59: 0 | AN59: 0 | AO59: 1 | AP59: 0 | AQ59: 0 | AR59: 0 | AS59: 1 | AT59: 0 | AU59: 0 | AV59: 0 | AW59: 0 | AX59: 0 | AY59: 0 | AZ59: 0 | BA59: 0 | BB59: 0 | BC59: 0 | BD59: 0 | BE59: 0 | BF59: 0 | BG59: 0 | BH59: 0 | BI59: 0 | BJ59: 0 | BK59: 0 | BL59: 0 | BM59: 0 | BN59: 0 | BO59: 0 | BP59: 0 | BQ59: 0 | BR59: 0 | BS59: 0 | BT59: 0 | BU59: 0 | BV59: 0 | BW59: 0 | BX59: 0 | BY59: 0 | BZ59: 0 | CA59: 0 | CB59: 0 | CC59: 0 | CD59: 0 | CE59: 0 | CF59: 0 | CG59: 0 | CH59: 0 | CI59: 0 | CJ59: 0 | CK59: 0 | CL59: 0 | CM59: 0 | CN59: 0 | CO59: 0
A60: 59 | B60: 45499 | C60: Jul | D60: 14C | E60: E. Braatz | F60: Fire Light | G60: Hydrangea paniculata | H60: 18008A | I60: Dense | J60: 4 | K60: Mop-like panicle | L60: 12.3 | M60: NA | N60: 94.3 | O60: 8.5731958 | P60: 105.45031 | Q60: 0 | R60: 9943.964 | S60: 9943.964 | T60: 0.48263889 | U60: 0.48611111 | V60: 0 | W60: 1 | X60: 0 | Y60: 75 | Z60: 3 | AA60: 0 | AB60: 0 | AC60: 0 | AD60: 0 | AE60: 0 | AF60: 0 | AG60: 0 | AH60: 0 | AI60: 0 | AJ60: 1 | AK60: 0 | AL60: 0 | AM60: 0 | AN60: 0 | AO60: 0 | AP60: 0 | AQ60: 0 | AR60: 0 | AS60: 0 | AT60: 0 | AU60: 0 | AV60: 0 | AW60: 1 | AX60: 0 | AY60: 0 | AZ60: 0 | BA60: 0 | BB60: 0 | BC60: 0 | BD60: 0 | BE60: 0 | BF60: 0 | BG60: 0 | BH60: 0 | BI60: 0 | BJ60: 0 | BK60: 0 | BL60: 0 | BM60: 0 | BN60: 0 | BO60: 0 | BP60: 0 | BQ60: 0 | BR60: 0 | BS60: 0 | BT60: 0 | BU60: 0 | BV60: 0 | BW60: 0 | BX60: 0 | BY60: 0 | BZ60: 0 | CA60: 0 | CB60: 0 | CC60: 0 | CD60: 0 | CE60: 1 | CF60: 0 | CG60: 0 | CH60: 0 | CI60: 0 | CJ60: 0 | CK60: 0 | CL60: 0 | CM60: 0 | CN60: 0 | CO60: 0
A61: 60 | B61: 45499 | C61: Jul | D61: 16B | E61: E. Braatz | F61: Dolly | G61: Hydrangea paniculata | H61: 1127 | I61: Dense | J61: 4 | K61: Lacy panicle | L61: 1.3333333 | M61: NA | N61: 126.2 | O61: 2.989908 | P61: 3.986544 | Q61: 0 | R61: 503.10185 | S61: 503.10185 | T61: 0.38541667 | U61: 0.38888889 | V61: 0 | W61: 1 | X61: 0 | Y61: 69 | Z61: 4 | AA61: 0 | AB61: 0 | AC61: 0 | AD61: 0 | AE61: 0 | AF61: 0 | AG61: 0 | AH61: 0 | AI61: 0 | AJ61: 0 | AK61: 0 | AL61: 0 | AM61: 0 | AN61: 0 | AO61: 0 | AP61: 0 | AQ61: 1 | AR61: 0 | AS61: 1 | AT61: 0 | AU61: 0 | AV61: 0 | AW61: 0 | AX61: 0 | AY61: 0 | AZ61: 0 | BA61: 0 | BB61: 0 | BC61: 0 | BD61: 0 | BE61: 0 | BF61: 0 | BG61: 0 | BH61: 0 | BI61: 0 | BJ61: 0 | BK61: 0 | BL61: 0 | BM61: 0 | BN61: 0 | BO61: 0 | BP61: 0 | BQ61: 0 | BR61: 0 | BS61: 0 | BT61: 1 | BU61: 0 | BV61: 0 | BW61: 0 | BX61: 0 | BY61: 0 | BZ61: 0 | CA61: 0 | CB61: 0 | CC61: 0 | CD61: 0 | CE61: 0 | CF61: 0 | CG61: 1 | CH61: 0 | CI61: 0 | CJ61: 0 | CK61: 0 | CL61: 0 | CM61: 0 | CN61: 0 | CO61: 0
A62: 61 | B62: 45499 | C62: Jul | D62: 16C | E62: E. Braatz | F62: Quick Fire | G62: Hydrangea paniculata | H62: 14001 | I62: Open | J62: 4 | K62: Lacy panicle | L62: Forgot to enter | M62: NA | N62: 25.9 | O62: 8.2044997 | P62: #VALUE! | Q62: 0 | R62: #VALUE! | S62: NA | T62: 0.70486111 | U62: 0.70833333 | V62: 0 | W62: 1 | X62: 0 | Y62: 81 | Z62: 2 | AA62: 0 | AB62: 0 | AC62: 0 | AD62: 0 | AE62: 0 | AF62: 0 | AG62: 0 | AH62: 0 | AI62: 0 | AJ62: 0 | AK62: 0 | AL62: 0 | AM62: 0 | AN62: 0 | AO62: 0 | AP62: 0 | AQ62: 0 | AR62: 0 | AS62: 0 | AT62: 0 | AU62: 0 | AV62: 0 | AW62: 0 | AX62: 0 | AY62: 0 | AZ62: 0 | BA62: 0 | BB62: 0 | BC62: 0 | BD62: 0 | BE62: 0 | BF62: 0 | BG62: 0 | BH62: 0 | BI62: 0 | BJ62: 0 | BK62: 0 | BL62: 0 | BM62: 0 | BN62: 0 | BO62: 0 | BP62: 0 | BQ62: 0 | BR62: 0 | BS62: 0 | BT62: 0 | BU62: 0 | BV62: 0 | BW62: 0 | BX62: 0 | BY62: 0 | BZ62: 0 | CA62: 0 | CB62: 0 | CC62: 0 | CD62: 0 | CE62: 1 | CF62: 0 | CG62: 1 | CH62: 0 | CI62: 0 | CJ62: 0 | CK62: 0 | CL62: 0 | CM62: 0 | CN62: 0 | CO62: 0
A63: 62 | B63: 45499 | C63: Jul | D63: 19D | E63: E. Braatz | F63: Puffer Fish | G63: Hydrangea paniculata | H63: 2023-030 | I63: Half-open | J63: 4 | K63: Mop-like panicle | L63: 11 | M63: NA | N63: 55.8 | O63: 2.3337244 | P63: 25.670968 | Q63: 0 | R63: 1432.44 | S63: 1432.44 | T63: 0.71388889 | U63: 0.71736111 | V63: 0 | W63: 2 | X63: 0 | Y63: 81 | Z63: 4 | AA63: 0 | AB63: 0 | AC63: 0 | AD63: 0 | AE63: 0 | AF63: 0 | AG63: 0 | AH63: 0 | AI63: 0 | AJ63: 0 | AK63: 0 | AL63: 0 | AM63: 0 | AN63: 0 | AO63: 0 | AP63: 0 | AQ63: 0 | AR63: 0 | AS63: 0 | AT63: 1 | AU63: 0 | AV63: 0 | AW63: 0 | AX63: 0 | AY63: 0 | AZ63: 0 | BA63: 0 | BB63: 0 | BC63: 0 | BD63: 0 | BE63: 0 | BF63: 1 | BG63: 0 | BH63: 0 | BI63: 0 | BJ63: 0 | BK63: 0 | BL63: 0 | BM63: 1 | BN63: 0 | BO63: 0 | BP63: 0 | BQ63: 0 | BR63: 0 | BS63: 0 | BT63: 0 | BU63: 0 | BV63: 0 | BW63: 0 | BX63: 0 | BY63: 0 | BZ63: 0 | CA63: 0 | CB63: 0 | CC63: 0 | CD63: 0 | CE63: 0 | CF63: 0 | CG63: 1 | CH63: 0 | CI63: 0 | CJ63: 0 | CK63: 0 | CL63: 0 | CM63: 0 | CN63: 0 | CO63: 0
A64: 63 | B64: 45499 | C64: Jul | D64: 1C | E64: E. Braatz | F64: Ruby | G64: Hydrangea paniculata | H64: 98053 | I64: Half-open | J64: NA | K64: Mop-like panicle | L64: 10.3 | M64: NA | N64: 46.2 | O64: 1.9609767 | P64: 20.19806 | Q64: 0 | R64: 933.15038 | S64: 933.15038 | T64: 0.46527778 | U64: 0.46875 | V64: 0 | W64: 1 | X64: 30 | Y64: 75 | Z64: 3 | AA64: 0 | AB64: 0 | AC64: 0 | AD64: 0 | AE64: 0 | AF64: 0 | AG64: 0 | AH64: 0 | AI64: 0 | AJ64: 0 | AK64: 0 | AL64: 0 | AM64: 0 | AN64: 0 | AO64: 0 | AP64: 0 | AQ64: 1 | AR64: 0 | AS64: 1 | AT64: 0 | AU64: 0 | AV64: 0 | AW64: 0 | AX64: 0 | AY64: 0 | AZ64: 0 | BA64: 0 | BB64: 0 | BC64: 0 | BD64: 0 | BE64: 0 | BF64: 0 | BG64: 0 | BH64: 0 | BI64: 0 | BJ64: 0 | BK64: 0 | BL64: 0 | BM64: 0 | BN64: 0 | BO64: 0 | BP64: 0 | BQ64: 1 | BR64: 0 | BS64: 0 | BT64: 0 | BU64: 0 | BV64: 0 | BW64: 0 | BX64: 0 | BY64: 0 | BZ64: 0 | CA64: 0 | CB64: 0 | CC64: 0 | CD64: 0 | CE64: 0 | CF64: 0 | CG64: 0 | CH64: 0 | CI64: 0 | CJ64: 0 | CK64: 0 | CL64: 0 | CM64: 0 | CN64: 0 | CO64: 0
A65: 64 | B65: 45499 | C65: Jul | D65: 22B | E65: E. Braatz | F65: Limelight Prime | G65: Hydrangea paniculata | H65: 21039 | I65: Half-open | J65: 4 | K65: Mop-like panicle | L65: 2.6666667 | M65: NA | N65: 17.7 | O65: 1.9609767 | P65: 5.2292713 | Q65: 0 | R65: 92.558101 | S65: 92.558101 | T65: 0.44027778 | U65: 0.44375 | V65: 0 | W65: 1 | X65: 5 | Y65: 73 | Z65: 4 | AA65: 0 | AB65: 0 | AC65: 0 | AD65: 0 | AE65: 0 | AF65: 0 | AG65: 0 | AH65: 0 | AI65: 0 | AJ65: 0 | AK65: 0 | AL65: 0 | AM65: 0 | AN65: 1 | AO65: 1 | AP65: 0 | AQ65: 1 | AR65: 0 | AS65: 0 | AT65: 0 | AU65: 0 | AV65: 0 | AW65: 0 | AX65: 0 | AY65: 0 | AZ65: 0 | BA65: 0 | BB65: 0 | BC65: 0 | BD65: 0 | BE65: 0 | BF65: 0 | BG65: 0 | BH65: 0 | BI65: 0 | BJ65: 0 | BK65: 0 | BL65: 0 | BM65: 0 | BN65: 0 | BO65: 0 | BP65: 0 | BQ65: 1 | BR65: 0 | BS65: 0 | BT65: 0 | BU65: 0 | BV65: 0 | BW65: 0 | BX65: 0 | BY65: 0 | BZ65: 0 | CA65: 0 | CB65: 0 | CC65: 0 | CD65: 0 | CE65: 0 | CF65: 0 | CG65: 0 | CH65: 0 | CI65: 0 | CJ65: 0 | CK65: 0 | CL65: 0 | CM65: 0 | CN65: 0 | CO65: 0
A66: 65 | B66: 45499 | C66: Jul | D66: 23B | E66: E. Braatz | F66: Quick Fire Fabulous | G66: Hydrangea paniculata | H66: No tag | I66: Dense | J66: 5 | K66: Mop-like panicle | L66: 8 | M66: NA | N66: 60.9 | O66: 4.4121976 | P66: 35.297581 | Q66: 0 | R66: 2149.6227 | S66: 2149.6227 | T66: 0.37222222 | U66: 0.37569444 | V66: 0 | W66: 1 | X66: 0 | Y66: 69 | Z66: 1 | AA66: 0 | AB66: 0 | AC66: 0 | AD66: 0 | AE66: 0 | AF66: 0 | AG66: 0 | AH66: 0 | AI66: 0 | AJ66: 0 | AK66: 0 | AL66: 0 | AM66: 0 | AN66: 0 | AO66: 0 | AP66: 0 | AQ66: 0 | AR66: 0 | AS66: 0 | AT66: 0 | AU66: 0 | AV66: 0 | AW66: 0 | AX66: 0 | AY66: 0 | AZ66: 0 | BA66: 0 | BB66: 0 | BC66: 0 | BD66: 0 | BE66: 0 | BF66: 0 | BG66: 0 | BH66: 0 | BI66: 0 | BJ66: 0 | BK66: 0 | BL66: 0 | BM66: 0 | BN66: 0 | BO66: 0 | BP66: 0 | BQ66: 0 | BR66: 0 | BS66: 0 | BT66: 0 | BU66: 0 | BV66: 0 | BW66: 0 | BX66: 0 | BY66: 0 | BZ66: 1 | CA66: 0 | CB66: 0 | CC66: 0 | CD66: 0 | CE66: 0 | CF66: 0 | CG66: 0 | CH66: 0 | CI66: 0 | CJ66: 0 | CK66: 0 | CL66: 0 | CM66: 0 | CN66: 0 | CO66: 0 | CP66: Lots of bracts
A67: 66 | B67: 45499 | C67: Jul | D67: 24B | E67: E. Braatz | F67: Little Lime Punch | G67: Hydrangea paniculata | H67: 21040 | I67: Half-open | J67: 4 | K67: Mop-like panicle | L67: 4.6666667 | M67: NA | N67: 194.2 | O67: 3.6464443 | P67: 17.01674 | Q67: 0 | R67: 3304.6509 | S67: 3304.6509 | T67: 0.42361111 | U67: 0.42708333 | V67: 0 | W67: 1 | X67: 0 | Y67: 69 | Z67: 1 | AA67: 0 | AB67: 0 | AC67: 0 | AD67: 0 | AE67: 0 | AF67: 0 | AG67: 0 | AH67: 0 | AI67: 0 | AJ67: 0 | AK67: 0 | AL67: 0 | AM67: 0 | AN67: 0 | AO67: 0 | AP67: 1 | AQ67: 0 | AR67: 0 | AS67: 0 | AT67: 0 | AU67: 0 | AV67: 0 | AW67: 0 | AX67: 0 | AY67: 0 | AZ67: 0 | BA67: 0 | BB67: 0 | BC67: 0 | BD67: 0 | BE67: 0 | BF67: 0 | BG67: 0 | BH67: 0 | BI67: 0 | BJ67: 0 | BK67: 0 | BL67: 0 | BM67: 0 | BN67: 0 | BO67: 0 | BP67: 0 | BQ67: 0 | BR67: 0 | BS67: 0 | BT67: 0 | BU67: 0 | BV67: 0 | BW67: 0 | BX67: 0 | BY67: 0 | BZ67: 0 | CA67: 0 | CB67: 0 | CC67: 0 | CD67: 0 | CE67: 0 | CF67: 0 | CG67: 0 | CH67: 0 | CI67: 0 | CJ67: 0 | CK67: 0 | CL67: 0 | CM67: 0 | CN67: 0 | CO67: 0
A68: 67 | B68: 45499 | C68: Jul | D68: 26B | E68: E. Braatz | F68: Berry White | G68: Hydrangea paniculata | H68: 21026 | I68: Half-open | J68: 4 | K68: Mop-like panicle | L68: 2.3333333 | M68: NA | N68: 86.42857 | O68: 5.8505173 | P68: 13.651207 | Q68: 0 | R68: 1179.8543 | S68: 1179.8543 | T68: 0.45555556 | U68: 0.45902778 | V68: 0 | W68: 1 | X68: 5 | Y68: 73 | Z68: 3 | AA68: 0 | AB68: 0 | AC68: 0 | AD68: 0 | AE68: 0 | AF68: 0 | AG68: 0 | AH68: 0 | AI68: 0 | AJ68: 1 | AK68: 0 | AL68: 0 | AM68: 0 | AN68: 0 | AO68: 0 | AP68: 0 | AQ68: 1 | AR68: 0 | AS68: 0 | AT68: 0 | AU68: 0 | AV68: 0 | AW68: 0 | AX68: 0 | AY68: 0 | AZ68: 0 | BA68: 0 | BB68: 0 | BC68: 0 | BD68: 0 | BE68: 0 | BF68: 0 | BG68: 0 | BH68: 0 | BI68: 0 | BJ68: 0 | BK68: 0 | BL68: 0 | BM68: 0 | BN68: 0 | BO68: 0 | BP68: 0 | BQ68: 0 | BR68: 0 | BS68: 0 | BT68: 0 | BU68: 0 | BV68: 0 | BW68: 0 | BX68: 1 | BY68: 0 | BZ68: 0 | CA68: 0 | CB68: 0 | CC68: 0 | CD68: 0 | CE68: 0 | CF68: 0 | CG68: 0 | CH68: 0 | CI68: 0 | CJ68: 0 | CK68: 0 | CL68: 0 | CM68: 0 | CN68: 0 | CO68: 0
A69: 68 | B69: 45499 | C69: Jul | D69: 27B | E69: E. Braatz | F69: Candy Apple | G69: Hydrangea paniculata | H69: 20012B | I69: Half-open | J69: 4 | K69: Mop-like panicle | L69: 7 | M69: NA | N69: 15.1 | O69: 1.0372108 | P69: 7.2604758 | Q69: 0 | R69: 109.63318 | S69: 109.63318 | T69: 0.41458333 | U69: 0.41805556 | V69: 0 | W69: 1 | X69: 0 | Y69: 69 | Z69: 7 | AA69: 0 | AB69: 0 | AC69: 0 | AD69: 0 | AE69: 0 | AF69: 0 | AG69: 0 | AH69: 0 | AI69: 0 | AJ69: 0 | AK69: 0 | AL69: 0 | AM69: 0 | AN69: 0 | AO69: 0 | AP69: 0 | AQ69: 0 | AR69: 0 | AS69: 0 | AT69: 1 | AU69: 0 | AV69: 0 | AW69: 0 | AX69: 0 | AY69: 0 | AZ69: 0 | BA69: 0 | BB69: 0 | BC69: 0 | BD69: 0 | BE69: 0 | BF69: 1 | BG69: 0 | BH69: 0 | BI69: 0 | BJ69: 0 | BK69: 0 | BL69: 0 | BM69: 0 | BN69: 1 | BO69: 0 | BP69: 1 | BQ69: 1 | BR69: 0 | BS69: 1 | BT69: 0 | BU69: 0 | BV69: 0 | BW69: 0 | BX69: 0 | BY69: 0 | BZ69: 0 | CA69: 0 | CB69: 0 | CC69: 0 | CD69: 0 | CE69: 0 | CF69: 0 | CG69: 1 | CH69: 0 | CI69: 0 | CJ69: 0 | CK69: 0 | CL69: 0 | CM69: 0 | CN69: 0 | CO69: 0 | CP69: Weird bracts; tree
A70: 69 | B70: 45499 | C70: Jul | D70: 3D | E70: E. Braatz | F70: Vanilla Strawberry | G70: Hydrangea paniculata | H70: 10063 | I70: Dense | J70: 5 | K70: Mop-like panicle | L70: 2.3333333 | M70: NA | N70: 349.6 | O70: 18.187654 | P70: 42.437859 | Q70: 0 | R70: 14836.276 | S70: 14836.276 | T70: 0.71944444 | U70: 0.72291667 | V70: 0 | W70: 2 | X70: 0 | Y70: 81 | Z70: 1 | AA70: 0 | AB70: 0 | AC70: 0 | AD70: 0 | AE70: 0 | AF70: 0 | AG70: 0 | AH70: 0 | AI70: 0 | AJ70: 0 | AK70: 0 | AL70: 0 | AM70: 0 | AN70: 0 | AO70: 0 | AP70: 0 | AQ70: 0 | AR70: 0 | AS70: 0 | AT70: 0 | AU70: 0 | AV70: 1 | AW70: 0 | AX70: 0 | AY70: 0 | AZ70: 0 | BA70: 0 | BB70: 0 | BC70: 0 | BD70: 0 | BE70: 0 | BF70: 0 | BG70: 0 | BH70: 0 | BI70: 0 | BJ70: 0 | BK70: 0 | BL70: 0 | BM70: 0 | BN70: 0 | BO70: 0 | BP70: 0 | BQ70: 0 | BR70: 0 | BS70: 0 | BT70: 0 | BU70: 0 | BV70: 0 | BW70: 0 | BX70: 0 | BY70: 0 | BZ70: 0 | CA70: 0 | CB70: 0 | CC70: 0 | CD70: 0 | CE70: 0 | CF70: 0 | CG70: 0 | CH70: 0 | CI70: 0 | CJ70: 0 | CK70: 0 | CL70: 0 | CM70: 0 | CN70: 0 | CO70: 0
A71: 70 | B71: 45499 | C71: Jul | D71: 4C | E71: E. Braatz | F71: Little Lamb | G71: Hydrangea paniculata | H71: 4054 | I71: Very dense | J71: 4 | K71: Mop-like panicle | L71: 9.6666667 | M71: NA | N71: 50 | O71: 9.7279031 | P71: 94.036397 | Q71: 0 | R71: 4701.8198 | S71: 4701.8198 | T71: 0.74305556 | U71: 0.74652778 | V71: 0 | W71: 1 | X71: 0 | Y71: 81 | Z71: 4 | AA71: 0 | AB71: 0 | AC71: 0 | AD71: 0 | AE71: 0 | AF71: 0 | AG71: 0 | AH71: 0 | AI71: 0 | AJ71: 0 | AK71: 0 | AL71: 0 | AM71: 0 | AN71: 0 | AO71: 0 | AP71: 0 | AQ71: 0 | AR71: 0 | AS71: 0 | AT71: 0 | AU71: 0 | AV71: 0 | AW71: 0 | AX71: 0 | AY71: 0 | AZ71: 0 | BA71: 0 | BB71: 0 | BC71: 0 | BD71: 0 | BE71: 0 | BF71: 1 | BG71: 0 | BH71: 0 | BI71: 0 | BJ71: 0 | BK71: 0 | BL71: 0 | BM71: 0 | BN71: 0 | BO71: 0 | BP71: 0 | BQ71: 1 | BR71: 0 | BS71: 0 | BT71: 0 | BU71: 0 | BV71: 0 | BW71: 0 | BX71: 0 | BY71: 0 | BZ71: 0 | CA71: 0 | CB71: 0 | CC71: 0 | CD71: 1 | CE71: 0 | CF71: 0 | CG71: 1 | CH71: 0 | CI71: 0 | CJ71: 0 | CK71: 0 | CL71: 0 | CM71: 0 | CN71: 0 | CO71: 0
A72: 71 | B72: 45499 | C72: Jul | D72: 4F | E72: E. Braatz | F72: Haas Halo | G72: Hydrangea arborescens | H72: 18022 | I72: Open | J72: 3 | K72: Lacy | L72: 1 | M72: NA | N72: 563.42857 | O72: 9.3348975 | P72: 9.3348975 | Q72: 0 | R72: 5259.5479 | S72: 5259.5479 | T72: 0.77847222 | U72: 0.78194444 | V72: 0 | W72: 1 | X72: 0 | Y72: 80 | Z72: 2 | AA72: 0 | AB72: 0 | AC72: 0 | AD72: 0 | AE72: 0 | AF72: 0 | AG72: 0 | AH72: 0 | AI72: 0 | AJ72: 0 | AK72: 0 | AL72: 0 | AM72: 0 | AN72: 0 | AO72: 0 | AP72: 0 | AQ72: 0 | AR72: 0 | AS72: 0 | AT72: 0 | AU72: 0 | AV72: 0 | AW72: 0 | AX72: 0 | AY72: 0 | AZ72: 0 | BA72: 0 | BB72: 0 | BC72: 0 | BD72: 0 | BE72: 0 | BF72: 0 | BG72: 0 | BH72: 0 | BI72: 0 | BJ72: 0 | BK72: 1 | BL72: 0 | BM72: 0 | BN72: 0 | BO72: 0 | BP72: 0 | BQ72: 0 | BR72: 0 | BS72: 0 | BT72: 1 | BU72: 0 | BV72: 0 | BW72: 0 | BX72: 0 | BY72: 0 | BZ72: 0 | CA72: 0 | CB72: 0 | CC72: 0 | CD72: 0 | CE72: 0 | CF72: 0 | CG72: 0 | CH72: 0 | CI72: 0 | CJ72: 0 | CK72: 0 | CL72: 0 | CM72: 0 | CN72: 0 | CO72: 0
A73: 72 | B73: 45499 | C73: Jul | D73: 5F | E73: E. Braatz | F73: Bella Anna | G73: Hydrangea arborescens | H73: 10067 | I73: Half-open | J73: 4 | K73: Mop | L73: 0.66 | M73: NA | N73: 88 | O73: 3.4073996 | P73: 2.2488838 | Q73: 0 | R73: 197.90177 | S73: 197.90177 | T73: 0.78472222 | U73: 0.78819444 | V73: 0 | W73: 1 | X73: 0 | Y73: 80 | Z73: 1 | AA73: 0 | AB73: 0 | AC73: 0 | AD73: 0 | AE73: 0 | AF73: 0 | AG73: 0 | AH73: 0 | AI73: 0 | AJ73: 0 | AK73: 0 | AL73: 0 | AM73: 0 | AN73: 1 | AO73: 0 | AP73: 0 | AQ73: 0 | AR73: 0 | AS73: 0 | AT73: 0 | AU73: 0 | AV73: 0 | AW73: 0 | AX73: 0 | AY73: 0 | AZ73: 0 | BA73: 0 | BB73: 0 | BC73: 0 | BD73: 0 | BE73: 0 | BF73: 0 | BG73: 0 | BH73: 0 | BI73: 0 | BJ73: 0 | BK73: 0 | BL73: 0 | BM73: 0 | BN73: 0 | BO73: 0 | BP73: 0 | BQ73: 0 | BR73: 0 | BS73: 0 | BT73: 0 | BU73: 0 | BV73: 0 | BW73: 0 | BX73: 0 | BY73: 0 | BZ73: 0 | CA73: 0 | CB73: 0 | CC73: 0 | CD73: 0 | CE73: 0 | CF73: 0 | CG73: 0 | CH73: 0 | CI73: 0 | CJ73: 0 | CK73: 0 | CL73: 0 | CM73: 0 | CN73: 0 | CO73: 0 | CP73: Shaded
A74: 73 | B74: 45499 | C74: Jul | D74: 6D | E74: E. Braatz | F74: Strawberry Sundae | G74: Hydrangea paniculata | H74: 15055 | I74: Dense | J74: 4 | K74: Mop-like panicle | L74: 14.6 | M74: NA | N74: 42.8 | O74: 11.81448 | P74: 172.4914 | Q74: 0 | R74: 7382.632 | S74: 7382.632 | T74: 0.73333333 | U74: 0.73680556 | V74: 0 | W74: 2 | X74: 0 | Y74: 81 | Z74: 7 | AA74: 0 | AB74: 0 | AC74: 0 | AD74: 0 | AE74: 0 | AF74: 0 | AG74: 0 | AH74: 0 | AI74: 0 | AJ74: 0 | AK74: 0 | AL74: 0 | AM74: 0 | AN74: 1 | AO74: 0 | AP74: 0 | AQ74: 1 | AR74: 0 | AS74: 0 | AT74: 1 | AU74: 0 | AV74: 0 | AW74: 0 | AX74: 0 | AY74: 0 | AZ74: 0 | BA74: 0 | BB74: 1 | BC74: 0 | BD74: 0 | BE74: 0 | BF74: 0 | BG74: 0 | BH74: 0 | BI74: 0 | BJ74: 0 | BK74: 0 | BL74: 0 | BM74: 0 | BN74: 1 | BO74: 0 | BP74: 0 | BQ74: 1 | BR74: 0 | BS74: 0 | BT74: 0 | BU74: 0 | BV74: 0 | BW74: 0 | BX74: 0 | BY74: 0 | BZ74: 0 | CA74: 0 | CB74: 0 | CC74: 0 | CD74: 0 | CE74: 0 | CF74: 0 | CG74: 1 | CH74: 0 | CI74: 0 | CJ74: 0 | CK74: 0 | CL74: 0 | CM74: 0 | CN74: 0 | CO74: 0
A75: 74 | B75: 45499 | C75: Jul | D75: 9B | E75: E. Braatz | F75: Silver Dollar | G75: Hydrangea paniculata | H75: 1006 | I75: Dense | J75: 4 | K75: Mop-like panicle | L75: 5 | M75: NA | N75: 41.2 | O75: 1.698112 | P75: 8.49056 | Q75: 0 | R75: 349.81107 | S75: 349.81107 | T75: 0.44791667 | U75: 0.45138889 | V75: 0 | W75: 1 | X75: 5 | Y75: 73 | Z75: 6 | AA75: 0 | AB75: 0 | AC75: 0 | AD75: 0 | AE75: 0 | AF75: 0 | AG75: 0 | AH75: 0 | AI75: 0 | AJ75: 0 | AK75: 1 | AL75: 0 | AM75: 0 | AN75: 0 | AO75: 1 | AP75: 0 | AQ75: 0 | AR75: 0 | AS75: 0 | AT75: 1 | AU75: 0 | AV75: 0 | AW75: 0 | AX75: 0 | AY75: 0 | AZ75: 0 | BA75: 0 | BB75: 0 | BC75: 0 | BD75: 0 | BE75: 0 | BF75: 0 | BG75: 0 | BH75: 0 | BI75: 0 | BJ75: 0 | BK75: 0 | BL75: 0 | BM75: 0 | BN75: 1 | BO75: 1 | BP75: 0 | BQ75: 0 | BR75: 0 | BS75: 0 | BT75: 1 | BU75: 0 | BV75: 0 | BW75: 0 | BX75: 0 | BY75: 0 | BZ75: 0 | CA75: 0 | CB75: 0 | CC75: 0 | CD75: 0 | CE75: 0 | CF75: 0 | CG75: 0 | CH75: 0 | CI75: 0 | CJ75: 0 | CK75: 0 | CL75: 0 | CM75: 0 | CN75: 0 | CO75: 0
A76: 75 | B76: 45502 | C76: Jul | D76: 10C | E76: E. Braatz | F76: Fire Light | G76: Hydrangea paniculata | H76: 14026 | I76: Dense | J76: 4 | K76: Mop-like panicle | L76: 5.6666667 | M76: NA | N76: 76.5 | O76: 8.5731958 | P76: 48.581443 | Q76: 0 | R76: 3716.4804 | S76: 3716.4804 | T76: 0.66180556 | U76: 0.66527778 | V76: 0 | W76: 1 | X76: 30 | Y76: 80 | Z76: 3 | AA76: 0 | AB76: 0 | AC76: 0 | AD76: 0 | AE76: 0 | AF76: 0 | AG76: 0 | AH76: 0 | AI76: 0 | AJ76: 0 | AK76: 0 | AL76: 0 | AM76: 0 | AN76: 0 | AO76: 0 | AP76: 0 | AQ76: 0 | AR76: 0 | AS76: 0 | AT76: 1 | AU76: 0 | AV76: 0 | AW76: 0 | AX76: 1 | AY76: 0 | AZ76: 0 | BA76: 0 | BB76: 0 | BC76: 0 | BD76: 0 | BE76: 0 | BF76: 0 | BG76: 0 | BH76: 0 | BI76: 0 | BJ76: 0 | BK76: 0 | BL76: 0 | BM76: 0 | BN76: 0 | BO76: 0 | BP76: 0 | BQ76: 1 | BR76: 0 | BS76: 0 | BT76: 0 | BU76: 0 | BV76: 0 | BW76: 0 | BX76: 0 | BY76: 0 | BZ76: 0 | CA76: 0 | CB76: 0 | CC76: 0 | CD76: 0 | CE76: 0 | CF76: 0 | CG76: 0 | CH76: 0 | CI76: 0 | CJ76: 0 | CK76: 0 | CL76: 0 | CM76: 0 | CN76: 0 | CO76: 0
A77: 76 | B77: 45502 | C77: Jul | D77: 11C | E77: E. Braatz | F77: Little Quick Fire | G77: Hydrangea paniculata | H77: 14010 | I77: Open | J77: 4 | K77: Lacy panicle | L77: 12.666667 | M77: NA | N77: 59.7 | O77: 5.546647 | P77: 70.257528 | Q77: 0 | R77: 4194.3744 | S77: 4194.3744 | T77: 0.67013889 | U77: 0.67361111 | V77: 0 | W77: 1 | X77: 30 | Y77: 80 | Z77: 6 | AA77: 0 | AB77: 0 | AC77: 0 | AD77: 0 | AE77: 0 | AF77: 0 | AG77: 0 | AH77: 0 | AI77: 0 | AJ77: 0 | AK77: 0 | AL77: 0 | AM77: 0 | AN77: 0 | AO77: 0 | AP77: 0 | AQ77: 1 | AR77: 0 | AS77: 0 | AT77: 1 | AU77: 0 | AV77: 0 | AW77: 0 | AX77: 0 | AY77: 0 | AZ77: 0 | BA77: 0 | BB77: 0 | BC77: 0 | BD77: 0 | BE77: 0 | BF77: 0 | BG77: 0 | BH77: 0 | BI77: 0 | BJ77: 0 | BK77: 0 | BL77: 0 | BM77: 0 | BN77: 0 | BO77: 0 | BP77: 0 | BQ77: 1 | BR77: 1 | BS77: 0 | BT77: 0 | BU77: 0 | BV77: 0 | BW77: 0 | BX77: 0 | BY77: 0 | BZ77: 0 | CA77: 0 | CB77: 0 | CC77: 0 | CD77: 0 | CE77: 1 | CF77: 0 | CG77: 0 | CH77: 0 | CI77: 0 | CJ77: 0 | CK77: 1 | CL77: 0 | CM77: 0 | CN77: 0 | CO77: 0
A78: 77 | B78: 45502 | C78: Jul | D78: 12C | E78: E. Braatz | F78: Polar Ball | G78: Hydrangea paniculata | H78: 13029 | I78: Very dense | J78: 4 | K78: Mop-like panicle | L78: 6 | M78: NA | N78: 4.5 | O78: 5.8505173 | P78: 35.103104 | Q78: 0 | R78: 157.96397 | S78: 157.96397 | T78: 0.67847222 | U78: 0.68194444 | V78: 0 | W78: 1 | X78: 30 | Y78: 80 | Z78: 3 | AA78: 0 | AB78: 0 | AC78: 0 | AD78: 0 | AE78: 0 | AF78: 0 | AG78: 0 | AH78: 0 | AI78: 0 | AJ78: 0 | AK78: 0 | AL78: 0 | AM78: 0 | AN78: 0 | AO78: 0 | AP78: 0 | AQ78: 0 | AR78: 0 | AS78: 0 | AT78: 0 | AU78: 0 | AV78: 0 | AW78: 0 | AX78: 0 | AY78: 0 | AZ78: 0 | BA78: 0 | BB78: 0 | BC78: 0 | BD78: 0 | BE78: 0 | BF78: 0 | BG78: 0 | BH78: 1 | BI78: 0 | BJ78: 0 | BK78: 0 | BL78: 0 | BM78: 0 | BN78: 1 | BO78: 0 | BP78: 0 | BQ78: 1 | BR78: 0 | BS78: 0 | BT78: 0 | BU78: 0 | BV78: 0 | BW78: 0 | BX78: 0 | BY78: 0 | BZ78: 0 | CA78: 0 | CB78: 0 | CC78: 0 | CD78: 0 | CE78: 0 | CF78: 0 | CG78: 0 | CH78: 0 | CI78: 0 | CJ78: 0 | CK78: 0 | CL78: 0 | CM78: 0 | CN78: 0 | CO78: 0
A79: 78 | B79: 45502 | C79: Jul | D79: 13C | E79: E. Braatz | F79: Fire Light | G79: Hydrangea paniculata | H79: 18008B | I79: Very dense | J79: NA | K79: Mop-like panicle | L79: 9.3333333 | M79: NA | N79: 71.4 | O79: 8.949995 | P79: 83.533287 | Q79: 0 | R79: 5964.2767 | S79: 5964.2767 | T79: 0.62013889 | U79: 0.62361111 | V79: 0 | W79: 1 | X79: 65 | Y79: 78 | Z79: 4 | AA79: 0 | AB79: 0 | AC79: 0 | AD79: 0 | AE79: 0 | AF79: 0 | AG79: 0 | AH79: 0 | AI79: 0 | AJ79: 0 | AK79: 0 | AL79: 0 | AM79: 0 | AN79: 0 | AO79: 0 | AP79: 0 | AQ79: 0 | AR79: 0 | AS79: 1 | AT79: 0 | AU79: 0 | AV79: 0 | AW79: 0 | AX79: 0 | AY79: 0 | AZ79: 0 | BA79: 0 | BB79: 0 | BC79: 0 | BD79: 0 | BE79: 0 | BF79: 0 | BG79: 0 | BH79: 0 | BI79: 0 | BJ79: 0 | BK79: 0 | BL79: 0 | BM79: 0 | BN79: 1 | BO79: 0 | BP79: 0 | BQ79: 1 | BR79: 0 | BS79: 0 | BT79: 0 | BU79: 0 | BV79: 0 | BW79: 0 | BX79: 0 | BY79: 0 | BZ79: 0 | CA79: 0 | CB79: 0 | CC79: 0 | CD79: 0 | CE79: 0 | CF79: 0 | CG79: 1 | CH79: 0 | CI79: 0 | CJ79: 0 | CK79: 0 | CL79: 0 | CM79: 0 | CN79: 0 | CO79: 0
A80: 79 | B80: 45502 | C80: Jul | D80: 14C | E80: E. Braatz | F80: Fire Light | G80: Hydrangea paniculata | H80: 18008A | I80: Dense | J80: 4 | K80: Mop-like panicle | L80: 17.333333 | M80: NA | N80: 94.3 | O80: 8.5731958 | P80: 148.60206 | Q80: 0 | R80: 14013.174 | S80: 14013.174 | T80: 0.63125 | U80: 0.63472222 | V80: 0 | W80: 1 | X80: 65 | Y80: 78 | Z80: 8 | AA80: 0 | AB80: 0 | AC80: 0 | AD80: 0 | AE80: 0 | AF80: 0 | AG80: 1 | AH80: 0 | AI80: 0 | AJ80: 0 | AK80: 0 | AL80: 0 | AM80: 0 | AN80: 0 | AO80: 1 | AP80: 0 | AQ80: 0 | AR80: 0 | AS80: 1 | AT80: 0 | AU80: 0 | AV80: 0 | AW80: 0 | AX80: 0 | AY80: 0 | AZ80: 0 | BA80: 0 | BB80: 0 | BC80: 0 | BD80: 0 | BE80: 0 | BF80: 0 | BG80: 0 | BH80: 0 | BI80: 0 | BJ80: 0 | BK80: 1 | BL80: 0 | BM80: 0 | BN80: 0 | BO80: 0 | BP80: 1 | BQ80: 1 | BR80: 0 | BS80: 0 | BT80: 0 | BU80: 0 | BV80: 0 | BW80: 0 | BX80: 0 | BY80: 0 | BZ80: 0 | CA80: 0 | CB80: 0 | CC80: 0 | CD80: 0 | CE80: 0 | CF80: 1 | CG80: 1 | CH80: 0 | CI80: 0 | CJ80: 0 | CK80: 0 | CL80: 0 | CM80: 0 | CN80: 0 | CO80: 0
A81: 80 | B81: 45502 | C81: Jul | D81: 1C | E81: E. Braatz | F81: Ruby | G81: Hydrangea paniculata | H81: 98053 | I81: Half-open | J81: NA | K81: Mop-like panicle | L81: 1.3333333 | M81: NA | N81: 46.2 | O81: 1.9609767 | P81: 2.6146356 | Q81: 0 | R81: 120.79617 | S81: 120.79617 | T81: 0.60763889 | U81: 0.61111111 | V81: 1 | W81: 1 | X81: 65 | Y81: 78 | Z81: 2 | AA81: 0 | AB81: 0 | AC81: 0 | AD81: 0 | AE81: 0 | AF81: 0 | AG81: 0 | AH81: 0 | AI81: 0 | AJ81: 0 | AK81: 0 | AL81: 0 | AM81: 0 | AN81: 1 | AO81: 0 | AP81: 0 | AQ81: 0 | AR81: 0 | AS81: 0 | AT81: 0 | AU81: 0 | AV81: 0 | AW81: 0 | AX81: 0 | AY81: 0 | AZ81: 0 | BA81: 0 | BB81: 0 | BC81: 0 | BD81: 0 | BE81: 0 | BF81: 0 | BG81: 0 | BH81: 0 | BI81: 0 | BJ81: 0 | BK81: 0 | BL81: 0 | BM81: 0 | BN81: 0 | BO81: 0 | BP81: 0 | BQ81: 1 | BR81: 0 | BS81: 0 | BT81: 0 | BU81: 0 | BV81: 0 | BW81: 0 | BX81: 0 | BY81: 0 | BZ81: 0 | CA81: 0 | CB81: 0 | CC81: 0 | CD81: 0 | CE81: 0 | CF81: 0 | CG81: 0 | CH81: 0 | CI81: 0 | CJ81: 0 | CK81: 0 | CL81: 0 | CM81: 0 | CN81: 0 | CO81: 0 | CP81: Very light sprinkle--sunny, but rained a bit
A82: 81 | B82: 45502 | C82: Jul | D82: 2C | E82: E. Braatz | F82: Pinky Winky | G82: Hydrangea paniculata | H82: 14022 | I82: Half-open | J82: 4 | K82: Mop-like panicle | L82: 7 | M82: NA | N82: 47.1 | O82: 5.546647 | P82: 38.826529 | Q82: 0 | R82: 1828.7295 | S82: 1828.7295 | T82: 0.70069444 | U82: 0.70416667 | V82: 0 | W82: 1 | X82: 30 | Y82: 80 | Z82: 4 | AA82: 0 | AB82: 0 | AC82: 0 | AD82: 0 | AE82: 0 | AF82: 0 | AG82: 0 | AH82: 0 | AI82: 0 | AJ82: 0 | AK82: 0 | AL82: 0 | AM82: 0 | AN82: 0 | AO82: 0 | AP82: 0 | AQ82: 0 | AR82: 0 | AS82: 0 | AT82: 0 | AU82: 0 | AV82: 0 | AW82: 0 | AX82: 0 | AY82: 0 | AZ82: 0 | BA82: 0 | BB82: 1 | BC82: 0 | BD82: 0 | BE82: 0 | BF82: 1 | BG82: 0 | BH82: 0 | BI82: 0 | BJ82: 0 | BK82: 0 | BL82: 0 | BM82: 0 | BN82: 0 | BO82: 0 | BP82: 0 | BQ82: 1 | BR82: 0 | BS82: 0 | BT82: 1 | BU82: 0 | BV82: 0 | BW82: 0 | BX82: 0 | BY82: 0 | BZ82: 0 | CA82: 0 | CB82: 0 | CC82: 0 | CD82: 0 | CE82: 0 | CF82: 0 | CG82: 0 | CH82: 0 | CI82: 0 | CJ82: 0 | CK82: 0 | CL82: 0 | CM82: 0 | CN82: 0 | CO82: 0
A83: 82 | B83: 45502 | C83: Jul | D83: 2C | E83: E. Braatz | F83: Pinky Winky | G83: Hydrangea paniculata | H83: 14022 | I83: Half-open | J83: 4 | K83: Mop-like panicle | L83: 7 | M83: NA | N83: 47.1 | O83: 5.546647 | P83: 38.826529 | Q83: 0 | R83: 1828.7295 | S83: 1828.7295 | T83: 0.70069444 | U83: 0.70416667 | V83: 0 | W83: 1 | X83: 30 | Y83: 80 | Z83: 5 | AA83: 0 | AB83: 0 | AC83: 0 | AD83: 0 | AE83: 0 | AF83: 0 | AG83: 0 | AH83: 0 | AI83: 0 | AJ83: 0 | AK83: 0 | AL83: 0 | AM83: 0 | AN83: 0 | AO83: 0 | AP83: 0 | AQ83: 0 | AR83: 0 | AS83: 1 | AT83: 0 | AU83: 0 | AV83: 0 | AW83: 0 | AX83: 0 | AY83: 0 | AZ83: 0 | BA83: 0 | BB83: 0 | BC83: 0 | BD83: 0 | BE83: 0 | BF83: 1 | BG83: 0 | BH83: 0 | BI83: 0 | BJ83: 0 | BK83: 0 | BL83: 0 | BM83: 0 | BN83: 0 | BO83: 0 | BP83: 1 | BQ83: 1 | BR83: 0 | BS83: 0 | BT83: 1 | BU83: 0 | BV83: 0 | BW83: 0 | BX83: 0 | BY83: 0 | BZ83: 0 | CA83: 0 | CB83: 0 | CC83: 0 | CD83: 0 | CE83: 0 | CF83: 0 | CG83: 0 | CH83: 0 | CI83: 0 | CJ83: 0 | CK83: 0 | CL83: 0 | CM83: 0 | CN83: 0 | CO83: 0
A84: 83 | B84: 45502 | C84: Jul | D84: 3E | E84: E. Braatz | F84: Bounty | G84: Hydrangea arborescens | H84: 12019 | I84: Half-open | J84: 4 | K84: Mop | L84: 0.66666667 | M84: NA | N84: 528.4 | O84: 17.0973 | P84: 11.3982 | Q84: 0 | R84: 6022.8089 | S84: 6022.8089 | T84: 0.72361111 | U84: 0.72638889 | V84: 0 | W84: 1 | X84: 25 | Y84: 81 | Z84: 3 | AA84: 0 | AB84: 0 | AC84: 0 | AD84: 0 | AE84: 0 | AF84: 0 | AG84: 0 | AH84: 0 | AI84: 0 | AJ84: 0 | AK84: 0 | AL84: 0 | AM84: 0 | AN84: 1 | AO84: 0 | AP84: 0 | AQ84: 0 | AR84: 0 | AS84: 0 | AT84: 0 | AU84: 0 | AV84: 0 | AW84: 0 | AX84: 0 | AY84: 0 | AZ84: 0 | BA84: 0 | BB84: 0 | BC84: 0 | BD84: 0 | BE84: 0 | BF84: 0 | BG84: 0 | BH84: 0 | BI84: 0 | BJ84: 0 | BK84: 0 | BL84: 0 | BM84: 0 | BN84: 0 | BO84: 0 | BP84: 0 | BQ84: 1 | BR84: 0 | BS84: 0 | BT84: 1 | BU84: 0 | BV84: 0 | BW84: 0 | BX84: 0 | BY84: 0 | BZ84: 0 | CA84: 0 | CB84: 0 | CC84: 0 | CD84: 0 | CE84: 0 | CF84: 0 | CG84: 0 | CH84: 0 | CI84: 0 | CJ84: 0 | CK84: 0 | CL84: 0 | CM84: 0 | CN84: 0 | CO84: 0
A85: 84 | B85: 45502 | C85: Jul | D85: 4C | E85: E. Braatz | F85: Little Lamb | G85: Hydrangea paniculata | H85: 4054 | I85: Very dense | J85: 4 | K85: Mop-like panicle | L85: 12 | M85: NA | N85: 50 | O85: 9.7279031 | P85: 116.73484 | Q85: 0 | R85: 5836.7419 | S85: 5836.7419 | T85: 0.68958333 | U85: 0.69305556 | V85: 0 | W85: 1 | X85: 30 | Y85: 80 | Z85: 7 | AA85: 0 | AB85: 0 | AC85: 0 | AD85: 0 | AE85: 0 | AF85: 0 | AG85: 0 | AH85: 0 | AI85: 0 | AJ85: 0 | AK85: 0 | AL85: 0 | AM85: 0 | AN85: 0 | AO85: 1 | AP85: 0 | AQ85: 0 | AR85: 0 | AS85: 1 | AT85: 1 | AU85: 0 | AV85: 0 | AW85: 0 | AX85: 0 | AY85: 0 | AZ85: 0 | BA85: 0 | BB85: 0 | BC85: 0 | BD85: 0 | BE85: 0 | BF85: 1 | BG85: 0 | BH85: 0 | BI85: 0 | BJ85: 0 | BK85: 0 | BL85: 0 | BM85: 0 | BN85: 0 | BO85: 0 | BP85: 0 | BQ85: 1 | BR85: 0 | BS85: 0 | BT85: 0 | BU85: 0 | BV85: 0 | BW85: 0 | BX85: 0 | BY85: 0 | BZ85: 0 | CA85: 0 | CB85: 0 | CC85: 0 | CD85: 0 | CE85: 1 | CF85: 0 | CG85: 1 | CH85: 0 | CI85: 0 | CJ85: 0 | CK85: 0 | CL85: 0 | CM85: 0 | CN85: 0 | CO85: 0
A86: 85 | B86: 45502 | C86: Jul | D86: 5E | E86: E. Braatz | F86: Annabelle | G86: Hydrangea arborescens | H86: 65169 | I86: Dense | J86: 4 | K86: Mop | M86: 3 | N86: 478.5 | O86: 36.1728 | P86: 0 | Q86: 1435.5 | R86: 0 | S86: 1435.5 | T86: 0.73333333 | U86: 0.73680556 | V86: 0 | W86: 1 | X86: 25 | Y86: 81 | Z86: 2 | AA86: 0 | AB86: 0 | AC86: 0 | AD86: 0 | AE86: 0 | AF86: 0 | AG86: 0 | AH86: 0 | AI86: 0 | AJ86: 1 | AK86: 0 | AL86: 0 | AM86: 0 | AN86: 1 | AO86: 0 | AP86: 0 | AQ86: 0 | AR86: 0 | AS86: 0 | AT86: 0 | AU86: 0 | AV86: 0 | AW86: 0 | AX86: 0 | AY86: 0 | AZ86: 0 | BA86: 0 | BB86: 0 | BC86: 0 | BD86: 0 | BE86: 0 | BF86: 0 | BG86: 0 | BH86: 0 | BI86: 0 | BJ86: 0 | BK86: 0 | BL86: 0 | BM86: 0 | BN86: 0 | BO86: 0 | BP86: 0 | BQ86: 0 | BR86: 0 | BS86: 0 | BT86: 0 | BU86: 0 | BV86: 0 | BW86: 0 | BX86: 0 | BY86: 0 | BZ86: 0 | CA86: 0 | CB86: 0 | CC86: 0 | CD86: 0 | CE86: 0 | CF86: 0 | CG86: 0 | CH86: 0 | CI86: 0 | CJ86: 0 | CK86: 0 | CL86: 0 | CM86: 0 | CN86: 0 | CO86: 0
A87: 86 | B87: 45502 | C87: Jul | D87: 8C | E87: E. Braatz | F87: Strawberry Shake | G87: Hydrangea paniculata | H87: 18031A | I87: Very dense | J87: 4 | K87: Mop-like panicle | L87: 8.6666667 | M87: NA | N87: 27.1 | O87: 5.2508798 | P87: 45.507625 | Q87: 0 | R87: 1233.2566 | S87: 1233.2566 | T87: 0.64444444 | U87: 0.64791667 | V87: 0 | W87: 1 | X87: 30 | Y87: 80 | Z87: 2 | AA87: 0 | AB87: 0 | AC87: 0 | AD87: 0 | AE87: 0 | AF87: 0 | AG87: 0 | AH87: 0 | AI87: 0 | AJ87: 0 | AK87: 0 | AL87: 0 | AM87: 0 | AN87: 1 | AO87: 0 | AP87: 0 | AQ87: 1 | AR87: 0 | AS87: 0 | AT87: 0 | AU87: 0 | AV87: 0 | AW87: 0 | AX87: 0 | AY87: 0 | AZ87: 0 | BA87: 0 | BB87: 0 | BC87: 0 | BD87: 0 | BE87: 0 | BF87: 0 | BG87: 0 | BH87: 0 | BI87: 0 | BJ87: 0 | BK87: 0 | BL87: 0 | BM87: 0 | BN87: 0 | BO87: 0 | BP87: 0 | BQ87: 0 | BR87: 0 | BS87: 0 | BT87: 0 | BU87: 0 | BV87: 0 | BW87: 0 | BX87: 0 | BY87: 0 | BZ87: 0 | CA87: 0 | CB87: 0 | CC87: 0 | CD87: 0 | CE87: 0 | CF87: 0 | CG87: 0 | CH87: 0 | CI87: 0 | CJ87: 0 | CK87: 0 | CL87: 0 | CM87: 0 | CN87: 0 | CO87: 0 | CP87: 2 Agapostemon
A88: 87 | B88: 45502 | C88: Jul | D88: 9C | E88: E. Braatz | F88: Pillow Talk | G88: Hydrangea paniculata | H88: 14021 | I88: Very dense | J88: 4 | K88: Mop-like panicle | L88: 3.3333333 | M88: NA | N88: 120.2 | O88: 6.4825677 | P88: 21.608559 | Q88: 0 | R88: 2597.3488 | S88: 2597.3488 | T88: 0.65277778 | U88: 0.65625 | V88: 0 | W88: 1 | X88: 30 | Y88: 80 | Z88: 3 | AA88: 0 | AB88: 0 | AC88: 0 | AD88: 0 | AE88: 0 | AF88: 0 | AG88: 0 | AH88: 0 | AI88: 0 | AJ88: 0 | AK88: 0 | AL88: 0 | AM88: 0 | AN88: 1 | AO88: 0 | AP88: 0 | AQ88: 0 | AR88: 0 | AS88: 1 | AT88: 1 | AU88: 0 | AV88: 0 | AW88: 0 | AX88: 0 | AY88: 0 | AZ88: 0 | BA88: 0 | BB88: 0 | BC88: 0 | BD88: 0 | BE88: 0 | BF88: 0 | BG88: 0 | BH88: 0 | BI88: 0 | BJ88: 0 | BK88: 0 | BL88: 0 | BM88: 0 | BN88: 0 | BO88: 0 | BP88: 0 | BQ88: 0 | BR88: 0 | BS88: 0 | BT88: 0 | BU88: 0 | BV88: 0 | BW88: 0 | BX88: 0 | BY88: 0 | BZ88: 0 | CA88: 0 | CB88: 0 | CC88: 0 | CD88: 0 | CE88: 0 | CF88: 0 | CG88: 0 | CH88: 0 | CI88: 0 | CJ88: 0 | CK88: 0 | CL88: 0 | CM88: 0 | CN88: 0 | CO88: 0
A89: 88 | B89: 45476 | C89: Jul | D89: 11F | E89: E. Braatz | F89: Invincibelle | G89: Hydrangea arborescens | H89: 16026 | I89: Very dense | J89: 4 | K89: Mop | M89: 82 | N89: 119 | O89: 2.1432989 | P89: 0 | Q89: 9758 | R89: 0 | S89: 9758 | T89: 0.66736111 | U89: 0.67291667 | V89: 0 | W89: 2 | X89: 10 | Y89: 85 | Z89: 4 | AA89: 0 | AB89: 0 | AC89: 0 | AD89: 0 | AE89: 0 | AF89: 0 | AG89: 0 | AH89: 0 | AI89: 0 | AJ89: 0 | AK89: 0 | AL89: 0 | AM89: 1 | AN89: 1 | AO89: 0 | AP89: 0 | AQ89: 0 | AR89: 0 | AS89: 1 | AT89: 0 | AU89: 0 | AV89: 0 | AW89: 0 | AX89: 0 | AY89: 0 | AZ89: 0 | BA89: 0 | BB89: 0 | BC89: 0 | BD89: 0 | BE89: 0 | BF89: 0 | BG89: 0 | BH89: 0 | BI89: 0 | BJ89: 0 | BK89: 0 | BL89: 0 | BM89: 0 | BN89: 0 | BO89: 0 | BP89: 0 | BQ89: 1 | BR89: 0 | BS89: 0 | BT89: 0 | BU89: 0 | BV89: 0 | BW89: 0 | BX89: 0 | BY89: 0 | BZ89: 0 | CA89: 0 | CB89: 0 | CC89: 0 | CD89: 0 | CE89: 0 | CF89: 0 | CG89: 0 | CH89: 0 | CI89: 0 | CJ89: 0 | CK89: 0 | CL89: 0 | CM89: 0 | CN89: 0 | CO89: 0 | CP89: 7/3 to 7/17 are missing a lot of pannicle data because I forgot
A90: 89 | B90: 45476 | C90: Jul | D90: 2F | E90: E. Braatz | F90: Silver Leaf | G90: Hydrangea arborescens | H90: Unknown | I90: Open | J90: 4 | K90: Lacy | M90: 52 | N90: 390.5 | O90: 3.6464443 | P90: 0 | Q90: 20306 | R90: 0 | S90: 20306 | T90: 0.65486111 | U90: 0.66041667 | V90: 0 | W90: 2 | X90: 10 | Y90: 85 | Z90: 12 | AA90: 1 | AB90: 0 | AC90: 0 | AD90: 0 | AE90: 0 | AF90: 1 | AG90: 0 | AH90: 0 | AI90: 0 | AJ90: 0 | AK90: 0 | AL90: 0 | AM90: 0 | AN90: 1 | AO90: 0 | AP90: 0 | AQ90: 1 | AR90: 0 | AS90: 1 | AT90: 0 | AU90: 0 | AV90: 0 | AW90: 0 | AX90: 0 | AY90: 0 | AZ90: 0 | BA90: 0 | BB90: 0 | BC90: 0 | BD90: 0 | BE90: 0 | BF90: 0 | BG90: 0 | BH90: 0 | BI90: 0 | BJ90: 0 | BK90: 1 | BL90: 0 | BM90: 0 | BN90: 1 | BO90: 0 | BP90: 1 | BQ90: 1 | BR90: 1 | BS90: 0 | BT90: 0 | BU90: 0 | BV90: 1 | BW90: 0 | BX90: 0 | BY90: 0 | BZ90: 0 | CA90: 1 | CB90: 0 | CC90: 0 | CD90: 0 | CE90: 1 | CF90: 0 | CG90: 0 | CH90: 0 | CI90: 0 | CJ90: 0 | CK90: 0 | CL90: 0 | CM90: 0 | CN90: 0 | CO90: 0
A91: 90 | B91: 45503 | C91: Jul | D91: 11E | E91: E. Braatz | F91: Seaside Serenade Bar | G91: Hydrangea arborescens | H91: 19008B | I91: Dense | J91: 4 | K91: Mop | L91: 0.66666667 | M91: NA | N91: 388.8 | O91: 8.3053 | P91: 5.5368667 | Q91: 0 | R91: 2152.7338 | S91: 2152.7338 | T91: 0.70347222 | U91: 0.70694444 | V91: 0 | W91: 2 | X91: 80 | Y91: 87 | Z91: 1 | AA91: 0 | AB91: 0 | AC91: 0 | AD91: 0 | AE91: 0 | AF91: 0 | AG91: 0 | AH91: 0 | AI91: 0 | AJ91: 0 | AK91: 0 | AL91: 0 | AM91: 0 | AN91: 0 | AO91: 0 | AP91: 0 | AQ91: 0 | AR91: 0 | AS91: 0 | AT91: 1 | AU91: 0 | AV91: 0 | AW91: 0 | AX91: 0 | AY91: 0 | AZ91: 0 | BA91: 0 | BB91: 0 | BC91: 0 | BD91: 0 | BE91: 0 | BF91: 0 | BG91: 0 | BH91: 0 | BI91: 0 | BJ91: 0 | BK91: 0 | BL91: 0 | BM91: 0 | BN91: 0 | BO91: 0 | BP91: 0 | BQ91: 0 | BR91: 0 | BS91: 0 | BT91: 0 | BU91: 0 | BV91: 0 | BW91: 0 | BX91: 0 | BY91: 0 | BZ91: 0 | CA91: 0 | CB91: 0 | CC91: 0 | CD91: 0 | CE91: 0 | CF91: 0 | CG91: 0 | CH91: 0 | CI91: 0 | CJ91: 0 | CK91: 0 | CL91: 0 | CM91: 0 | CN91: 0 | CO91: 0
A92: 91 | B92: 45503 | C92: Jul | D92: 2A | E92: E. Braatz | F92: Baby Lace | G92: Hydrangea paniculata | H92: 16012 | I92: Open | J92: 4 | K92: Lacy panicle | L92: 2.6666667 | M92: NA | N92: NA | O92: #VALUE! | P92: #VALUE! | Q92: #VALUE! | R92: #VALUE! | S92: NA | T92: 0.73819444 | U92: 0.74166667 | V92: 0 | W92: 2 | X92: 80 | Y92: 87 | Z92: 2 | AA92: 0 | AB92: 0 | AC92: 0 | AD92: 0 | AE92: 0 | AF92: 0 | AG92: 0 | AH92: 0 | AI92: 0 | AJ92: 0 | AK92: 0 | AL92: 0 | AM92: 0 | AN92: 1 | AO92: 0 | AP92: 0 | AQ92: 0 | AR92: 0 | AS92: 0 | AT92: 1 | AU92: 0 | AV92: 0 | AW92: 0 | AX92: 0 | AY92: 0 | AZ92: 0 | BA92: 0 | BB92: 0 | BC92: 0 | BD92: 0 | BE92: 0 | BF92: 0 | BG92: 0 | BH92: 0 | BI92: 0 | BJ92: 0 | BK92: 0 | BL92: 0 | BM92: 0 | BN92: 0 | BO92: 0 | BP92: 0 | BQ92: 0 | BR92: 0 | BS92: 0 | BT92: 0 | BU92: 0 | BV92: 0 | BW92: 0 | BX92: 0 | BY92: 0 | BZ92: 0 | CA92: 0 | CB92: 0 | CC92: 0 | CD92: 0 | CE92: 0 | CF92: 0 | CG92: 0 | CH92: 0 | CI92: 0 | CJ92: 0 | CK92: 0 | CL92: 0 | CM92: 0 | CN92: 0 | CO92: 0
A93: 92 | B93: 45503 | C93: Jul | D93: 6A | E93: E. Braatz | F93: Honey Comb | G93: Hydrangea paniculata | H93: 11031 | I93: Open | J93: 4 | K93: Lacy panicle | L93: 5.6666667 | M93: NA | N93: 189.5 | O93: 15.0877 | P93: 85.496967 | Q93: 0 | R93: 16201.675 | S93: 16201.675 | T93: 0.72152778 | U93: 0.725 | V93: 0 | W93: 2 | X93: 80 | Y93: 87 | Z93: 5 | AA93: 0 | AB93: 0 | AC93: 0 | AD93: 0 | AE93: 0 | AF93: 0 | AG93: 0 | AH93: 0 | AI93: 0 | AJ93: 0 | AK93: 0 | AL93: 0 | AM93: 0 | AN93: 0 | AO93: 0 | AP93: 0 | AQ93: 0 | AR93: 0 | AS93: 0 | AT93: 1 | AU93: 0 | AV93: 0 | AW93: 0 | AX93: 0 | AY93: 0 | AZ93: 0 | BA93: 0 | BB93: 0 | BC93: 0 | BD93: 0 | BE93: 0 | BF93: 1 | BG93: 0 | BH93: 0 | BI93: 0 | BJ93: 0 | BK93: 0 | BL93: 0 | BM93: 0 | BN93: 0 | BO93: 0 | BP93: 1 | BQ93: 0 | BR93: 0 | BS93: 0 | BT93: 1 | BU93: 0 | BV93: 0 | BW93: 0 | BX93: 0 | BY93: 0 | BZ93: 0 | CA93: 0 | CB93: 0 | CC93: 0 | CD93: 0 | CE93: 0 | CF93: 0 | CG93: 1 | CH93: 0 | CI93: 0 | CJ93: 0 | CK93: 0 | CL93: 0 | CM93: 0 | CN93: 0 | CO93: 0
A94: 93 | B94: 45503 | C94: Jul | D94: 8A | E94: E. Braatz | F94: Mega Pearl | G94: Hydrangea paniculata | H94: 1128 | I94: Dense | J94: 4 | K94: Mop-like panicle | L94: 11.333333 | M94: NA | N94: 36.1 | O94: 8.3053 | P94: 94.126733 | Q94: 0 | R94: 3397.9751 | S94: 3397.9751 | T94: 0.71319444 | U94: 0.71666667 | V94: 0 | W94: 2 | X94: 80 | Y94: 87 | Z94: 5 | AA94: 0 | AB94: 0 | AC94: 0 | AD94: 0 | AE94: 0 | AF94: 0 | AG94: 0 | AH94: 0 | AI94: 0 | AJ94: 0 | AK94: 0 | AL94: 0 | AM94: 0 | AN94: 1 | AO94: 0 | AP94: 0 | AQ94: 0 | AR94: 0 | AS94: 0 | AT94: 0 | AU94: 0 | AV94: 0 | AW94: 0 | AX94: 0 | AY94: 0 | AZ94: 0 | BA94: 0 | BB94: 0 | BC94: 0 | BD94: 0 | BE94: 0 | BF94: 0 | BG94: 0 | BH94: 0 | BI94: 0 | BJ94: 0 | BK94: 0 | BL94: 0 | BM94: 0 | BN94: 0 | BO94: 0 | BP94: 0 | BQ94: 1 | BR94: 1 | BS94: 0 | BT94: 0 | BU94: 0 | BV94: 0 | BW94: 0 | BX94: 0 | BY94: 0 | BZ94: 0 | CA94: 0 | CB94: 0 | CC94: 1 | CD94: 0 | CE94: 0 | CF94: 0 | CG94: 1 | CH94: 0 | CI94: 0 | CJ94: 0 | CK94: 0 | CL94: 0 | CM94: 0 | CN94: 0 | CO94: 0
A95: 94 | B95: 45504 | C95: Jul | D95: 12A | E95: E. Braatz | F95: Candy Apple | G95: Hydrangea paniculata | H95: 20012 | I95: Dense | J95: 4 | K95: Mop-like panicle | L95: 8 | M95: NA | N95: #N/A | O95: #N/A | P95: #N/A | Q95: #N/A | R95: #N/A | S95: NA | T95: 0.74027778 | U95: 0.74375 | V95: 0 | W95: 2 | X95: 10 | Y95: 91 | Z95: 3 | AA95: 0 | AB95: 0 | AC95: 0 | AD95: 0 | AE95: 0 | AF95: 1 | AG95: 0 | AH95: 0 | AI95: 0 | AJ95: 0 | AK95: 0 | AL95: 0 | AM95: 0 | AN95: 0 | AO95: 0 | AP95: 0 | AQ95: 0 | AR95: 0 | AS95: 0 | AT95: 0 | AU95: 0 | AV95: 0 | AW95: 0 | AX95: 0 | AY95: 0 | AZ95: 0 | BA95: 0 | BB95: 0 | BC95: 0 | BD95: 0 | BE95: 0 | BF95: 0 | BG95: 0 | BH95: 0 | BI95: 0 | BJ95: 0 | BK95: 0 | BL95: 0 | BM95: 0 | BN95: 0 | BO95: 0 | BP95: 1 | BQ95: 1 | BR95: 0 | BS95: 0 | BT95: 0 | BU95: 0 | BV95: 0 | BW95: 0 | BX95: 0 | BY95: 0 | BZ95: 0 | CA95: 0 | CB95: 0 | CC95: 0 | CD95: 0 | CE95: 0 | CF95: 0 | CG95: 0 | CH95: 0 | CI95: 0 | CJ95: 0 | CK95: 0 | CL95: 0 | CM95: 0 | CN95: 0 | CO95: 0
A96: 95 | B96: 45481 | C96: Jul | D96: 11A | E96: E. Braatz | F96: Dharuma | G96: Hydrangea paniculata | H96: 5026 | I96: Open | J96: 4 | K96: Lacy panicle | M96: NA | N96: NA | O96: #VALUE! | T96: NA | U96: NA | V96: NA | W96: NA | X96: NA | Y96: NA | Z96: 10 | AA96: 0 | AB96: 0 | AC96: 0 | AD96: 0 | AE96: 0 | AF96: 0 | AG96: 0 | AH96: 1 | AI96: 0 | AJ96: 1 | AK96: 0 | AL96: 0 | AM96: 0 | AN96: 1 | AO96: 0 | AP96: 0 | AQ96: 1 | AR96: 0 | AS96: 1 | AT96: 0 | AU96: 0 | AV96: 0 | AW96: 0 | AX96: 0 | AY96: 0 | AZ96: 0 | BA96: 0 | BB96: 1 | BC96: 0 | BD96: 0 | BE96: 0 | BF96: 0 | BG96: 0 | BH96: 0 | BI96: 0 | BJ96: 0 | BK96: 0 | BL96: 0 | BM96: 0 | BN96: 0 | BO96: 1 | BP96: 1 | BQ96: 1 | BR96: 0 | BS96: 0 | BT96: 0 | BU96: 0 | BV96: 0 | BW96: 0 | BX96: 0 | BY96: 0 | BZ96: 0 | CA96: 0 | CB96: 0 | CC96: 0 | CD96: 0 | CE96: 1 | CF96: 0 | CG96: 0 | CH96: 0 | CI96: 0 | CJ96: 0 | CK96: 0 | CL96: 0 | CM96: 0 | CN96: 0 | CO96: 0
A97: 96 | B97: 45481 | C97: Jul | D97: 16C | E97: E. Braatz | F97: Quick Fire | G97: Hydrangea paniculata | H97: 14001 | I97: Open | J97: 4 | K97: Lacy panicle | M97: NA | N97: 25.9 | O97: 8.2044997 | Q97: NA | R97: NA | S97: NA | T97: 0.66111111 | U97: 0.66666667 | V97: 0 | W97: 1 | X97: 10 | Y97: 80 | Z97: 7 | AA97: 0 | AB97: 0 | AC97: 0 | AD97: 0 | AE97: 0 | AF97: 0 | AG97: 0 | AH97: 1 | AI97: 0 | AJ97: 1 | AK97: 0 | AL97: 0 | AM97: 0 | AN97: 0 | AO97: 0 | AP97: 0 | AQ97: 1 | AR97: 0 | AS97: 1 | AT97: 1 | AU97: 0 | AV97: 0 | AW97: 0 | AX97: 0 | AY97: 0 | AZ97: 0 | BA97: 0 | BB97: 0 | BC97: 0 | BD97: 0 | BE97: 0 | BF97: 0 | BG97: 0 | BH97: 0 | BI97: 0 | BJ97: 0 | BK97: 0 | BL97: 0 | BM97: 0 | BN97: 0 | BO97: 0 | BP97: 0 | BQ97: 1 | BR97: 0 | BS97: 0 | BT97: 0 | BU97: 0 | BV97: 0 | BW97: 0 | BX97: 0 | BY97: 0 | BZ97: 0 | CA97: 0 | CB97: 0 | CC97: 0 | CD97: 0 | CE97: 1 | CF97: 0 | CG97: 0 | CH97: 0 | CI97: 0 | CJ97: 0 | CK97: 0 | CL97: 0 | CM97: 0 | CN97: 0 | CO97: 0
A98: 97 | B98: 45481 | C98: Jul | D98: 5B | E98: E. Braatz | F98: Dharuma | G98: Hydrangea paniculata | H98: 5026 | I98: Open | J98: 4 | K98: Lacy panicle | M98: 318 | N98: 5.5 | O98: 0.906832 | P98: 0 | Q98: 1749 | R98: 0 | S98: 1749 | T98: 0.13888889 | U98: 0.14444444 | V98: 0 | W98: 1 | X98: 25 | Y98: 80 | Z98: 8 | AA98: 0 | AB98: 0 | AC98: 0 | AD98: 0 | AE98: 0 | AF98: 1 | AG98: 0 | AH98: 0 | AI98: 0 | AJ98: 1 | AK98: 0 | AL98: 0 | AM98: 0 | AN98: 1 | AO98: 0 | AP98: 0 | AQ98: 0 | AR98: 0 | AS98: 0 | AT98: 1 | AU98: 0 | AV98: 0 | AW98: 0 | AX98: 0 | AY98: 0 | AZ98: 0 | BA98: 0 | BB98: 0 | BC98: 0 | BD98: 0 | BE98: 0 | BF98: 0 | BG98: 0 | BH98: 0 | BI98: 0 | BJ98: 0 | BK98: 0 | BL98: 0 | BM98: 0 | BN98: 0 | BO98: 1 | BP98: 1 | BQ98: 1 | BR98: 0 | BS98: 0 | BT98: 0 | BU98: 0 | BV98: 0 | BW98: 0 | BX98: 0 | BY98: 0 | BZ98: 0 | CA98: 0 | CB98: 0 | CC98: 0 | CD98: 0 | CE98: 1 | CF98: 0 | CG98: 0 | CH98: 0 | CI98: 0 | CJ98: 0 | CK98: 0 | CL98: 0 | CM98: 0 | CN98: 0 | CO98: 0
A99: 98 | B99: 45505 | C99: Aug | D99: 10A | E99: E. Braatz | F99: Pinky Winky | G99: Hydrangea paniculata | H99: 7045 | I99: Half-open | J99: 4 | K99: Lacy panicle | L99: 18 | M99: NA | N99: 79 | O99: 1.446912 | P99: 26.044416 | Q99: 0 | R99: 2057.5089 | S99: 2057.5089 | T99: 0.44583333 | U99: 0.44930556 | V99: 0 | W99: 2 | X99: 100 | Y99: 81 | Z99: 7 | AA99: 0 | AB99: 0 | AC99: 0 | AD99: 0 | AE99: 0 | AF99: 0 | AG99: 0 | AH99: 0 | AI99: 0 | AJ99: 0 | AK99: 0 | AL99: 0 | AM99: 0 | AN99: 0 | AO99: 0 | AP99: 0 | AQ99: 0 | AR99: 0 | AS99: 1 | AT99: 0 | AU99: 0 | AV99: 0 | AW99: 0 | AX99: 0 | AY99: 0 | AZ99: 0 | BA99: 0 | BB99: 0 | BC99: 0 | BD99: 0 | BE99: 0 | BF99: 1 | BG99: 0 | BH99: 0 | BI99: 0 | BJ99: 0 | BK99: 0 | BL99: 0 | BM99: 0 | BN99: 1 | BO99: 1 | BP99: 0 | BQ99: 1 | BR99: 0 | BS99: 0 | BT99: 1 | BU99: 0 | BV99: 0 | BW99: 0 | BX99: 0 | BY99: 0 | BZ99: 0 | CA99: 0 | CB99: 0 | CC99: 0 | CD99: 0 | CE99: 0 | CF99: 0 | CG99: 1 | CH99: 0 | CI99: 0 | CJ99: 0 | CK99: 0 | CL99: 0 | CM99: 0 | CN99: 0 | CO99: 0
A100: 99 | B100: 45505 | C100: Aug | D100: 10B | E100: E. Braatz | F100: Pink Lady | G100: Hydrangea paniculata | H100: 1005 | I100: Dense | J100: 4 | K100: Mop-like panicle | L100: 7 | M100: NA | N100: 125.2 | O100: 3.820752 | P100: 26.745264 | Q100: 0 | R100: 3348.5071 | S100: 3348.5071 | T100: 0.56319444 | U100: 0.56666667 | V100: 0 | W100: 2 | X100: 90 | Y100: 79 | Z100: 4 | AA100: 0 | AB100: 0 | AC100: 0 | AD100: 0 | AE100: 0 | AF100: 0 | AG100: 0 | AH100: 0 | AI100: 0 | AJ100: 0 | AK100: 0 | AL100: 0 | AM100: 1 | AN100: 0 | AO100: 0 | AP100: 0 | AQ100: 0 | AR100: 0 | AS100: 0 | AT100: 0 | AU100: 0 | AV100: 0 | AW100: 0 | AX100: 0 | AY100: 0 | AZ100: 0 | BA100: 0 | BB100: 0 | BC100: 0 | BD100: 0 | BE100: 0 | BF100: 0 | BG100: 0 | BH100: 0 | BI100: 0 | BJ100: 0 | BK100: 0 | BL100: 0 | BM100: 0 | BN100: 1 | BO100: 0 | BP100: 0 | BQ100: 1 | BR100: 0 | BS100: 0 | BT100: 0 | BU100: 0 | BV100: 0 | BW100: 0 | BX100: 0 | BY100: 0 | BZ100: 0 | CA100: 0 | CB100: 0 | CC100: 0 | CD100: 0 | CE100: 0 | CF100: 0 | CG100: 1 | CH100: 0 | CI100: 0 | CJ100: 0 | CK100: 0 | CL100: 0 | CM100: 0 | CN100: 0 | CO100: 0
...

Sheet SpecAccum
A1: NumSurveys | B1: NewSpp | C1: CumulativeSpp | D1: InsectRichness | E1: Araneae | F1: Chauliognathus | G1: Cerambycidae | H1: Chrysomelidae | I1: Curculionidae | J1: Mordellidae | K1: Scarabaeoidea | L1: Diptera | M1: Bombyliidae | N1: Calliphoridae | O1: Conopidae | P1: Cecidomyiidae | Q1: Culicidae | R1: Dolichopodidae | S1: Drosophilidae | T1: Empididae | U1: Muscidae | V1: Oestroidea | W1: Syrphidae_total | X1: Unknown_Bristly_Flies | Y1: Tipulidae | Z1: Ulidiidae | AA1: Hemiptera | AB1: Aphididae | AC1: Cicadellidae | AD1: Miridae | AE1: Reduviidae | AF1: Hymenoptera | AG1: Xylocopa | AH1: Andrenidae | AI1: Protandrena | AJ1: Apis.mellifera | AK1: Melissodes | AL1: Cerceris | AM1: Astata | AN1: Chrysididae | AO1: Hylaeus | AP1: Halictidae | AQ1: Agapostemon | AR1: Augochlora | AS1: Green.Sweatbee | AT1: Halictus | AU1: Lasioglossum | AV1: Bombus affinis | AW1: Bombus auricomus | AX1: Bombus impatiens | AY1: Bombus bimaculatus | AZ1: Bombus griseocollis | BA1: Bombus vagans | BB1: Symmorphus | BC1: Eurytoma | BD1: Braconidae | BE1: Apocrita | BF1: Scolia | BG1: Sphecius speciosus | BH1: Sphex | BI1: Vespidae | BJ1: Dolichovespula.maculata | BK1: Dolichovespula | BL1: Lepidoptera | BM1: Hesperiidae | BN1: Celastrina ladon | BO1: Epargyreus clarus | BP1: Libythean carinenta | BQ1: Pieris rapae | BR1: Polygonia comma | BS1: Vanessa atalanta
A2: 1 | B2: 5 | C2: =SUM(B2) -> 5 | D2: 5 | E2: 0 | F2: 0 | G2: 0 | H2: 0 | I2: 0 | J2: 0 | K2: 0 | L2: 0 | M2: 0 | N2: 1 | O2: 0 | P2: 0 | Q2: 0 | R2: 0 | S2: 0 | T2: 0 | U2: 0 | V2: 0 | W2: 1 | X2: 0 | Y2: 0 | Z2: 0 | AA2: 0 | AB2: 0 | AC2: 0 | AD2: 0 | AE2: 0 | AF2: 0 | AG2: 0 | AH2: 0 | AI2: 0 | AJ2: 0 | AK2: 0 | AL2: 0 | AM2: 0 | AN2: 0 | AO2: 0 | AP2: 0 | AQ2: 0 | AR2: 0 | AS2: 0 | AT2: 1 | AU2: 1 | AV2: 0 | AW2: 0 | AX2: 0 | AY2: 0 | AZ2: 0 | BA2: 0 | BB2: 0 | BC2: 0 | BD2: 0 | BE2: 0 | BF2: 0 | BG2: 0 | BH2: 0 | BI2: 0 | BJ2: 0 | BK2: 0 | BL2: 0 | BM2: 0 | BN2: 0 | BO2: 0 | BP2: 0 | BQ2: 0 | BR2: 0 | BS2: 1
A3: 2 | B3: 0 | C3: =SUM($B$2:$B3) -> 5 | D3: 2 | E3: 0 | F3: 0 | G3: 0 | H3: 0 | I3: 0 | J3: 0 | K3: 0 | L3: 0 | M3: 0 | N3: 0 | O3: 0 | P3: 0 | Q3: 0 | R3: 0 | S3: 0 | T3: 0 | U3: 0 | V3: 0 | W3: 1 | X3: 0 | Y3: 0 | Z3: 0 | AA3: 0 | AB3: 0 | AC3: 0 | AD3: 0 | AE3: 0 | AF3: 0 | AG3: 0 | AH3: 0 | AI3: 0 | AJ3: 0 | AK3: 0 | AL3: 0 | AM3: 0 | AN3: 0 | AO3: 0 | AP3: 0 | AQ3: 0 | AR3: 0 | AS3: 0 | AT3: 0 | AU3: 1 | AV3: 0 | AW3: 0 | AX3: 0 | AY3: 0 | AZ3: 0 | BA3: 0 | BB3: 0 | BC3: 0 | BD3: 0 | BE3: 0 | BF3: 0 | BG3: 0 | BH3: 0 | BI3: 0 | BJ3: 0 | BK3: 0 | BL3: 0 | BM3: 0 | BN3: 0 | BO3: 0 | BP3: 0 | BQ3: 0 | BR3: 0 | BS3: 0
A4: 3 | B4: 3 | C4: =SUM($B$2:$B4) -> 8 | D4: 6 | E4: 0 | F4: 0 | G4: 0 | H4: 0 | I4: 0 | J4: 0 | K4: 0 | L4: 0 | M4: 0 | N4: 1 | O4: 0 | P4: 0 | Q4: 0 | R4: 1 | S4: 0 | T4: 0 | U4: 0 | V4: 0 | W4: 1 | X4: 1 | Y4: 0 | Z4: 0 | AA4: 0 | AB4: 0 | AC4: 0 | AD4: 0 | AE4: 0 | AF4: 0 | AG4: 0 | AH4: 0 | AI4: 0 | AJ4: 0 | AK4: 0 | AL4: 0 | AM4: 0 | AN4: 0 | AO4: 0 | AP4: 0 | AQ4: 0 | AR4: 0 | AS4: 0 | AT4: 0 | AU4: 1 | AV4: 0 | AW4: 0 | AX4: 0 | AY4: 0 | AZ4: 0 | BA4: 0 | BB4: 0 | BC4: 0 | BD4: 0 | BE4: 0 | BF4: 0 | BG4: 0 | BH4: 0 | BI4: 1 | BJ4: 0 | BK4: 0 | BL4: 0 | BM4: 0 | BN4: 0 | BO4: 0 | BP4: 0 | BQ4: 0 | BR4: 0 | BS4: 0
A5: 4 | B5: 1 | C5: =SUM($B$2:$B5) -> 9 | D5: 2 | E5: 0 | F5: 0 | G5: 0 | H5: 0 | I5: 0 | J5: 0 | K5: 0 | L5: 0 | M5: 0 | N5: 0 | O5: 0 | P5: 0 | Q5: 0 | R5: 0 | S5: 0 | T5: 0 | U5: 0 | V5: 0 | W5: 1 | X5: 0 | Y5: 0 | Z5: 0 | AA5: 0 | AB5: 0 | AC5: 0 | AD5: 0 | AE5: 0 | AF5: 0 | AG5: 0 | AH5: 0 | AI5: 0 | AJ5: 0 | AK5: 0 | AL5: 0 | AM5: 0 | AN5: 0 | AO5: 0 | AP5: 0 | AQ5: 0 | AR5: 0 | AS5: 0 | AT5: 0 | AU5: 0 | AV5: 0 | AW5: 0 | AX5: 0 | AY5: 0 | AZ5: 0 | BA5: 0 | BB5: 0 | BC5: 0 | BD5: 0 | BE5: 0 | BF5: 0 | BG5: 0 | BH5: 0 | BI5: 0 | BJ5: 0 | BK5: 0 | BL5: 0 | BM5: 0 | BN5: 0 | BO5: 1 | BP5: 0 | BQ5: 0 | BR5: 0 | BS5: 0
A6: 5 | B6: 2 | C6: =SUM($B$2:$B6) -> 11 | D6: 7 | E6: 0 | F6: 0 | G6: 0 | H6: 0 | I6: 0 | J6: 0 | K6: 0 | L6: 0 | M6: 1 | N6: 1 | O6: 0 | P6: 0 | Q6: 0 | R6: 0 | S6: 0 | T6: 0 | U6: 0 | V6: 0 | W6: 1 | X6: 1 | Y6: 0 | Z6: 0 | AA6: 0 | AB6: 0 | AC6: 0 | AD6: 0 | AE6: 0 | AF6: 0 | AG6: 0 | AH6: 0 | AI6: 0 | AJ6: 1 | AK6: 0 | AL6: 0 | AM6: 0 | AN6: 0 | AO6: 0 | AP6: 0 | AQ6: 0 | AR6: 0 | AS6: 0 | AT6: 1 | AU6: 1 | AV6: 0 | AW6: 0 | AX6: 0 | AY6: 0 | AZ6: 0 | BA6: 0 | BB6: 0 | BC6: 0 | BD6: 0 | BE6: 0 | BF6: 0 | BG6: 0 | BH6: 0 | BI6: 0 | BJ6: 0 | BK6: 0 | BL6: 0 | BM6: 0 | BN6: 0 | BO6: 0 | BP6: 0 | BQ6: 0 | BR6: 0 | BS6: 0
A7: 6 | B7: 0 | C7: =SUM($B$2:$B7) -> 11 | D7: 1 | E7: 0 | F7: 0 | G7: 0 | H7: 0 | I7: 0 | J7: 0 | K7: 0 | L7: 0 | M7: 0 | N7: 0 | O7: 0 | P7: 0 | Q7: 0 | R7: 0 | S7: 0 | T7: 0 | U7: 0 | V7: 0 | W7: 1 | X7: 0 | Y7: 0 | Z7: 0 | AA7: 0 | AB7: 0 | AC7: 0 | AD7: 0 | AE7: 0 | AF7: 0 | AG7: 0 | AH7: 0 | AI7: 0 | AJ7: 0 | AK7: 0 | AL7: 0 | AM7: 0 | AN7: 0 | AO7: 0 | AP7: 0 | AQ7: 0 | AR7: 0 | AS7: 0 | AT7: 0 | AU7: 0 | AV7: 0 | AW7: 0 | AX7: 0 | AY7: 0 | AZ7: 0 | BA7: 0 | BB7: 0 | BC7: 0 | BD7: 0 | BE7: 0 | BF7: 0 | BG7: 0 | BH7: 0 | BI7: 0 | BJ7: 0 | BK7: 0 | BL7: 0 | BM7: 0 | BN7: 0 | BO7: 0 | BP7: 0 | BQ7: 0 | BR7: 0 | BS7: 0
A8: 7 | B8: 1 | C8: =SUM($B$2:$B8) -> 12 | D8: 7 | E8: 0 | F8: 0 | G8: 0 | H8: 0 | I8: 0 | J8: 0 | K8: 0 | L8: 0 | M8: 0 | N8: 0 | O8: 0 | P8: 0 | Q8: 0 | R8: 0 | S8: 0 | T8: 0 | U8: 0 | V8: 0 | W8: 1 | X8: 1 | Y8: 0 | Z8: 0 | AA8: 0 | AB8: 0 | AC8: 0 | AD8: 0 | AE8: 0 | AF8: 0 | AG8: 0 | AH8: 0 | AI8: 0 | AJ8: 0 | AK8: 0 | AL8: 0 | AM8: 0 | AN8: 0 | AO8: 1 | AP8: 0 | AQ8: 0 | AR8: 0 | AS8: 0 | AT8: 1 | AU8: 1 | AV8: 0 | AW8: 0 | AX8: 0 | AY8: 0 | AZ8: 0 | BA8: 0 | BB8: 0 | BC8: 0 | BD8: 0 | BE8: 0 | BF8: 0 | BG8: 0 | BH8: 0 | BI8: 1 | BJ8: 0 | BK8: 0 | BL8: 0 | BM8: 0 | BN8: 0 | BO8: 0 | BP8: 0 | BQ8: 0 | BR8: 0 | BS8: 1
A9: 8 | B9: 3 | C9: =SUM($B$2:$B9) -> 15 | D9: 9 | E9: 0 | F9: 0 | G9: 0 | H9: 0 | I9: 0 | J9: 1 | K9: 0 | L9: 0 | M9: 0 | N9: 0 | O9: 1 | P9: 0 | Q9: 0 | R9: 1 | S9: 0 | T9: 0 | U9: 0 | V9: 0 | W9: 1 | X9: 0 | Y9: 0 | Z9: 0 | AA9: 0 | AB9: 0 | AC9: 0 | AD9: 1 | AE9: 0 | AF9: 0 | AG9: 0 | AH9: 0 | AI9: 0 | AJ9: 0 | AK9: 0 | AL9: 0 | AM9: 0 | AN9: 0 | AO9: 1 | AP9: 0 | AQ9: 0 | AR9: 0 | AS9: 0 | AT9: 1 | AU9: 1 | AV9: 0 | AW9: 0 | AX9: 0 | AY9: 0 | AZ9: 0 | BA9: 0 | BB9: 0 | BC9: 0 | BD9: 0 | BE9: 0 | BF9: 0 | BG9: 0 | BH9: 0 | BI9: 1 | BJ9: 0 | BK9: 0 | BL9: 0 | BM9: 0 | BN9: 0 | BO9: 0 | BP9: 0 | BQ9: 0 | BR9: 0 | BS9: 0
A10: 9 | B10: 0 | C10: =SUM($B$2:$B10) -> 15 | D10: 1 | E10: 0 | F10: 0 | G10: 0 | H10: 0 | I10: 0 | J10: 0 | K10: 0 | L10: 0 | M10: 0 | N10: 0 | O10: 0 | P10: 0 | Q10: 0 | R10: 0 | S10: 0 | T10: 0 | U10: 0 | V10: 0 | W10: 0 | X10: 0 | Y10: 0 | Z10: 0 | AA10: 0 | AB10: 0 | AC10: 0 | AD10: 0 | AE10: 0 | AF10: 0 | AG10: 0 | AH10: 0 | AI10: 0 | AJ10: 0 | AK10: 0 | AL10: 0 | AM10: 0 | AN10: 0 | AO10: 0 | AP10: 0 | AQ10: 0 | AR10: 0 | AS10: 0 | AT10: 0 | AU10: 1 | AV10: 0 | AW10: 0 | AX10: 0 | AY10: 0 | AZ10: 0 | BA10: 0 | BB10: 0 | BC10: 0 | BD10: 0 | BE10: 0 | BF10: 0 | BG10: 0 | BH10: 0 | BI10: 0 | BJ10: 0 | BK10: 0 | BL10: 0 | BM10: 0 | BN10: 0 | BO10: 0 | BP10: 0 | BQ10: 0 | BR10: 0 | BS10: 0
A11: 10 | B11: 0 | C11: =SUM($B$2:$B11) -> 15 | D11: 2 | E11: 0 | F11: 0 | G11: 0 | H11: 0 | I11: 0 | J11: 0 | K11: 0 | L11: 0 | M11: 0 | N11: 0 | O11: 0 | P11: 0 | Q11: 0 | R11: 0 | S11: 0 | T11: 0 | U11: 0 | V11: 0 | W11: 1 | X11: 0 | Y11: 0 | Z11: 0 | AA11: 0 | AB11: 0 | AC11: 0 | AD11: 0 | AE11: 0 | AF11: 0 | AG11: 0 | AH11: 0 | AI11: 0 | AJ11: 0 | AK11: 0 | AL11: 0 | AM11: 0 | AN11: 0 | AO11: 0 | AP11: 0 | AQ11: 0 | AR11: 0 | AS11: 0 | AT11: 0 | AU11: 1 | AV11: 0 | AW11: 0 | AX11: 0 | AY11: 0 | AZ11: 0 | BA11: 0 | BB11: 0 | BC11: 0 | BD11: 0 | BE11: 0 | BF11: 0 | BG11: 0 | BH11: 0 | BI11: 0 | BJ11: 0 | BK11: 0 | BL11: 0 | BM11: 0 | BN11: 0 | BO11: 0 | BP11: 0 | BQ11: 0 | BR11: 0 | BS11: 0
A12: 11 | B12: 0 | C12: =SUM($B$2:$B12) -> 15 | D12: 1 | E12: 0 | F12: 0 | G12: 0 | H12: 0 | I12: 0 | J12: 0 | K12: 0 | L12: 0 | M12: 0 | N12: 0 | O12: 0 | P12: 0 | Q12: 0 | R12: 0 | S12: 0 | T12: 0 | U12: 0 | V12: 0 | W12: 0 | X12: 1 | Y12: 0 | Z12: 0 | AA12: 0 | AB12: 0 | AC12: 0 | AD12: 0 | AE12: 0 | AF12: 0 | AG12: 0 | AH12: 0 | AI12: 0 | AJ12: 0 | AK12: 0 | AL12: 0 | AM12: 0 | AN12: 0 | AO12: 0 | AP12: 0 | AQ12: 0 | AR12: 0 | AS12: 0 | AT12: 0 | AU12: 0 | AV12: 0 | AW12: 0 | AX12: 0 | AY12: 0 | AZ12: 0 | BA12: 0 | BB12: 0 | BC12: 0 | BD12: 0 | BE12: 0 | BF12: 0 | BG12: 0 | BH12: 0 | BI12: 0 | BJ12: 0 | BK12: 0 | BL12: 0 | BM12: 0 | BN12: 0 | BO12: 0 | BP12: 0 | BQ12: 0 | BR12: 0 | BS12: 0
A13: 12 | B13: 1 | C13: =SUM($B$2:$B13) -> 16 | D13: 4 | E13: 0 | F13: 0 | G13: 0 | H13: 0 | I13: 0 | J13: 0 | K13: 0 | L13: 0 | M13: 0 | N13: 0 | O13: 0 | P13: 0 | Q13: 0 | R13: 0 | S13: 0 | T13: 0 | U13: 0 | V13: 0 | W13: 0 | X13: 1 | Y13: 0 | Z13: 0 | AA13: 0 | AB13: 0 | AC13: 0 | AD13: 0 | AE13: 0 | AF13: 0 | AG13: 0 | AH13: 0 | AI13: 0 | AJ13: 0 | AK13: 0 | AL13: 0 | AM13: 0 | AN13: 0 | AO13: 0 | AP13: 0 | AQ13: 0 | AR13: 0 | AS13: 0 | AT13: 1 | AU13: 1 | AV13: 0 | AW13: 0 | AX13: 0 | AY13: 0 | AZ13: 0 | BA13: 0 | BB13: 0 | BC13: 0 | BD13: 0 | BE13: 0 | BF13: 0 | BG13: 0 | BH13: 0 | BI13: 0 | BJ13: 0 | BK13: 1 | BL13: 0 | BM13: 0 | BN13: 0 | BO13: 0 | BP13: 0 | BQ13: 0 | BR13: 0 | BS13: 0
A14: 13 | B14: 1 | C14: =SUM($B$2:$B14) -> 17 | D14: 2 | E14: 0 | F14: 0 | G14: 0 | H14: 0 | I14: 0 | J14: 0 | K14: 0 | L14: 0 | M14: 0 | N14: 0 | O14: 0 | P14: 0 | Q14: 0 | R14: 0 | S14: 0 | T14: 0 | U14: 0 | V14: 0 | W14: 0 | X14: 0 | Y14: 0 | Z14: 0 | AA14: 0 | AB14: 0 | AC14: 0 | AD14: 0 | AE14: 0 | AF14: 0 | AG14: 0 | AH14: 0 | AI14: 0 | AJ14: 0 | AK14: 0 | AL14: 0 | AM14: 0 | AN14: 0 | AO14: 0 | AP14: 0 | AQ14: 0 | AR14: 0 | AS14: 0 | AT14: 0 | AU14: 1 | AV14: 0 | AW14: 0 | AX14: 1 | AY14: 0 | AZ14: 0 | BA14: 0 | BB14: 0 | BC14: 0 | BD14: 0 | BE14: 0 | BF14: 0 | BG14: 0 | BH14: 0 | BI14: 0 | BJ14: 0 | BK14: 0 | BL14: 0 | BM14: 0 | BN14: 0 | BO14: 0 | BP14: 0 | BQ14: 0 | BR14: 0 | BS14: 0
... A288: 287 | B288: 0 | C288: =SUM($B$2:$B288) -> 61 | D288: 1 | E288: 0 | F288: 0 | G288: 0 | H288: 0 | I288: 0 | J288: 0 | K288: 0 | L288: 0 | M288: 0 | N288: 0 | O288: 0 | P288: 0 | Q288: 0 | R288: 0 | S288: 0 | T288: 0 | U288: 0 | V288: 0 | W288: 0 | X288: 0 | Y288: 0 | Z288: 0 | AA288: 0 | AB288: 0 | AC288: 0 | AD288: 0 | AE288: 0 | AF288: 0 | AG288: 0 | AH288: 0 | AI288: 0 | AJ288: 0 | AK288: 0 | AL288: 0 | AM288: 0 | AN288: 0 | AO288: 0 | AP288: 0 | AQ288: 0 | AR288: 0 | AS288: 0 | AT288: 0 | AU288: 0 | AV288: 0 | AW288: 0 | AX288: 1 | AY288: 0 | AZ288: 0 | BA288: 0 | BB288: 0 | BC288: 0 | BD288: 0 | BE288: 0 | BF288: 0 | BG288: 0 | BH288: 0 | BI288: 0 | BJ288: 0 | BK288: 0 | BL288: 0 | BM288: 0 | BN288: 0 | BO288: 0 | BP288: 0 | BQ288: 0 | BR288: 0 | BS288: 0
