Workbook

Sheet Sheet1
B1: Trademark.Cultivar | C1: Month | D1: DaysinMonth | E1: DaysRecordedInsectsPresent | F1: DaysRecordedBlooming | G1: FirstDay20197.17.2019 | H1: LastDay2019 | I1: DaysPossible2019 | J1: FirstDay2020 | K1: LastDay2020 | L1: DaysPossible2020 | M1: FirstDay2021 | N1: LastDay2021(only surveyed til8/19/2021) | O1: DaysPossible2021 | P1: Color | Q1: Flower type | R1: Notes
A2: 1 | B2: Baby Lace | C2: August | D2: =VLOOKUP($C2,Sheet2!$A$2:$B$5,2,0) -> 31 | E2: 4 | F2: =I2+L2+O2 -> 14 | I2: =_xlfn.DAYS(H2,G2) -> 0 | J2: 44069 | K2: 44074 | L2: =_xlfn.DAYS(K2,J2) -> 5 | M2: 44418 | N2: 44427 | O2: =_xlfn.DAYS(N2,M2) -> 9 | P2: White | Q2: Lacy panicle
A3: 2 | B3: Baby Lace | C3: September | D3: =VLOOKUP($C3,Sheet2!$A$2:$B$5,2,0) -> 30 | E3: 8 | F3: =I3+L3+O3 -> 35 | G3: 43727 | H3: 43738 | I3: =_xlfn.DAYS(H3,G3) -> 11 | J3: 44075 | K3: 44099 | L3: =_xlfn.DAYS(K3,J3) -> 24 | O3: =_xlfn.DAYS(N3,M3) -> 0 | P3: White | Q3: Lacy panicle
A4: 3 | B4: Baby Lace | C4: October | D4: =VLOOKUP($C4,Sheet2!$A$2:$B$5,2,0) -> 30 | E4: 1 | F4: =I4+L4+O4 -> 18 | G4: 43739 | H4: 43757 | I4: =_xlfn.DAYS(H4,G4) -> 18 | L4: =_xlfn.DAYS(K4,J4) -> 0 | O4: =_xlfn.DAYS(N4,M4) -> 0 | P4: White | Q4: Lacy panicle
A5: 4 | B5: Big Ben | C5: August | D5: =VLOOKUP($C5,Sheet2!$A$2:$B$5,2,0) -> 31 | E5: 1 | F5: =I5+L5+O5 -> 3 | I5: =_xlfn.DAYS(H5,G5) -> 0 | J5: 44071 | K5: 44074 | L5: =_xlfn.DAYS(K5,J5) -> 3 | O5: =_xlfn.DAYS(N5,M5) -> 0 | P5: White | Q5: Lacy panicle
A6: 5 | B6: Big Ben | C6: September | D6: =VLOOKUP($C6,Sheet2!$A$2:$B$5,2,0) -> 30 | E6: 12 | F6: =I6+L6+O6 -> 54 | G6: 43713 | H6: 43738 | I6: =_xlfn.DAYS(H6,G6) -> 25 | J6: 44075 | K6: 44104 | L6: =_xlfn.DAYS(K6,J6) -> 29 | O6: =_xlfn.DAYS(N6,M6) -> 0 | P6: White | Q6: Lacy panicle
A7: 6 | B7: Big Ben | C7: October | D7: =VLOOKUP($C7,Sheet2!$A$2:$B$5,2,0) -> 30 | E7: 7 | F7: =I7+L7+O7 -> 33 | G7: 43739 | H7: 43757 | I7: =_xlfn.DAYS(H7,G7) -> 18 | J7: 44105 | K7: 44120 | L7: =_xlfn.DAYS(K7,J7) -> 15 | O7: =_xlfn.DAYS(N7,M7) -> 0 | P7: White | Q7: Lacy panicle
A8: 7 | B8: Brussels Lace | C8: August | D8: =VLOOKUP($C8,Sheet2!$A$2:$B$5,2,0) -> 31 | E8: 11 | F8: =I8+L8+O8 -> 34 | G8: 43700 | H8: 43708 | I8: =_xlfn.DAYS(H8,G8) -> 8 | J8: 44062 | K8: 44074 | L8: =_xlfn.DAYS(K8,J8) -> 12 | M8: 44413 | N8: 44427 | O8: =_xlfn.DAYS(N8,M8) -> 14 | P8: White | Q8: Lacy panicle
A9: 8 | B9: Brussels Lace | C9: September | D9: =VLOOKUP($C9,Sheet2!$A$2:$B$5,2,0) -> 30 | E9: 6 | F9: =I9+L9+O9 -> 58 | G9: 43709 | H9: 43738 | I9: =_xlfn.DAYS(H9,G9) -> 29 | J9: 44075 | K9: 44104 | L9: =_xlfn.DAYS(K9,J9) -> 29 | O9: =_xlfn.DAYS(N9,M9) -> 0 | P9: White | Q9: Lacy panicle
A10: 9 | B10: Brussels Lace | C10: October | D10: =VLOOKUP($C10,Sheet2!$A$2:$B$5,2,0) -> 30 | E10: 2 | F10: =I10+L10+O10 -> 18 | G10: 43739 | H10: 43757 | I10: =_xlfn.DAYS(H10,G10) -> 18 | L10: =_xlfn.DAYS(K10,J10) -> 0 | O10: =_xlfn.DAYS(N10,M10) -> 0 | P10: White | Q10: Lacy panicle
A11: 10 | B11: Daimond Rogue | C11: July | D11: =VLOOKUP($C11,Sheet2!$A$2:$B$5,2,0) -> 31 | E11: 4 | F11: =I11+L11+O11 -> 35 | G11: 43663 | H11: 43677 | I11: =_xlfn.DAYS(H11,G11) -> 14 | J11: 44022 | K11: 44043 | L11: =_xlfn.DAYS(K11,J11) -> 21 | O11: =_xlfn.DAYS(N11,M11) -> 0 | P11: Pink-white | Q11: Mop-like panicle
A12: 11 | B12: Daimond Rogue | C12: August | D12: =VLOOKUP($C12,Sheet2!$A$2:$B$5,2,0) -> 31 | E12: 2 | F12: =I12+L12+O12 -> 50 | G12: 43678 | H12: 43708 | I12: =_xlfn.DAYS(H12,G12) -> 30 | J12: 44044 | K12: 44064 | L12: =_xlfn.DAYS(K12,J12) -> 20 | O12: =_xlfn.DAYS(N12,M12) -> 0 | P12: Pink-white | Q12: Mop-like panicle
B13: Daimond Rogue | C13: September | D13: =VLOOKUP($C13,Sheet2!$A$2:$B$5,2,0) -> 30 | E13: 0 | F13: =I13+L13+O13 -> 87 | G13: 43709 | H13: 43738 | I13: =_xlfn.DAYS(H13,G13) -> 29 | J13: 44075 | K13: 44104 | L13: =_xlfn.DAYS(K13,J13) -> 29 | M13: 44440 | N13: 44469 | O13: =_xlfn.DAYS(N13,M13) -> 29
A14: 12 | B14: Daimond Rogue | C14: October | D14: =VLOOKUP($C14,Sheet2!$A$2:$B$5,2,0) -> 30 | E14: 1 | F14: =I14+L14+O14 -> 14 | G14: 43739 | H14: 43753 | I14: =_xlfn.DAYS(H14,G14) -> 14 | L14: =_xlfn.DAYS(K14,J14) -> 0 | O14: =_xlfn.DAYS(N14,M14) -> 0 | P14: Pink-white | Q14: Mop-like panicle
A15: 13 | B15: Dharuma | C15: July | D15: =VLOOKUP($C15,Sheet2!$A$2:$B$5,2,0) -> 31 | E15: 11 | F15: =I15+L15+O15 -> 44 | G15: 43657 | H15: 43677 | I15: =_xlfn.DAYS(H15,G15) -> 20 | J15: 44022 | K15: 44039 | L15: =_xlfn.DAYS(K15,J15) -> 17 | M15: 44386 | N15: 44393 | O15: =_xlfn.DAYS(N15,M15) -> 7 | P15: White | Q15: Lacy panicle
A16: 14 | B16: Dharuma | C16: August | D16: =VLOOKUP($C16,Sheet2!$A$2:$B$5,2,0) -> 31 | E16: 1 | F16: =I16+L16+O16 -> 19 | G16: 43678 | H16: 43697 | I16: =_xlfn.DAYS(H16,G16) -> 19 | L16: =_xlfn.DAYS(K16,J16) -> 0 | O16: =_xlfn.DAYS(N16,M16) -> 0 | P16: White | Q16: Lacy panicle
A17: 15 | B17: Dolly | C17: July | D17: =VLOOKUP($C17,Sheet2!$A$2:$B$5,2,0) -> 31 | E17: 1 | F17: =I17+L17+O17 -> 15 | I17: =_xlfn.DAYS(H17,G17) -> 0 | L17: =_xlfn.DAYS(K17,J17) -> 0 | M17: 44393 | N17: 44408 | O17: =_xlfn.DAYS(N17,M17) -> 15 | P17: White | Q17: Lacy panicle
A18: 16 | B18: Dolly | C18: August | D18: =VLOOKUP($C18,Sheet2!$A$2:$B$5,2,0) -> 31 | E18: 3 | F18: =I18+L18+O18 -> 13 | G18: 43679 | H18: 43680 | I18: =_xlfn.DAYS(H18,G18) -> 1 | J18: 44071 | K18: 44074 | L18: =_xlfn.DAYS(K18,J18) -> 3 | M18: 44409 | N18: 44418 | O18: =_xlfn.DAYS(N18,M18) -> 9 | P18: White | Q18: Lacy panicle
A19: 17 | B19: Dolly | C19: September | D19: =VLOOKUP($C19,Sheet2!$A$2:$B$5,2,0) -> 30 | E19: 2 | F19: =I19+L19+O19 -> 28 | I19: =_xlfn.DAYS(H19,G19) -> 0 | J19: 44075 | K19: 44097 | L19: =_xlfn.DAYS(K19,J19) -> 22 | M19: 44386 | N19: 44392 | O19: =_xlfn.DAYS(N19,M19) -> 6 | P19: White | Q19: Lacy panicle
A20: 18 | B20: Fire & Ice | C20: July | D20: =VLOOKUP($C20,Sheet2!$A$2:$B$5,2,0) -> 31 | E20: 6 | F20: =I20+L20+O20 -> 19 | G20: 43665 | H20: 43677 | I20: =_xlfn.DAYS(H20,G20) -> 12 | J20: 44032 | K20: 44039 | L20: =_xlfn.DAYS(K20,J20) -> 7 | O20: =_xlfn.DAYS(N20,M20) -> 0 | P20: Pink-white | Q20: Lacy panicle
A21: 19 | B21: Fire & Ice | C21: August | D21: =VLOOKUP($C21,Sheet2!$A$2:$B$5,2,0) -> 31 | E21: 2 | F21: =I21+L21+O21 -> 6 | G21: 43678 | H21: 43684 | I21: =_xlfn.DAYS(H21,G21) -> 6 | L21: =_xlfn.DAYS(K21,J21) -> 0 | O21: =_xlfn.DAYS(N21,M21) -> 0 | P21: Pink-white | Q21: Lacy panicle
A22: 20 | B22: Fire Light | C22: August | D22: =VLOOKUP($C22,Sheet2!$A$2:$B$5,2,0) -> 31 | E22: 1 | F22: =I22+L22+O22 -> 8 | G22: 43700 | H22: 43708 | I22: =_xlfn.DAYS(H22,G22) -> 8 | L22: =_xlfn.DAYS(K22,J22) -> 0 | O22: =_xlfn.DAYS(N22,M22) -> 0 | P22: Pink | Q22: Mop-like panicle
A23: 21 | B23: Fire Light | C23: September | D23: =VLOOKUP($C23,Sheet2!$A$2:$B$5,2,0) -> 30 | E23: 2 | F23: =I23+L23+O23 -> 32 | G23: 43709 | H23: 43738 | I23: =_xlfn.DAYS(H23,G23) -> 29 | J23: 44095 | K23: 44097 | L23: =_xlfn.DAYS(K23,J23) -> 2 | M23: 44413 | N23: 44414 | O23: =_xlfn.DAYS(N23,M23) -> 1 | P23: Pink | Q23: Mop-like panicle
A24: 22 | B24: Fire Light | C24: October | D24: =VLOOKUP($C24,Sheet2!$A$2:$B$5,2,0) -> 30 | E24: 1 | F24: =I24+L24+O24 -> 9 | G24: 43739 | H24: 43748 | I24: =_xlfn.DAYS(H24,G24) -> 9 | L24: =_xlfn.DAYS(K24,J24) -> 0 | O24: =_xlfn.DAYS(N24,M24) -> 0 | P24: Pink | Q24: Mop-like panicle
A25: 23 | B25: Floribunda | C25: August | D25: =VLOOKUP($C25,Sheet2!$A$2:$B$5,2,0) -> 31 | E25: 8 | F25: =I25+L25+O25 -> 27 | G25: 43700 | H25: 43708 | I25: =_xlfn.DAYS(H25,G25) -> 8 | J25: 44064 | K25: 44074 | L25: =_xlfn.DAYS(K25,J25) -> 10 | M25: 44418 | N25: 44427 | O25: =_xlfn.DAYS(N25,M25) -> 9 | P25: White | Q25: Lacy panicle
A26: 24 | B26: Floribunda | C26: September | D26: =VLOOKUP($C26,Sheet2!$A$2:$B$5,2,0) -> 30 | E26: 8 | F26: =I26+L26+O26 -> 58 | G26: 43709 | H26: 43738 | I26: =_xlfn.DAYS(H26,G26) -> 29 | J26: 44075 | K26: 44104 | L26: =_xlfn.DAYS(K26,J26) -> 29 | O26: =_xlfn.DAYS(N26,M26) -> 0 | P26: White | Q26: Lacy panicle
A27: 25 | B27: Floribunda | C27: October | D27: =VLOOKUP($C27,Sheet2!$A$2:$B$5,2,0) -> 30 | E27: 3 | F27: =I27+L27+O27 -> 35 | G27: 43739 | H27: 43761 | I27: =_xlfn.DAYS(H27,G27) -> 22 | J27: 44105 | K27: 44118 | L27: =_xlfn.DAYS(K27,J27) -> 13 | O27: =_xlfn.DAYS(N27,M27) -> 0 | P27: White | Q27: Lacy panicle
A28: 26 | B28: Great Star | C28: August | D28: =VLOOKUP($C28,Sheet2!$A$2:$B$5,2,0) -> 31 | E28: 3 | F28: =I28+L28+O28 -> 23 | G28: 43705 | H28: 43708 | I28: =_xlfn.DAYS(H28,G28) -> 3 | J28: 44071 | K28: 44074 | L28: =_xlfn.DAYS(K28,J28) -> 3 | M28: 44410 | N28: 44427 | O28: =_xlfn.DAYS(N28,M28) -> 17 | P28: White | Q28: Lacy panicle
A29: 27 | B29: Great Star | C29: September | D29: =VLOOKUP($C29,Sheet2!$A$2:$B$5,2,0) -> 30 | E29: 9 | F29: =I29+L29+O29 -> 58 | G29: 43709 | H29: 43738 | I29: =_xlfn.DAYS(H29,G29) -> 29 | J29: 44075 | K29: 44104 | L29: =_xlfn.DAYS(K29,J29) -> 29 | O29: =_xlfn.DAYS(N29,M29) -> 0 | P29: White | Q29: Lacy panicle
A30: 28 | B30: Great Star | C30: October | D30: =VLOOKUP($C30,Sheet2!$A$2:$B$5,2,0) -> 30 | E30: 5 | F30: =I30+L30+O30 -> 34 | G30: 43739 | H30: 43753 | I30: =_xlfn.DAYS(H30,G30) -> 14 | J30: 44105 | K30: 44125 | L30: =_xlfn.DAYS(K30,J30) -> 20 | O30: =_xlfn.DAYS(N30,M30) -> 0 | P30: White | Q30: Lacy panicle
A31: 29 | B31: Green Spire | C31: August | D31: =VLOOKUP($C31,Sheet2!$A$2:$B$5,2,0) -> 31 | E31: 10 | F31: =I31+L31+O31 -> 24 | I31: =_xlfn.DAYS(H31,G31) -> 0 | J31: 44064 | K31: 44074 | L31: =_xlfn.DAYS(K31,J31) -> 10 | M31: 44413 | N31: 44427 | O31: =_xlfn.DAYS(N31,M31) -> 14 | P31: Green-white | Q31: Lacy panicle
A32: 30 | B32: Green Spire | C32: September | D32: =VLOOKUP($C32,Sheet2!$A$2:$B$5,2,0) -> 30 | E32: 10 | F32: =I32+L32+O32 -> 40 | G32: 43727 | H32: 43738 | I32: =_xlfn.DAYS(H32,G32) -> 11 | J32: 44075 | K32: 44104 | L32: =_xlfn.DAYS(K32,J32) -> 29 | O32: =_xlfn.DAYS(N32,M32) -> 0 | P32: Green-white | Q32: Lacy panicle
A33: 31 | B33: Green Spire | C33: October | D33: =VLOOKUP($C33,Sheet2!$A$2:$B$5,2,0) -> 30 | E33: 3 | F33: =I33+L33+O33 -> 36 | G33: 43739 | H33: 43757 | I33: =_xlfn.DAYS(H33,G33) -> 18 | J33: 44105 | K33: 44123 | L33: =_xlfn.DAYS(K33,J33) -> 18 | O33: =_xlfn.DAYS(N33,M33) -> 0 | P33: Green-white | Q33: Lacy panicle
A34: 32 | B34: Honey Comb | C34: August | D34: =VLOOKUP($C34,Sheet2!$A$2:$B$5,2,0) -> 31 | E34: 12 | F34: =I34+L34+O34 -> 32 | G34: 43696 | H34: 43707 | I34: =_xlfn.DAYS(H34,G34) -> 11 | J34: 44062 | K34: 44074 | L34: =_xlfn.DAYS(K34,J34) -> 12 | M34: 44418 | N34: 44427 | O34: =_xlfn.DAYS(N34,M34) -> 9 | P34: White | Q34: Lacy panicle
A35: 33 | B35: Honey Comb | C35: September | D35: =VLOOKUP($C35,Sheet2!$A$2:$B$5,2,0) -> 30 | E35: 3 | F35: =I35+L35+O35 -> 30 | G35: 43709 | H35: 43738 | I35: =_xlfn.DAYS(H35,G35) -> 29 | J35: 44075 | K35: 44076 | L35: =_xlfn.DAYS(K35,J35) -> 1 | O35: =_xlfn.DAYS(N35,M35) -> 0 | P35: White | Q35: Lacy panicle
A36: 34 | B36: Honey Comb | C36: October | D36: =VLOOKUP($C36,Sheet2!$A$2:$B$5,2,0) -> 30 | E36: 1 | F36: =I36+L36+O36 -> 18 | G36: 43739 | H36: 43757 | I36: =_xlfn.DAYS(H36,G36) -> 18 | L36: =_xlfn.DAYS(K36,J36) -> 0 | O36: =_xlfn.DAYS(N36,M36) -> 0 | P36: White | Q36: Lacy panicle
A37: 35 | B37: Kyushu | C37: August | D37: =VLOOKUP($C37,Sheet2!$A$2:$B$5,2,0) -> 31 | E37: 5 | F37: =I37+L37+O37 -> 13 | I37: =_xlfn.DAYS(H37,G37) -> 0 | J37: 44062 | K37: 44074 | L37: =_xlfn.DAYS(K37,J37) -> 12 | M37: 44413 | N37: 44414 | O37: =_xlfn.DAYS(N37,M37) -> 1 | P37: White | Q37: Lacy panicle
A38: 36 | B38: Kyushu | C38: September | D38: =VLOOKUP($C38,Sheet2!$A$2:$B$5,2,0) -> 30 | E38: 9 | F38: =I38+L38+O38 -> 40 | G38: 43727 | H38: 43738 | I38: =_xlfn.DAYS(H38,G38) -> 11 | J38: 44075 | K38: 44104 | L38: =_xlfn.DAYS(K38,J38) -> 29 | O38: =_xlfn.DAYS(N38,M38) -> 0 | P38: White | Q38: Lacy panicle
A39: 37 | B39: Kyushu | C39: October | D39: =VLOOKUP($C39,Sheet2!$A$2:$B$5,2,0) -> 30 | E39: 5 | F39: =I39+L39+O39 -> 38 | G39: 43739 | H39: 43757 | I39: =_xlfn.DAYS(H39,G39) -> 18 | J39: 44105 | K39: 44125 | L39: =_xlfn.DAYS(K39,J39) -> 20 | O39: =_xlfn.DAYS(N39,M39) -> 0 | P39: White | Q39: Lacy panicle
A40: 39 | B40: Late | C40: July | D40: =VLOOKUP($C40,Sheet2!$A$2:$B$5,2,0) -> 31 | E40: 3 | F40: =I40+L40+O40 -> 21 | I40: =_xlfn.DAYS(H40,G40) -> 0 | J40: 44022 | K40: 44043 | L40: =_xlfn.DAYS(K40,J40) -> 21 | O40: =_xlfn.DAYS(N40,M40) -> 0 | P40: White | Q40: Lacy panicle
A41: 40 | B41: Late | C41: August | D41: =VLOOKUP($C41,Sheet2!$A$2:$B$5,2,0) -> 31 | E41: 8 | F41: =I41+L41+O41 -> 32 | I41: =_xlfn.DAYS(H41,G41) -> 0 | J41: 44044 | K41: 44074 | L41: =_xlfn.DAYS(K41,J41) -> 30 | M41: 44425 | N41: 44427 | O41: =_xlfn.DAYS(N41,M41) -> 2 | P41: White | Q41: Lacy panicle
A42: 41 | B42: Late | C42: September | D42: =VLOOKUP($C42,Sheet2!$A$2:$B$5,2,0) -> 30 | E42: 7 | F42: =I42+L42+O42 -> 36 | G42: 43731 | H42: 43738 | I42: =_xlfn.DAYS(H42,G42) -> 7 | J42: 44075 | K42: 44104 | L42: =_xlfn.DAYS(K42,J42) -> 29 | O42: =_xlfn.DAYS(N42,M42) -> 0 | P42: White | Q42: Lacy panicle
B43: Late | C43: October | D43: =VLOOKUP($C43,Sheet2!$A$2:$B$5,2,0) -> 30 | E43: 10 | F43: =I43+L43+O43 -> 38 | G43: 43739 | H43: 43757 | I43: =_xlfn.DAYS(H43,G43) -> 18 | J43: 44105 | K43: 44125 | L43: =_xlfn.DAYS(K43,J43) -> 20 | O43: =_xlfn.DAYS(N43,M43) -> 0 | R43: Added by hand -- the aggregated table missed it because the tag number wasn't one of the normal ones
A44: 42 | B44: Limelight | C44: August | D44: =VLOOKUP($C44,Sheet2!$A$2:$B$5,2,0) -> 31 | E44: 4 | F44: =I44+L44+O44 -> 14 | G44: 43706 | H44: 43708 | I44: =_xlfn.DAYS(H44,G44) -> 2 | J44: 44069 | K44: 44074 | L44: =_xlfn.DAYS(K44,J44) -> 5 | M44: 44420 | N44: 44427 | O44: =_xlfn.DAYS(N44,M44) -> 7 | P44: Green-white | Q44: Mop-like panicle
A45: 43 | B45: Limelight | C45: September | D45: =VLOOKUP($C45,Sheet2!$A$2:$B$5,2,0) -> 30 | E45: 1 | F45: =I45+L45+O45 -> 46 | G45: 43709 | H45: 43727 | I45: =_xlfn.DAYS(H45,G45) -> 18 | J45: 44076 | K45: 44104 | L45: =_xlfn.DAYS(K45,J45) -> 28 | O45: =_xlfn.DAYS(N45,M45) -> 0 | P45: Green-white | Q45: Mop-like panicle
A46: 44 | B46: Little Lamb | C46: August | D46: =VLOOKUP($C46,Sheet2!$A$2:$B$5,2,0) -> 31 | E46: 4 | F46: =I46+L46+O46 -> 21 | G46: 43700 | H46: 43708 | I46: =_xlfn.DAYS(H46,G46) -> 8 | J46: 44062 | K46: 44074 | L46: =_xlfn.DAYS(K46,J46) -> 12 | M46: 44413 | N46: 44414 | O46: =_xlfn.DAYS(N46,M46) -> 1 | P46: White | Q46: Mop-like panicle
A47: 45 | B47: Little Lamb | C47: September | D47: =VLOOKUP($C47,Sheet2!$A$2:$B$5,2,0) -> 30 | E47: 1 | F47: =I47+L47+O47 -> 46 | G47: 43709 | H47: 43738 | I47: =_xlfn.DAYS(H47,G47) -> 29 | J47: 44075 | K47: 44092 | L47: =_xlfn.DAYS(K47,J47) -> 17 | O47: =_xlfn.DAYS(N47,M47) -> 0 | P47: White | Q47: Mop-like panicle
A48: 46 | B48: Little Lamb | C48: October | D48: =VLOOKUP($C48,Sheet2!$A$2:$B$5,2,0) -> 30 | E48: 1 | F48: =I48+L48+O48 -> 18 | G48: 43739 | H48: 43757 | I48: =_xlfn.DAYS(H48,G48) -> 18 | L48: =_xlfn.DAYS(K48,J48) -> 0 | O48: =_xlfn.DAYS(N48,M48) -> 0 | P48: White | Q48: Mop-like panicle
A49: 47 | B49: Little Lime | C49: August | D49: =VLOOKUP($C49,Sheet2!$A$2:$B$5,2,0) -> 31 | E49: 1 | F49: =I49+L49+O49 -> 1 | I49: =_xlfn.DAYS(H49,G49) -> 0 | L49: =_xlfn.DAYS(K49,J49) -> 0 | M49: 44413 | N49: 44414 | O49: =_xlfn.DAYS(N49,M49) -> 1 | P49: Green-white | Q49: Mop-like panicle
A50: 48 | B50: Little Quick Fire | C50: July | D50: =VLOOKUP($C50,Sheet2!$A$2:$B$5,2,0) -> 31 | E50: 2 | F50: =I50+L50+O50 -> 21 | G50: 43668 | H50: 43677 | I50: =_xlfn.DAYS(H50,G50) -> 9 | L50: =_xlfn.DAYS(K50,J50) -> 0 | M50: 44396 | N50: 44408 | O50: =_xlfn.DAYS(N50,M50) -> 12 | P50: Pink | Q50: Lacy panicle
A51: 49 | B51: Little Quick Fire | C51: August | D51: =VLOOKUP($C51,Sheet2!$A$2:$B$5,2,0) -> 31 | E51: 5 | F51: =I51+L51+O51 -> 46 | G51: 43678 | H51: 43708 | I51: =_xlfn.DAYS(H51,G51) -> 30 | J51: 44062 | K51: 44074 | L51: =_xlfn.DAYS(K51,J51) -> 12 | M51: 44409 | N51: 44413 | O51: =_xlfn.DAYS(N51,M51) -> 4 | P51: Pink | Q51: Lacy panicle
A52: 50 | B52: Little Quick Fire | C52: September | D52: =VLOOKUP($C52,Sheet2!$A$2:$B$5,2,0) -> 30 | E52: 3 | F52: =I52+L52+O52 -> 49 | G52: 43709 | H52: 43738 | I52: =_xlfn.DAYS(H52,G52) -> 29 | J52: 44075 | K52: 44095 | L52: =_xlfn.DAYS(K52,J52) -> 20 | O52: =_xlfn.DAYS(N52,M52) -> 0 | P52: Pink | Q52: Lacy panicle
A53: 51 | B53: Little Quick Fire | C53: October | D53: =VLOOKUP($C53,Sheet2!$A$2:$B$5,2,0) -> 30 | E53: 2 | F53: =I53+L53+O53 -> 18 | G53: 43739 | H53: 43757 | I53: =_xlfn.DAYS(H53,G53) -> 18 | L53: =_xlfn.DAYS(K53,J53) -> 0 | O53: =_xlfn.DAYS(N53,M53) -> 0 | P53: Pink | Q53: Lacy panicle
A54: 52 | B54: Mega Mindy | C54: August | D54: =VLOOKUP($C54,Sheet2!$A$2:$B$5,2,0) -> 31 | E54: 5 | F54: =I54+L54+O54 -> 20 | G54: 43700 | H54: 43708 | I54: =_xlfn.DAYS(H54,G54) -> 8 | J54: 44062 | K54: 44074 | L54: =_xlfn.DAYS(K54,J54) -> 12 | O54: =_xlfn.DAYS(N54,M54) -> 0 | P54: Pink | Q54: Lacy panicle
A55: 53 | B55: Mega Mindy | C55: September | D55: =VLOOKUP($C55,Sheet2!$A$2:$B$5,2,0) -> 30 | E55: 1 | F55: =I55+L55+O55 -> 5 | G55: 43709 | H55: 43713 | I55: =_xlfn.DAYS(H55,G55) -> 4 | J55: 44075 | K55: 44076 | L55: =_xlfn.DAYS(K55,J55) -> 1 | O55: =_xlfn.DAYS(N55,M55) -> 0 | P55: Pink | Q55: Lacy panicle
A56: 54 | B56: Mega Pearl | C56: August | D56: =VLOOKUP($C56,Sheet2!$A$2:$B$5,2,0) -> 31 | E56: 10 | F56: =I56+L56+O56 -> 29 | G56: 43700 | H56: 43708 | I56: =_xlfn.DAYS(H56,G56) -> 8 | J56: 44062 | K56: 44074 | L56: =_xlfn.DAYS(K56,J56) -> 12 | M56: 44418 | N56: 44427 | O56: =_xlfn.DAYS(N56,M56) -> 9 | P56: Pink-white | Q56: Mop-like panicle
A57: 55 | B57: Mega Pearl | C57: September | D57: =VLOOKUP($C57,Sheet2!$A$2:$B$5,2,0) -> 30 | E57: 3 | F57: =I57+L57+O57 -> 58 | G57: 43709 | H57: 43738 | I57: =_xlfn.DAYS(H57,G57) -> 29 | J57: 44075 | K57: 44104 | L57: =_xlfn.DAYS(K57,J57) -> 29 | O57: =_xlfn.DAYS(N57,M57) -> 0 | P57: Pink-white | Q57: Mop-like panicle
A58: 56 | B58: Mega Pearl | C58: October | D58: =VLOOKUP($C58,Sheet2!$A$2:$B$5,2,0) -> 30 | E58: 1 | F58: =I58+L58+O58 -> 42 | G58: 43739 | H58: 43757 | I58: =_xlfn.DAYS(H58,G58) -> 18 | J58: 44105 | K58: 44129 | L58: =_xlfn.DAYS(K58,J58) -> 24 | O58: =_xlfn.DAYS(N58,M58) -> 0 | P58: Pink-white | Q58: Mop-like panicle
A59: 57 | B59: Phantom | C59: August | D59: =VLOOKUP($C59,Sheet2!$A$2:$B$5,2,0) -> 31 | E59: 6 | F59: =I59+L59+O59 -> 19 | I59: =_xlfn.DAYS(H59,G59) -> 0 | J59: 44062 | K59: 44074 | L59: =_xlfn.DAYS(K59,J59) -> 12 | M59: 44420 | N59: 44427 | O59: =_xlfn.DAYS(N59,M59) -> 7 | P59: White | Q59: Mop-like panicle
A60: 58 | B60: Phantom | C60: September | D60: =VLOOKUP($C60,Sheet2!$A$2:$B$5,2,0) -> 30 | E60: 2 | F60: =I60+L60+O60 -> 15 | G60: 43713 | H60: 43727 | I60: =_xlfn.DAYS(H60,G60) -> 14 | J60: 44075 | K60: 44076 | L60: =_xlfn.DAYS(K60,J60) -> 1 | O60: =_xlfn.DAYS(N60,M60) -> 0 | P60: White | Q60: Mop-like panicle
A61: 59 | B61: Pillow Talk | C61: August | D61: =VLOOKUP($C61,Sheet2!$A$2:$B$5,2,0) -> 31 | E61: 1 | F61: =I61+L61+O61 -> 3 | I61: =_xlfn.DAYS(H61,G61) -> 0 | J61: 44071 | K61: 44074 | L61: =_xlfn.DAYS(K61,J61) -> 3 | O61: =_xlfn.DAYS(N61,M61) -> 0 | P61: Pink-white | Q61: Mop-like panicle | R61: Had to calculate this by hand
B62: Pillow Talk | C62: September | D62: =VLOOKUP($C62,Sheet2!$A$2:$B$5,2,0) -> 30 | E62: 0 | F62: =I62+L62+O62 -> 29 | I62: =_xlfn.DAYS(H62,G62) -> 0 | J62: 44075 | K62: 44104 | L62: =_xlfn.DAYS(K62,J62) -> 29 | O62: =_xlfn.DAYS(N62,M62) -> 0
A63: 60 | B63: Pillow Talk | C63: October | D63: =VLOOKUP($C63,Sheet2!$A$2:$B$5,2,0) -> 30 | E63: 1 | F63: =I63+L63+O63 -> 13 | I63: =_xlfn.DAYS(H63,G63) -> 0 | J63: 44105 | K63: 44118 | L63: =_xlfn.DAYS(K63,J63) -> 13 | O63: =_xlfn.DAYS(N63,M63) -> 0 | P63: Pink-white | Q63: Mop-like panicle
A64: 61 | B64: Pink Diamond | C64: August | D64: =VLOOKUP($C64,Sheet2!$A$2:$B$5,2,0) -> 31 | E64: 12 | F64: =I64+L64+O64 -> 37 | G64: 43700 | H64: 43708 | I64: =_xlfn.DAYS(H64,G64) -> 8 | J64: 44062 | K64: 44074 | L64: =_xlfn.DAYS(K64,J64) -> 12 | M64: 44410 | N64: 44427 | O64: =_xlfn.DAYS(N64,M64) -> 17 | P64: Pink | Q64: Lacy panicle
A65: 62 | B65: Pink Diamond | C65: September | D65: =VLOOKUP($C65,Sheet2!$A$2:$B$5,2,0) -> 30 | E65: 4 | F65: =I65+L65+O65 -> 53 | G65: 43709 | H65: 43738 | I65: =_xlfn.DAYS(H65,G65) -> 29 | J65: 44075 | K65: 44099 | L65: =_xlfn.DAYS(K65,J65) -> 24 | O65: =_xlfn.DAYS(N65,M65) -> 0 | P65: Pink | Q65: Lacy panicle
A66: 63 | B66: Pink Diamond | C66: October | D66: =VLOOKUP($C66,Sheet2!$A$2:$B$5,2,0) -> 30 | E66: 1 | F66: =I66+L66+O66 -> 18 | G66: 43739 | H66: 43757 | I66: =_xlfn.DAYS(H66,G66) -> 18 | L66: =_xlfn.DAYS(K66,J66) -> 0 | O66: =_xlfn.DAYS(N66,M66) -> 0 | P66: Pink | Q66: Lacy panicle
A67: 64 | B67: Pink Lady | C67: August | D67: =VLOOKUP($C67,Sheet2!$A$2:$B$5,2,0) -> 31 | E67: 1 | F67: =I67+L67+O67 -> 1 | I67: =_xlfn.DAYS(H67,G67) -> 0 | J67: 44073 | K67: 44074 | L67: =_xlfn.DAYS(K67,J67) -> 1 | O67: =_xlfn.DAYS(N67,M67) -> 0 | P67: Pink-white | Q67: Mop-like panicle | R67: Did by hand
A68: 65 | B68: Pinky Winky | C68: August | D68: =VLOOKUP($C68,Sheet2!$A$2:$B$5,2,0) -> 31 | E68: 11 | F68: =I68+L68+O68 -> 37 | G68: 43700 | H68: 43708 | I68: =_xlfn.DAYS(H68,G68) -> 8 | J68: 44062 | K68: 44074 | L68: =_xlfn.DAYS(K68,J68) -> 12 | M68: 44410 | N68: 44427 | O68: =_xlfn.DAYS(N68,M68) -> 17 | P68: Pink-white | Q68: Lacy panicle
A69: 66 | B69: Pinky Winky | C69: September | D69: =VLOOKUP($C69,Sheet2!$A$2:$B$5,2,0) -> 30 | E69: 11 | F69: =I69+L69+O69 -> 53 | G69: 43709 | H69: 43738 | I69: =_xlfn.DAYS(H69,G69) -> 29 | J69: 44075 | K69: 44099 | L69: =_xlfn.DAYS(K69,J69) -> 24 | O69: =_xlfn.DAYS(N69,M69) -> 0 | P69: Pink-white | Q69: Lacy panicle
A70: 67 | B70: Pinky Winky | C70: October | D70: =VLOOKUP($C70,Sheet2!$A$2:$B$5,2,0) -> 30 | E70: 3 | F70: =I70+L70+O70 -> 18 | G70: 43739 | H70: 43757 | I70: =_xlfn.DAYS(H70,G70) -> 18 | L70: =_xlfn.DAYS(K70,J70) -> 0 | O70: =_xlfn.DAYS(N70,M70) -> 0 | P70: Pink-white | Q70: Lacy panicle
A71: 68 | B71: Polar Ball | C71: August | D71: =VLOOKUP($C71,Sheet2!$A$2:$B$5,2,0) -> 31 | E71: 4 | F71: =I71+L71+O71 -> 13 | I71: =_xlfn.DAYS(H71,G71) -> 0 | J71: 44062 | K71: 44074 | L71: =_xlfn.DAYS(K71,J71) -> 12 | M71: 44420 | N71: 44421 | O71: =_xlfn.DAYS(N71,M71) -> 1 | P71: White | Q71: Mop-like panicle
A72: 69 | B72: Polar Ball | C72: September | D72: =VLOOKUP($C72,Sheet2!$A$2:$B$5,2,0) -> 30 | E72: 3 | F72: =I72+L72+O72 -> 22 | I72: =_xlfn.DAYS(H72,G72) -> 0 | J72: 44075 | K72: 44097 | L72: =_xlfn.DAYS(K72,J72) -> 22 | O72: =_xlfn.DAYS(N72,M72) -> 0 | P72: White | Q72: Mop-like panicle
A73: 70 | B73: Quick Fire | C73: July | D73: =VLOOKUP($C73,Sheet2!$A$2:$B$5,2,0) -> 31 | E73: 11 | F73: =I73+L73+O73 -> 62 | G73: 43658 | H73: 43677 | I73: =_xlfn.DAYS(H73,G73) -> 19 | J73: 44022 | K73: 44043 | L73: =_xlfn.DAYS(K73,J73) -> 21 | M73: 44386 | N73: 44408 | O73: =_xlfn.DAYS(N73,M73) -> 22 | P73: Pink | Q73: Lacy panicle
A74: 71 | B74: Quick Fire | C74: August | D74: =VLOOKUP($C74,Sheet2!$A$2:$B$5,2,0) -> 31 | E74: 11 | F74: =I74+L74+O74 -> 69 | G74: 43678 | H74: 43708 | I74: =_xlfn.DAYS(H74,G74) -> 30 | J74: 44044 | K74: 44074 | L74: =_xlfn.DAYS(K74,J74) -> 30 | M74: 44409 | N74: 44418 | O74: =_xlfn.DAYS(N74,M74) -> 9 | P74: Pink | Q74: Lacy panicle
A75: 72 | B75: Quick Fire | C75: September | D75: =VLOOKUP($C75,Sheet2!$A$2:$B$5,2,0) -> 30 | E75: 7 | F75: =I75+L75+O75 -> 58 | G75: 43709 | H75: 43738 | I75: =_xlfn.DAYS(H75,G75) -> 29 | J75: 44075 | K75: 44104 | L75: =_xlfn.DAYS(K75,J75) -> 29 | O75: =_xlfn.DAYS(N75,M75) -> 0 | P75: Pink | Q75: Lacy panicle
A76: 73 | B76: Quick Fire | C76: October | D76: =VLOOKUP($C76,Sheet2!$A$2:$B$5,2,0) -> 30 | E76: 4 | F76: =I76+L76+O76 -> 36 | G76: 43739 | H76: 43757 | I76: =_xlfn.DAYS(H76,G76) -> 18 | J76: 44105 | K76: 44123 | L76: =_xlfn.DAYS(K76,J76) -> 18 | O76: =_xlfn.DAYS(N76,M76) -> 0 | P76: Pink | Q76: Lacy panicle
A77: 74 | B77: Ruby | C77: August | D77: =VLOOKUP($C77,Sheet2!$A$2:$B$5,2,0) -> 31 | E77: 4 | F77: =I77+L77+O77 -> 22 | G77: 43700 | H77: 43708 | I77: =_xlfn.DAYS(H77,G77) -> 8 | J77: 44069 | K77: 44074 | L77: =_xlfn.DAYS(K77,J77) -> 5 | M77: 44418 | N77: 44427 | O77: =_xlfn.DAYS(N77,M77) -> 9 | P77: Pink | Q77: Mop-like panicle
A78: 75 | B78: Ruby | C78: September | D78: =VLOOKUP($C78,Sheet2!$A$2:$B$5,2,0) -> 30 | E78: 5 | F78: =I78+L78+O78 -> 30 | G78: 43709 | H78: 43738 | I78: =_xlfn.DAYS(H78,G78) -> 29 | J78: 44075 | K78: 44076 | L78: =_xlfn.DAYS(K78,J78) -> 1 | O78: =_xlfn.DAYS(N78,M78) -> 0 | P78: Pink | Q78: Mop-like panicle
A79: 76 | B79: Ruby | C79: October | D79: =VLOOKUP($C79,Sheet2!$A$2:$B$5,2,0) -> 30 | E79: 2 | F79: =I79+L79+O79 -> 13 | G79: 43739 | H79: 43752 | I79: =_xlfn.DAYS(H79,G79) -> 13 | L79: =_xlfn.DAYS(K79,J79) -> 0 | O79: =_xlfn.DAYS(N79,M79) -> 0 | P79: Pink | Q79: Mop-like panicle
A80: 77 | B80: Silver Dollar | C80: August | D80: =VLOOKUP($C80,Sheet2!$A$2:$B$5,2,0) -> 31 | E80: 2 | F80: =I80+L80+O80 -> 2 | G80: 43706 | H80: 43707 | I80: =_xlfn.DAYS(H80,G80) -> 1 | J80: 44071 | K80: 44072 | L80: =_xlfn.DAYS(K80,J80) -> 1 | O80: =_xlfn.DAYS(N80,M80) -> 0 | P80: White | Q80: Mop-like panicle | R80: Did by hand
A81: 78 | B81: Strawberry Shake | C81: July | D81: =VLOOKUP($C81,Sheet2!$A$2:$B$5,2,0) -> 31 | E81: 1 | F81: =I81+L81+O81 -> 12 | I81: =_xlfn.DAYS(H81,G81) -> 0 | J81: 44022 | K81: 44033 | L81: =_xlfn.DAYS(K81,J81) -> 11 | M81: 44392 | N81: 44393 | O81: =_xlfn.DAYS(N81,M81) -> 1 | P81: Pink-white | Q81: Mop-like panicle
A82: 79 | B82: Strawberry Sundae | C82: July | D82: =VLOOKUP($C82,Sheet2!$A$2:$B$5,2,0) -> 31 | E82: 1 | F82: =I82+L82+O82 -> 1 | G82: 43675 | H82: 43676 | I82: =_xlfn.DAYS(H82,G82) -> 1 | L82: =_xlfn.DAYS(K82,J82) -> 0 | O82: =_xlfn.DAYS(N82,M82) -> 0 | P82: Pink-white | Q82: Mop-like panicle | R82: Did by hand
A83: 80 | B83: Strawberry Sundae | C83: August | D83: =VLOOKUP($C83,Sheet2!$A$2:$B$5,2,0) -> 31 | E83: 1 | F83: =I83+L83+O83 -> 6 | G83: 43678 | H83: 43684 | I83: =_xlfn.DAYS(H83,G83) -> 6 | L83: =_xlfn.DAYS(K83,J83) -> 0 | O83: =_xlfn.DAYS(N83,M83) -> 0 | P83: Pink-white | Q83: Mop-like panicle
A84: 81 | B84: Sweet Summer | C84: August | D84: =VLOOKUP($C84,Sheet2!$A$2:$B$5,2,0) -> 31 | E84: 5 | F84: =I84+L84+O84 -> 29 | G84: 43700 | H84: 43708 | I84: =_xlfn.DAYS(H84,G84) -> 8 | J84: 44062 | K84: 44074 | L84: =_xlfn.DAYS(K84,J84) -> 12 | M84: 44418 | N84: 44427 | O84: =_xlfn.DAYS(N84,M84) -> 9 | P84: White | Q84: Mop-like panicle
A85: 82 | B85: Sweet Summer | C85: September | D85: =VLOOKUP($C85,Sheet2!$A$2:$B$5,2,0) -> 30 | E85: 2 | F85: =I85+L85+O85 -> 44 | G85: 43709 | H85: 43738 | I85: =_xlfn.DAYS(H85,G85) -> 29 | J85: 44075 | K85: 44090 | L85: =_xlfn.DAYS(K85,J85) -> 15 | O85: =_xlfn.DAYS(N85,M85) -> 0 | P85: White | Q85: Mop-like panicle
A86: 83 | B86: Sweet Summer | C86: October | D86: =VLOOKUP($C86,Sheet2!$A$2:$B$5,2,0) -> 30 | E86: 1 | F86: =I86+L86+O86 -> 18 | G86: 43739 | H86: 43757 | I86: =_xlfn.DAYS(H86,G86) -> 18 | L86: =_xlfn.DAYS(K86,J86) -> 0 | O86: =_xlfn.DAYS(N86,M86) -> 0 | P86: White | Q86: Mop-like panicle
A87: 84 | B87: Tickled Pink | C87: August | D87: =VLOOKUP($C87,Sheet2!$A$2:$B$5,2,0) -> 31 | E87: 3 | F87: =I87+L87+O87 -> 22 | G87: 43700 | H87: 43705 | I87: =_xlfn.DAYS(H87,G87) -> 5 | J87: 44062 | K87: 44074 | L87: =_xlfn.DAYS(K87,J87) -> 12 | M87: 44413 | N87: 44418 | O87: =_xlfn.DAYS(N87,M87) -> 5 | P87: Pink-white | Q87: Lacy panicle
A88: 85 | B88: Tickled Pink | C88: September | D88: =VLOOKUP($C88,Sheet2!$A$2:$B$5,2,0) -> 30 | E88: 1 | F88: =I88+L88+O88 -> 1 | I88: =_xlfn.DAYS(H88,G88) -> 0 | J88: 44075 | K88: 44076 | L88: =_xlfn.DAYS(K88,J88) -> 1 | O88: =_xlfn.DAYS(N88,M88) -> 0 | P88: Pink-white | Q88: Lacy panicle
A89: 86 | B89: Unique | C89: August | D89: =VLOOKUP($C89,Sheet2!$A$2:$B$5,2,0) -> 31 | E89: 1 | F89: =I89+L89+O89 -> 2 | G89: 43706 | H89: 43708 | I89: =_xlfn.DAYS(H89,G89) -> 2 | L89: =_xlfn.DAYS(K89,J89) -> 0 | O89: =_xlfn.DAYS(N89,M89) -> 0 | P89: White | Q89: Lacy panicle | R89: calculated by hand
A90: 87 | B90: Unique | C90: October | D90: =VLOOKUP($C90,Sheet2!$A$2:$B$5,2,0) -> 30 | E90: 1 | F90: =I90+L90+O90 -> 1 | I90: =_xlfn.DAYS(H90,G90) -> 0 | J90: 44118 | K90: 44119 | L90: =_xlfn.DAYS(K90,J90) -> 1 | O90: =_xlfn.DAYS(N90,M90) -> 0 | P90: White | Q90: Lacy panicle
A91: 88 | B91: Vanilla Strawberry | C91: August | D91: =VLOOKUP($C91,Sheet2!$A$2:$B$5,2,0) -> 31 | E91: 4 | F91: =I91+L91+O91 -> 17 | I91: =_xlfn.DAYS(H91,G91) -> 0 | J91: 44064 | K91: 44074 | L91: =_xlfn.DAYS(K91,J91) -> 10 | M91: 44413 | N91: 44420 | O91: =_xlfn.DAYS(N91,M91) -> 7 | P91: Pink-white | Q91: Mop-like panicle
A92: 89 | B92: Vanilla Strawberry | C92: September | D92: =VLOOKUP($C92,Sheet2!$A$2:$B$5,2,0) -> 30 | E92: 1 | F92: =I92+L92+O92 -> 20 | I92: =_xlfn.DAYS(H92,G92) -> 0 | J92: 44075 | K92: 44095 | L92: =_xlfn.DAYS(K92,J92) -> 20 | O92: =_xlfn.DAYS(N92,M92) -> 0 | P92: Pink-white | Q92: Mop-like panicle
A93: 90 | B93: White Diamonds | C93: July | D93: =VLOOKUP($C93,Sheet2!$A$2:$B$5,2,0) -> 31 | E93: 2 | F93: =I93+L93+O93 -> 6 | G93: 43672 | H93: 43677 | I93: =_xlfn.DAYS(H93,G93) -> 5 | J93: 44039 | K93: 44040 | L93: =_xlfn.DAYS(K93,J93) -> 1 | O93: =_xlfn.DAYS(N93,M93) -> 0 | P93: White | Q93: Mop-like panicle | R93: calculated by hand
A94: 91 | B94: White Diamonds | C94: August | D94: =VLOOKUP($C94,Sheet2!$A$2:$B$5,2,0) -> 31 | E94: 2 | F94: =I94+L94+O94 -> 30 | G94: 43678 | H94: 43708 | I94: =_xlfn.DAYS(H94,G94) -> 30 | L94: =_xlfn.DAYS(K94,J94) -> 0 | O94: =_xlfn.DAYS(N94,M94) -> 0 | P94: White | Q94: Mop-like panicle
A95: 92 | B95: White Diamonds | C95: September | D95: =VLOOKUP($C95,Sheet2!$A$2:$B$5,2,0) -> 30 | E95: 1 | F95: =I95+L95+O95 -> 29 | G95: 43709 | H95: 43738 | I95: =_xlfn.DAYS(H95,G95) -> 29 | L95: =_xlfn.DAYS(K95,J95) -> 0 | O95: =_xlfn.DAYS(N95,M95) -> 0 | P95: White | Q95: Mop-like panicle
A96: 93 | B96: White Moth | C96: July | D96: =VLOOKUP($C96,Sheet2!$A$2:$B$5,2,0) -> 31 | E96: 1 | F96: =I96+L96+O96 -> 2 | G96: 43676 | H96: 43677 | I96: =_xlfn.DAYS(H96,G96) -> 1 | L96: =_xlfn.DAYS(K96,J96) -> 0 | M96: 44413 | N96: 44414 | O96: =_xlfn.DAYS(N96,M96) -> 1 | P96: White | Q96: Lacy panicle
A97: 94 | B97: White Moth | C97: August | D97: =VLOOKUP($C97,Sheet2!$A$2:$B$5,2,0) -> 31 | E97: 1 | F97: =I97+L97+O97 -> 0 | I97: =_xlfn.DAYS(H97,G97) -> 0 | L97: =_xlfn.DAYS(K97,J97) -> 0 | O97: =_xlfn.DAYS(N97,M97) -> 0 | P97: White | Q97: Lacy panicle

Sheet Sheet2
A1: Month | B1: DaysInMonth
A2: July | B2: 31
A3: August | B3: 31
A4: September | B4: 30
A5: October | B5: 30
